CustomerID,CustomerName,City,Email,Phone
1,Customer_1,alex,cust0@example.com,0127570119
2,Customer_2,EGYPT,cust1@example.com,
3,Customer_3,EGYPT,cust2@example.com,0111886478
4,Customer_4,alex,cust3@example.com,0107754606
5,Customer_5,giza,cust4@example.com,0113748661
6,Customer_6,EGYPT,cust5@example.com,0121342848
7,Customer_7,Cairo,cust6@example.com,0113160121
8,Customer_8,Cairo,cust7@example.com,0126669206
9,Customer_9,cairo,cust8@example.com,0104107252
10,Customer_10,Alexandria,cust9@example.com,0118744328
11,Customer_11,giza,cust10@example.com,
12,Customer_12,Giza,cust11@example.com,0125990762
13,Customer_13,EGYPT,cust12@example.com,0114951084
14,Customer_14,Cairo,cust13@example.com,0106637194
15,Customer_15,alex,,0121523515
16,Customer_16,EGYPT,cust15@example.com,0126692824
17,Customer_17,Alexandria,cust16@example.com,
18,Customer_18,alex,cust17@example.com,0102053345
19,Customer_19,CAIRO,cust18@example.com,0123773242
20,Customer_20,CAIRO,cust19@example.com,0111226606
21,Customer_21,EGYPT,,0116701340
22,Customer_22,Alexandria,cust21@example.com,0129169139
23,Customer_23,giza,cust22@example.com,0104420012
24,Customer_24,EGYPT,cust23@example.com,0123461473
25,Customer_25,Cairo,cust24@example.com,0125006790
26,Customer_26,Egypt,cust25@example.com,0109051823
27,Customer_27,EGYPT,cust26@example.com,0126738617
28,Customer_28,EGYPT,,0112812841
29,Customer_29,alex,cust28@example.com,0125293518
30,Customer_30,Egypt,cust29@example.com,0113638656
31,Customer_31,Cairo,cust30@example.com,0115040907
32,Customer_32,EGYPT,cust31@example.com,0126748559
33,Customer_33,alex,cust32@example.com,0123169931
34,Customer_34,Alexandria,cust33@example.com,0104062523
35,Customer_35,EGYPT,cust34@example.com,0127122366
36,Customer_36,Egypt,cust35@example.com,0129538123
37,Customer_37,cairo,cust36@example.com,
38,Customer_38,Egypt,cust37@example.com,0108544827
39,Customer_39,CAIRO,cust38@example.com,
40,Customer_40,Cairo,cust39@example.com,0119804392
41,Customer_41,Giza,cust40@example.com,0129134948
42,Customer_42,EGYPT,cust41@example.com,
43,Customer_43,Egypt,cust42@example.com,0104906795
44,Customer_44,Giza,cust43@example.com,0127977025
45,Customer_45,alex,cust44@example.com,0116675604
46,Customer_46,cairo,cust45@example.com,0115315359
47,Customer_47,Cairo,cust46@example.com,0119767801
48,Customer_48,Egypt,cust47@example.com,0102842236
49,Customer_49,Giza,cust48@example.com,0121135020
50,Customer_50,cairo,cust49@example.com,0117307617
51,Customer_51,CAIRO,cust50@example.com,
52,Customer_52,Cairo,cust51@example.com,0121820605
53,Customer_53,Cairo,,0113700657
54,Customer_54,CAIRO,cust53@example.com,0108383549
55,Customer_55,EGYPT,cust54@example.com,0118582484
56,Customer_56,CAIRO,cust55@example.com,0101288878
57,Customer_57,Cairo,cust56@example.com,
58,Customer_58,Cairo,cust57@example.com,0107824494
59,Customer_59,Giza,cust58@example.com,0128015261
60,Customer_60,cairo,cust59@example.com,0129718137
61,Customer_61,CAIRO,cust60@example.com,0121927706
62,Customer_62,cairo,cust61@example.com,
63,Customer_63,CAIRO,cust62@example.com,0126855135
64,Customer_64,alex,cust63@example.com,0108548673
65,Customer_65,Cairo,cust64@example.com,0125702021
66,Customer_66,Giza,cust65@example.com,0126026375
67,Customer_67,cairo,cust66@example.com,0102018014
68,Customer_68,CAIRO,cust67@example.com,0107303490
69,Customer_69,giza,cust68@example.com,0102299354
70,Customer_70,alex,cust69@example.com,0107109140
71,Customer_71,Egypt,cust70@example.com,0104625134
72,Customer_72,EGYPT,cust71@example.com,0104309548
73,Customer_73,cairo,cust72@example.com,0101402989
74,Customer_74,Giza,cust73@example.com,0107542878
75,Customer_75,Egypt,cust74@example.com,0107074335
76,Customer_76,giza,,0115544444
77,Customer_77,EGYPT,cust76@example.com,
78,Customer_78,giza,cust77@example.com,0111194902
79,Customer_79,Egypt,cust78@example.com,0113646500
80,Customer_80,EGYPT,cust79@example.com,
81,Customer_81,giza,cust80@example.com,0102481501
82,Customer_82,Giza,cust81@example.com,0123854205
83,Customer_83,CAIRO,cust82@example.com,0115166026
84,Customer_84,Cairo,cust83@example.com,0107962604
85,Customer_85,CAIRO,cust84@example.com,0119844523
86,Customer_86,Egypt,cust85@example.com,0109757023
87,Customer_87,cairo,cust86@example.com,0118002037
88,Customer_88,Cairo,cust87@example.com,
89,Customer_89,alex,,0123260591
90,Customer_90,Giza,cust89@example.com,0125222855
91,Customer_91,alex,cust90@example.com,
92,Customer_92,EGYPT,cust91@example.com,0104355671
93,Customer_93,Cairo,cust92@example.com,0122915983
94,Customer_94,alex,cust93@example.com,0126040009
95,Customer_95,alex,cust94@example.com,0115038450
96,Customer_96,giza,cust95@example.com,0112001028
97,Customer_97,CAIRO,cust96@example.com,0103545064
98,Customer_98,giza,cust97@example.com,0127023462
99,Customer_99,Cairo,cust98@example.com,0119521055
100,Customer_100,Cairo,cust99@example.com,
101,Customer_101,Egypt,,0103372009
102,Customer_102,giza,cust101@example.com,
103,Customer_103,Alexandria,cust102@example.com,
104,Customer_104,CAIRO,cust103@example.com,0113873821
105,Customer_105,Cairo,cust104@example.com,0125229192
106,Customer_106,Egypt,,0116476945
107,Customer_107,giza,,0127196166
108,Customer_108,CAIRO,cust107@example.com,0129295930
109,Customer_109,giza,,0113555402
110,Customer_110,alex,cust109@example.com,0115328721
111,Customer_111,Egypt,cust110@example.com,0101924716
112,Customer_112,CAIRO,cust111@example.com,
113,Customer_113,EGYPT,cust112@example.com,
114,Customer_114,EGYPT,cust113@example.com,0122868031
115,Customer_115,CAIRO,cust114@example.com,0129441430
116,Customer_116,giza,cust115@example.com,0123564684
117,Customer_117,Egypt,cust116@example.com,0119934910
118,Customer_118,EGYPT,cust117@example.com,0105072509
119,Customer_119,Egypt,cust118@example.com,0103796745
120,Customer_120,EGYPT,cust119@example.com,0115083067
121,Customer_121,alex,cust120@example.com,0104156806
122,Customer_122,giza,cust121@example.com,0125365353
123,Customer_123,alex,,0129568463
124,Customer_124,EGYPT,cust123@example.com,0106029235
125,Customer_125,alex,cust124@example.com,0111523503
126,Customer_126,EGYPT,cust125@example.com,0113476901
127,Customer_127,CAIRO,cust126@example.com,0101566473
128,Customer_128,alex,cust127@example.com,
129,Customer_129,cairo,,0102269163
130,Customer_130,giza,cust129@example.com,0106973274
131,Customer_131,Cairo,cust130@example.com,0101063710
132,Customer_132,Alexandria,cust131@example.com,0124608002
133,Customer_133,alex,cust132@example.com,0102022131
134,Customer_134,Giza,cust133@example.com,0105847563
135,Customer_135,giza,cust134@example.com,0107340279
136,Customer_136,cairo,cust135@example.com,0117564541
137,Customer_137,cairo,cust136@example.com,0112866683
138,Customer_138,EGYPT,cust137@example.com,0115697633
139,Customer_139,EGYPT,cust138@example.com,0125103509
140,Customer_140,Alexandria,cust139@example.com,0116191709
141,Customer_141,CAIRO,cust140@example.com,
142,Customer_142,Giza,cust141@example.com,0113582201
143,Customer_143,Cairo,cust142@example.com,0126052039
144,Customer_144,Alexandria,cust143@example.com,0118175442
145,Customer_145,Egypt,cust144@example.com,0128359327
146,Customer_146,Cairo,cust145@example.com,
147,Customer_147,alex,cust146@example.com,
148,Customer_148,giza,cust147@example.com,
149,Customer_149,Egypt,cust148@example.com,
150,Customer_150,Egypt,cust149@example.com,0116494426
151,Customer_151,Alexandria,cust150@example.com,0114068212
152,Customer_152,CAIRO,cust151@example.com,0127669419
153,Customer_153,Alexandria,cust152@example.com,0103785547
154,Customer_154,alex,cust153@example.com,0109871892
155,Customer_155,CAIRO,cust154@example.com,0121919333
156,Customer_156,alex,cust155@example.com,
157,Customer_157,CAIRO,cust156@example.com,0121364912
158,Customer_158,cairo,cust157@example.com,0102067692
159,Customer_159,Egypt,cust158@example.com,
160,Customer_160,Giza,cust159@example.com,
161,Customer_161,giza,,0116377745
162,Customer_162,alex,cust161@example.com,0109548739
163,Customer_163,Cairo,cust162@example.com,0114591829
164,Customer_164,CAIRO,cust163@example.com,0106185898
165,Customer_165,giza,cust164@example.com,0116237764
166,Customer_166,Cairo,cust165@example.com,0107304757
167,Customer_167,giza,cust166@example.com,
168,Customer_168,Giza,cust167@example.com,0115859803
169,Customer_169,Cairo,cust168@example.com,0113580344
170,Customer_170,Alexandria,cust169@example.com,
171,Customer_171,EGYPT,cust170@example.com,
172,Customer_172,Alexandria,cust171@example.com,0118944882
173,Customer_173,EGYPT,cust172@example.com,0124633092
174,Customer_174,Alexandria,cust173@example.com,0103160115
175,Customer_175,EGYPT,cust174@example.com,
176,Customer_176,EGYPT,cust175@example.com,0121055305
177,Customer_177,Egypt,cust176@example.com,
178,Customer_178,CAIRO,cust177@example.com,0122633662
179,Customer_179,CAIRO,cust178@example.com,0108332933
180,Customer_180,Egypt,,0124076861
181,Customer_181,giza,cust180@example.com,
182,Customer_182,cairo,cust181@example.com,0109237394
183,Customer_183,giza,cust182@example.com,0128810228
184,Customer_184,Cairo,cust183@example.com,0125184325
185,Customer_185,Cairo,cust184@example.com,0127075800
186,Customer_186,EGYPT,cust185@example.com,0118319725
187,Customer_187,Alexandria,cust186@example.com,0127057623
188,Customer_188,Alexandria,,0113615636
189,Customer_189,CAIRO,cust188@example.com,
190,Customer_190,alex,cust189@example.com,0119897436
191,Customer_191,giza,,0117511773
192,Customer_192,Giza,cust191@example.com,0105280936
193,Customer_193,Alexandria,cust192@example.com,0101223797
194,Customer_194,Giza,,0106184911
195,Customer_195,EGYPT,cust194@example.com,0106740484
196,Customer_196,Giza,cust195@example.com,0117899517
197,Customer_197,Egypt,,0105272621
198,Customer_198,Giza,cust197@example.com,
199,Customer_199,cairo,cust198@example.com,0121406517
200,Customer_200,EGYPT,cust199@example.com,0114409497
201,Customer_201,giza,cust200@example.com,0128937777
202,Customer_202,Egypt,cust201@example.com,
203,Customer_203,Alexandria,cust202@example.com,0113846969
204,Customer_204,Cairo,cust203@example.com,
205,Customer_205,giza,cust204@example.com,0107552186
206,Customer_206,Cairo,cust205@example.com,0114158879
207,Customer_207,EGYPT,cust206@example.com,0128261087
208,Customer_208,Egypt,cust207@example.com,0117927569
209,Customer_209,CAIRO,cust208@example.com,0126634470
210,Customer_210,Alexandria,cust209@example.com,0125904147
211,Customer_211,cairo,cust210@example.com,0121700971
212,Customer_212,CAIRO,cust211@example.com,0106009692
213,Customer_213,EGYPT,,0128013488
214,Customer_214,giza,,0103839211
215,Customer_215,cairo,cust214@example.com,0122617847
216,Customer_216,Giza,,0119412092
217,Customer_217,cairo,cust216@example.com,0107844209
218,Customer_218,EGYPT,,
219,Customer_219,alex,cust218@example.com,
220,Customer_220,Giza,cust219@example.com,
221,Customer_221,Cairo,,0116802492
222,Customer_222,Alexandria,cust221@example.com,0119292760
223,Customer_223,Cairo,cust222@example.com,
224,Customer_224,cairo,cust223@example.com,0122154475
225,Customer_225,Cairo,cust224@example.com,0119865516
226,Customer_226,EGYPT,cust225@example.com,0112587977
227,Customer_227,giza,cust226@example.com,0126214371
228,Customer_228,Alexandria,cust227@example.com,0122564277
229,Customer_229,Cairo,cust228@example.com,0121434574
230,Customer_230,Cairo,,0116044677
231,Customer_231,cairo,,0116221884
232,Customer_232,giza,cust231@example.com,0105668683
233,Customer_233,CAIRO,cust232@example.com,0123446712
234,Customer_234,Cairo,cust233@example.com,
235,Customer_235,EGYPT,cust234@example.com,0107680476
236,Customer_236,alex,cust235@example.com,0104639271
237,Customer_237,Alexandria,cust236@example.com,0122196410
238,Customer_238,Cairo,cust237@example.com,0125805864
239,Customer_239,EGYPT,cust238@example.com,0114012050
240,Customer_240,EGYPT,cust239@example.com,0112263302
241,Customer_241,Alexandria,cust240@example.com,0127421142
242,Customer_242,CAIRO,cust241@example.com,0126939271
243,Customer_243,EGYPT,cust242@example.com,0111436037
244,Customer_244,alex,cust243@example.com,
245,Customer_245,EGYPT,cust244@example.com,0104444711
246,Customer_246,EGYPT,cust245@example.com,0112449285
247,Customer_247,EGYPT,cust246@example.com,0102499592
248,Customer_248,CAIRO,,0108664865
249,Customer_249,Cairo,cust248@example.com,0121183210
250,Customer_250,EGYPT,cust249@example.com,
251,Customer_251,giza,cust250@example.com,0101389783
252,Customer_252,Cairo,cust251@example.com,0122256509
253,Customer_253,CAIRO,cust252@example.com,
254,Customer_254,Egypt,cust253@example.com,0127268695
255,Customer_255,Cairo,cust254@example.com,0129158680
256,Customer_256,Cairo,cust255@example.com,0128569288
257,Customer_257,Giza,cust256@example.com,
258,Customer_258,cairo,cust257@example.com,0112286584
259,Customer_259,Giza,cust258@example.com,0126135951
260,Customer_260,alex,cust259@example.com,0117122621
261,Customer_261,cairo,cust260@example.com,
262,Customer_262,Alexandria,cust261@example.com,
263,Customer_263,Alexandria,cust262@example.com,0128785213
264,Customer_264,CAIRO,,0117754465
265,Customer_265,cairo,cust264@example.com,0117011053
266,Customer_266,Cairo,,0117751945
267,Customer_267,Alexandria,cust266@example.com,0102432606
268,Customer_268,EGYPT,cust267@example.com,0128163864
269,Customer_269,giza,cust268@example.com,
270,Customer_270,Cairo,cust269@example.com,0106708430
271,Customer_271,alex,cust270@example.com,0103557416
272,Customer_272,EGYPT,cust271@example.com,0127637808
273,Customer_273,EGYPT,cust272@example.com,0104294611
274,Customer_274,cairo,cust273@example.com,0102653285
275,Customer_275,CAIRO,cust274@example.com,0115910377
276,Customer_276,alex,cust275@example.com,
277,Customer_277,Alexandria,cust276@example.com,0104885757
278,Customer_278,cairo,cust277@example.com,0111664773
279,Customer_279,Alexandria,cust278@example.com,
280,Customer_280,cairo,cust279@example.com,0114688723
281,Customer_281,cairo,cust280@example.com,0129043851
282,Customer_282,cairo,cust281@example.com,0127932579
283,Customer_283,CAIRO,,0117244094
284,Customer_284,cairo,cust283@example.com,
285,Customer_285,Egypt,cust284@example.com,0117607496
286,Customer_286,giza,cust285@example.com,0126631423
287,Customer_287,Alexandria,cust286@example.com,0117486940
288,Customer_288,Cairo,,0121512188
289,Customer_289,Giza,cust288@example.com,0126228174
290,Customer_290,alex,cust289@example.com,
291,Customer_291,CAIRO,,0123667440
292,Customer_292,Cairo,cust291@example.com,0103764920
293,Customer_293,EGYPT,cust292@example.com,0118977002
294,Customer_294,Egypt,cust293@example.com,0111818496
295,Customer_295,Giza,cust294@example.com,0117671923
296,Customer_296,Cairo,cust295@example.com,0118934740
297,Customer_297,Cairo,cust296@example.com,0101688671
298,Customer_298,Egypt,cust297@example.com,0124410387
299,Customer_299,Giza,cust298@example.com,0117187499
300,Customer_300,EGYPT,cust299@example.com,0119430713
301,Customer_301,cairo,cust300@example.com,0123510306
302,Customer_302,Alexandria,cust301@example.com,0118043766
303,Customer_303,EGYPT,cust302@example.com,
304,Customer_304,cairo,cust303@example.com,0117803286
305,Customer_305,CAIRO,cust304@example.com,0124872542
306,Customer_306,giza,cust305@example.com,0104474375
307,Customer_307,alex,cust306@example.com,0112472619
308,Customer_308,alex,cust307@example.com,0121129088
309,Customer_309,Alexandria,cust308@example.com,0129120033
310,Customer_310,Giza,cust309@example.com,0128490037
311,Customer_311,Egypt,cust310@example.com,
312,Customer_312,Giza,,0127703432
313,Customer_313,Egypt,,0111404098
314,Customer_314,Giza,cust313@example.com,0102543073
315,Customer_315,giza,cust314@example.com,0114515175
316,Customer_316,CAIRO,,0109159789
317,Customer_317,CAIRO,,0127843587
318,Customer_318,cairo,cust317@example.com,0107254891
319,Customer_319,CAIRO,cust318@example.com,0117480757
320,Customer_320,CAIRO,cust319@example.com,0109728135
321,Customer_321,EGYPT,cust320@example.com,0104983429
322,Customer_322,EGYPT,cust321@example.com,0124319480
323,Customer_323,cairo,cust322@example.com,0119439550
324,Customer_324,Alexandria,cust323@example.com,0102609958
325,Customer_325,EGYPT,,
326,Customer_326,Alexandria,cust325@example.com,0101722878
327,Customer_327,Cairo,cust326@example.com,0115603334
328,Customer_328,EGYPT,cust327@example.com,0123280284
329,Customer_329,giza,,0101669855
330,Customer_330,cairo,cust329@example.com,
331,Customer_331,Cairo,cust330@example.com,0102872273
332,Customer_332,giza,,
333,Customer_333,giza,cust332@example.com,0116294368
334,Customer_334,giza,cust333@example.com,0123691573
335,Customer_335,Alexandria,cust334@example.com,0118515202
336,Customer_336,Giza,cust335@example.com,0125388410
337,Customer_337,Cairo,cust336@example.com,
338,Customer_338,Egypt,cust337@example.com,0109857831
339,Customer_339,Cairo,,0104151316
340,Customer_340,Giza,cust339@example.com,0108357911
341,Customer_341,Cairo,cust340@example.com,0123628738
342,Customer_342,CAIRO,cust341@example.com,0112076886
343,Customer_343,Egypt,cust342@example.com,0101811508
344,Customer_344,Giza,cust343@example.com,
345,Customer_345,Alexandria,cust344@example.com,0112588664
346,Customer_346,alex,cust345@example.com,
347,Customer_347,Giza,cust346@example.com,
348,Customer_348,cairo,cust347@example.com,0104020144
349,Customer_349,Giza,cust348@example.com,0122694041
350,Customer_350,CAIRO,cust349@example.com,0121314582
351,Customer_351,alex,cust350@example.com,0112836868
352,Customer_352,CAIRO,cust351@example.com,0127119338
353,Customer_353,alex,cust352@example.com,0101724268
354,Customer_354,cairo,cust353@example.com,0116900389
355,Customer_355,Alexandria,cust354@example.com,
356,Customer_356,CAIRO,cust355@example.com,0108842915
357,Customer_357,CAIRO,cust356@example.com,0124798823
358,Customer_358,giza,cust357@example.com,0127798571
359,Customer_359,alex,cust358@example.com,0105577812
360,Customer_360,EGYPT,,
361,Customer_361,alex,cust360@example.com,0122983287
362,Customer_362,giza,cust361@example.com,0109902468
363,Customer_363,Cairo,cust362@example.com,0104269548
364,Customer_364,alex,cust363@example.com,0111865811
365,Customer_365,Alexandria,,0108185765
366,Customer_366,giza,cust365@example.com,0101456914
367,Customer_367,Cairo,cust366@example.com,
368,Customer_368,Egypt,cust367@example.com,0105632962
369,Customer_369,giza,cust368@example.com,0127626883
370,Customer_370,Egypt,cust369@example.com,0128948484
371,Customer_371,CAIRO,cust370@example.com,
372,Customer_372,giza,cust371@example.com,0118363055
373,Customer_373,cairo,cust372@example.com,
374,Customer_374,Egypt,cust373@example.com,0119392651
375,Customer_375,Alexandria,cust374@example.com,0113846034
376,Customer_376,cairo,cust375@example.com,0116744996
377,Customer_377,Giza,cust376@example.com,0108765896
378,Customer_378,Giza,cust377@example.com,0106954488
379,Customer_379,Cairo,cust378@example.com,
380,Customer_380,CAIRO,cust379@example.com,0101410805
381,Customer_381,giza,cust380@example.com,0125054611
382,Customer_382,EGYPT,cust381@example.com,0105329323
383,Customer_383,Alexandria,cust382@example.com,0129630188
384,Customer_384,Egypt,cust383@example.com,0117755129
385,Customer_385,cairo,cust384@example.com,0126730233
386,Customer_386,Giza,cust385@example.com,0114277935
387,Customer_387,Alexandria,cust386@example.com,0117028866
388,Customer_388,EGYPT,cust387@example.com,0102104479
389,Customer_389,giza,cust388@example.com,0127805293
390,Customer_390,Cairo,cust389@example.com,
391,Customer_391,EGYPT,cust390@example.com,0125524354
392,Customer_392,Alexandria,cust391@example.com,0123629195
393,Customer_393,EGYPT,cust392@example.com,0127215945
394,Customer_394,Alexandria,cust393@example.com,0113771421
395,Customer_395,Alexandria,cust394@example.com,0124898179
396,Customer_396,alex,cust395@example.com,0129277721
397,Customer_397,Egypt,cust396@example.com,0108196817
398,Customer_398,Giza,cust397@example.com,
399,Customer_399,alex,cust398@example.com,0106711737
400,Customer_400,giza,cust399@example.com,0109574765
401,Customer_401,alex,,
402,Customer_402,CAIRO,cust401@example.com,
403,Customer_403,CAIRO,cust402@example.com,0103690576
404,Customer_404,Giza,cust403@example.com,0121169022
405,Customer_405,EGYPT,cust404@example.com,0111446383
406,Customer_406,Egypt,cust405@example.com,0116463699
407,Customer_407,Giza,cust406@example.com,0128600167
408,Customer_408,Alexandria,cust407@example.com,0104812532
409,Customer_409,cairo,cust408@example.com,0116164260
410,Customer_410,Egypt,cust409@example.com,0102025223
411,Customer_411,Egypt,cust410@example.com,
412,Customer_412,Alexandria,cust411@example.com,
413,Customer_413,Alexandria,cust412@example.com,0125984655
414,Customer_414,Cairo,cust413@example.com,0104501793
415,Customer_415,Giza,cust414@example.com,0122724035
416,Customer_416,Alexandria,cust415@example.com,0115932189
417,Customer_417,CAIRO,cust416@example.com,0114777873
418,Customer_418,giza,cust417@example.com,0101212488
419,Customer_419,cairo,cust418@example.com,0103594101
420,Customer_420,Giza,cust419@example.com,
421,Customer_421,CAIRO,cust420@example.com,0126266524
422,Customer_422,EGYPT,cust421@example.com,
423,Customer_423,Alexandria,cust422@example.com,0121552666
424,Customer_424,Alexandria,cust423@example.com,0101764719
425,Customer_425,Egypt,cust424@example.com,0115965168
426,Customer_426,CAIRO,cust425@example.com,0111040306
427,Customer_427,Egypt,cust426@example.com,0109972025
428,Customer_428,Cairo,cust427@example.com,0106515836
429,Customer_429,Egypt,cust428@example.com,0117166393
430,Customer_430,Cairo,cust429@example.com,0117448382
431,Customer_431,Cairo,cust430@example.com,0103944361
432,Customer_432,Alexandria,cust431@example.com,0114508798
433,Customer_433,EGYPT,cust432@example.com,0123784533
434,Customer_434,Egypt,cust433@example.com,0119983817
435,Customer_435,CAIRO,cust434@example.com,0106823881
436,Customer_436,Cairo,cust435@example.com,0129205050
437,Customer_437,Alexandria,cust436@example.com,0111404667
438,Customer_438,cairo,cust437@example.com,0113981885
439,Customer_439,Giza,cust438@example.com,
440,Customer_440,EGYPT,cust439@example.com,0107270817
441,Customer_441,alex,cust440@example.com,0109058622
442,Customer_442,cairo,cust441@example.com,0103887283
443,Customer_443,Giza,cust442@example.com,0119575731
444,Customer_444,cairo,,0127864360
445,Customer_445,Egypt,cust444@example.com,0127733243
446,Customer_446,Cairo,cust445@example.com,
447,Customer_447,EGYPT,cust446@example.com,0109449993
448,Customer_448,giza,cust447@example.com,
449,Customer_449,Cairo,cust448@example.com,0121253156
450,Customer_450,giza,cust449@example.com,0117242814
451,Customer_451,Giza,cust450@example.com,0111093111
452,Customer_452,Alexandria,cust451@example.com,0115315687
453,Customer_453,alex,cust452@example.com,0114050061
454,Customer_454,CAIRO,cust453@example.com,0103417476
455,Customer_455,Cairo,cust454@example.com,0127350878
456,Customer_456,EGYPT,cust455@example.com,0117447703
457,Customer_457,cairo,cust456@example.com,0112431752
458,Customer_458,EGYPT,cust457@example.com,0111895139
459,Customer_459,Giza,cust458@example.com,0112466669
460,Customer_460,giza,cust459@example.com,0119871942
461,Customer_461,cairo,cust460@example.com,0124915596
462,Customer_462,CAIRO,,0112076667
463,Customer_463,CAIRO,cust462@example.com,0107873505
464,Customer_464,Cairo,cust463@example.com,0129648047
465,Customer_465,Giza,,0129325080
466,Customer_466,Alexandria,,
467,Customer_467,Giza,cust466@example.com,0115063533
468,Customer_468,giza,cust467@example.com,0109419341
469,Customer_469,EGYPT,cust468@example.com,0112431548
470,Customer_470,CAIRO,cust469@example.com,0108279488
471,Customer_471,EGYPT,cust470@example.com,0129053538
472,Customer_472,EGYPT,cust471@example.com,0104738483
473,Customer_473,EGYPT,cust472@example.com,0128954484
474,Customer_474,CAIRO,cust473@example.com,0108845053
475,Customer_475,Egypt,cust474@example.com,0112115535
476,Customer_476,giza,cust475@example.com,0105743790
477,Customer_477,giza,cust476@example.com,
478,Customer_478,cairo,cust477@example.com,0111734444
479,Customer_479,Giza,cust478@example.com,0128757191
480,Customer_480,Giza,cust479@example.com,0106259308
481,Customer_481,alex,cust480@example.com,0109009821
482,Customer_482,Giza,cust481@example.com,0117049479
483,Customer_483,CAIRO,cust482@example.com,0113073537
484,Customer_484,Alexandria,cust483@example.com,0122901647
485,Customer_485,Cairo,cust484@example.com,0111390380
486,Customer_486,alex,cust485@example.com,0123041934
487,Customer_487,Cairo,cust486@example.com,0109285665
488,Customer_488,giza,cust487@example.com,0125283681
489,Customer_489,Cairo,cust488@example.com,0119936691
490,Customer_490,Cairo,,0113000317
491,Customer_491,alex,cust490@example.com,0106121632
492,Customer_492,cairo,cust491@example.com,0102686033
493,Customer_493,EGYPT,cust492@example.com,
494,Customer_494,Giza,cust493@example.com,0121306771
495,Customer_495,Giza,cust494@example.com,0124297608
496,Customer_496,CAIRO,cust495@example.com,0128424493
497,Customer_497,alex,cust496@example.com,0105521111
498,Customer_498,CAIRO,cust497@example.com,
499,Customer_499,Alexandria,cust498@example.com,0127009059
500,Customer_500,Alexandria,cust499@example.com,0112820289
501,Customer_501,CAIRO,,0129420192
502,Customer_502,alex,,0102804665
503,Customer_503,CAIRO,cust502@example.com,
504,Customer_504,Giza,cust503@example.com,0109176877
505,Customer_505,Egypt,cust504@example.com,0128291454
506,Customer_506,Cairo,cust505@example.com,0117601190
507,Customer_507,Egypt,cust506@example.com,0108303946
508,Customer_508,alex,,0126692208
509,Customer_509,Egypt,cust508@example.com,0103798369
510,Customer_510,Alexandria,cust509@example.com,0128828498
511,Customer_511,giza,cust510@example.com,0128596829
512,Customer_512,Cairo,cust511@example.com,
513,Customer_513,EGYPT,cust512@example.com,0125077089
514,Customer_514,alex,cust513@example.com,
515,Customer_515,Cairo,,0122398591
516,Customer_516,Egypt,cust515@example.com,0101960425
517,Customer_517,Alexandria,cust516@example.com,0126690298
518,Customer_518,cairo,cust517@example.com,
519,Customer_519,EGYPT,cust518@example.com,0109749033
520,Customer_520,Cairo,cust519@example.com,0104650451
521,Customer_521,Alexandria,,0127003009
522,Customer_522,Alexandria,cust521@example.com,0125194604
523,Customer_523,Egypt,cust522@example.com,0105293234
524,Customer_524,Giza,cust523@example.com,0127946530
525,Customer_525,Egypt,,0127825748
526,Customer_526,Giza,cust525@example.com,0103890968
527,Customer_527,Giza,cust526@example.com,0127562752
528,Customer_528,EGYPT,cust527@example.com,
529,Customer_529,Egypt,cust528@example.com,0101904106
530,Customer_530,cairo,cust529@example.com,0119911692
531,Customer_531,CAIRO,cust530@example.com,0126894040
532,Customer_532,CAIRO,cust531@example.com,0101235756
533,Customer_533,Egypt,cust532@example.com,0127390855
534,Customer_534,Egypt,cust533@example.com,0125918278
535,Customer_535,EGYPT,cust534@example.com,0123547574
536,Customer_536,Egypt,cust535@example.com,
537,Customer_537,Giza,cust536@example.com,0121498667
538,Customer_538,Alexandria,cust537@example.com,
539,Customer_539,Alexandria,cust538@example.com,0106271242
540,Customer_540,Giza,cust539@example.com,0107985586
541,Customer_541,alex,cust540@example.com,
542,Customer_542,Giza,cust541@example.com,0105796402
543,Customer_543,cairo,cust542@example.com,0111959951
544,Customer_544,giza,cust543@example.com,0112201549
545,Customer_545,Cairo,cust544@example.com,0114618968
546,Customer_546,Giza,cust545@example.com,0125832144
547,Customer_547,Egypt,cust546@example.com,0114767671
548,Customer_548,Egypt,,0123223447
549,Customer_549,EGYPT,cust548@example.com,
550,Customer_550,Giza,cust549@example.com,0119872443
551,Customer_551,EGYPT,cust550@example.com,0122028711
552,Customer_552,Giza,cust551@example.com,0121493842
553,Customer_553,Cairo,cust552@example.com,0107093046
554,Customer_554,giza,cust553@example.com,0122675222
555,Customer_555,Alexandria,,0115828678
556,Customer_556,CAIRO,cust555@example.com,0126663028
557,Customer_557,Giza,cust556@example.com,0105559973
558,Customer_558,giza,cust557@example.com,0109519837
559,Customer_559,Alexandria,cust558@example.com,0117776033
560,Customer_560,alex,cust559@example.com,0115965148
561,Customer_561,Cairo,cust560@example.com,0121687890
562,Customer_562,EGYPT,cust561@example.com,0118611702
563,Customer_563,EGYPT,cust562@example.com,0124900508
564,Customer_564,Egypt,cust563@example.com,0129566231
565,Customer_565,Alexandria,cust564@example.com,0127918703
566,Customer_566,alex,cust565@example.com,0114453545
567,Customer_567,giza,cust566@example.com,0109973682
568,Customer_568,Cairo,cust567@example.com,
569,Customer_569,Alexandria,cust568@example.com,0119317982
570,Customer_570,alex,cust569@example.com,0104042431
571,Customer_571,CAIRO,cust570@example.com,0114731477
572,Customer_572,Giza,cust571@example.com,0108942617
573,Customer_573,EGYPT,cust572@example.com,0111269131
574,Customer_574,giza,cust573@example.com,0119755746
575,Customer_575,EGYPT,cust574@example.com,0119800924
576,Customer_576,giza,cust575@example.com,0127277849
577,Customer_577,Egypt,cust576@example.com,0105301275
578,Customer_578,giza,cust577@example.com,0118463962
579,Customer_579,EGYPT,cust578@example.com,0126274084
580,Customer_580,giza,,0113263592
581,Customer_581,CAIRO,cust580@example.com,0108535236
582,Customer_582,Egypt,cust581@example.com,0106938951
583,Customer_583,giza,cust582@example.com,0104015817
584,Customer_584,Alexandria,cust583@example.com,0109242952
585,Customer_585,cairo,cust584@example.com,0102369889
586,Customer_586,alex,cust585@example.com,0116234803
587,Customer_587,cairo,cust586@example.com,0102673726
588,Customer_588,cairo,cust587@example.com,0113675193
589,Customer_589,Cairo,cust588@example.com,0106514529
590,Customer_590,CAIRO,cust589@example.com,0128735516
591,Customer_591,Alexandria,cust590@example.com,0109366090
592,Customer_592,Giza,cust591@example.com,0111716257
593,Customer_593,giza,,0105541224
594,Customer_594,alex,cust593@example.com,0114536817
595,Customer_595,Egypt,cust594@example.com,0123015767
596,Customer_596,Alexandria,cust595@example.com,0103352405
597,Customer_597,EGYPT,cust596@example.com,
598,Customer_598,Giza,cust597@example.com,0119875066
599,Customer_599,Cairo,cust598@example.com,
600,Customer_600,Cairo,cust599@example.com,
601,Customer_601,Alexandria,cust600@example.com,0114257774
602,Customer_602,cairo,cust601@example.com,0111929573
603,Customer_603,EGYPT,,0102912862
604,Customer_604,Cairo,cust603@example.com,0101593826
605,Customer_605,alex,cust604@example.com,0119900818
606,Customer_606,Cairo,cust605@example.com,0129434169
607,Customer_607,Egypt,,0119618410
608,Customer_608,giza,cust607@example.com,0109879214
609,Customer_609,Cairo,cust608@example.com,0121720594
610,Customer_610,Egypt,cust609@example.com,0109713883
611,Customer_611,Alexandria,cust610@example.com,0109159908
612,Customer_612,Alexandria,cust611@example.com,0126193381
613,Customer_613,Giza,cust612@example.com,0129152704
614,Customer_614,Cairo,cust613@example.com,0118240289
615,Customer_615,alex,cust614@example.com,0103560557
616,Customer_616,Cairo,cust615@example.com,
617,Customer_617,alex,cust616@example.com,
618,Customer_618,CAIRO,cust617@example.com,0101965166
619,Customer_619,Giza,cust618@example.com,0106786544
620,Customer_620,CAIRO,cust619@example.com,0129008209
621,Customer_621,Cairo,cust620@example.com,0118219669
622,Customer_622,Giza,,
623,Customer_623,CAIRO,cust622@example.com,0126023215
624,Customer_624,cairo,cust623@example.com,0111530311
625,Customer_625,Cairo,cust624@example.com,0104886674
626,Customer_626,CAIRO,cust625@example.com,0107185646
627,Customer_627,cairo,cust626@example.com,0124315734
628,Customer_628,cairo,cust627@example.com,0117652713
629,Customer_629,Alexandria,cust628@example.com,0108790779
630,Customer_630,Cairo,cust629@example.com,0106981285
631,Customer_631,cairo,cust630@example.com,0106311934
632,Customer_632,Alexandria,cust631@example.com,
633,Customer_633,CAIRO,cust632@example.com,0122095778
634,Customer_634,Egypt,cust633@example.com,0114681105
635,Customer_635,Cairo,cust634@example.com,0102293313
636,Customer_636,Giza,cust635@example.com,0114190460
637,Customer_637,alex,cust636@example.com,0109898909
638,Customer_638,alex,cust637@example.com,0123571008
639,Customer_639,CAIRO,cust638@example.com,0124119885
640,Customer_640,CAIRO,cust639@example.com,0108775658
641,Customer_641,cairo,cust640@example.com,0119997717
642,Customer_642,Cairo,cust641@example.com,
643,Customer_643,alex,cust642@example.com,
644,Customer_644,alex,cust643@example.com,0109767038
645,Customer_645,cairo,cust644@example.com,0113208709
646,Customer_646,alex,cust645@example.com,0112939924
647,Customer_647,Giza,cust646@example.com,0109613305
648,Customer_648,Cairo,cust647@example.com,0119499281
649,Customer_649,giza,cust648@example.com,0104903001
650,Customer_650,alex,cust649@example.com,0124874747
651,Customer_651,CAIRO,cust650@example.com,0121287003
652,Customer_652,Giza,cust651@example.com,0122699720
653,Customer_653,alex,cust652@example.com,0105227395
654,Customer_654,Giza,cust653@example.com,0102590172
655,Customer_655,Alexandria,cust654@example.com,0127071335
656,Customer_656,giza,cust655@example.com,0122509759
657,Customer_657,EGYPT,cust656@example.com,0108455526
658,Customer_658,CAIRO,cust657@example.com,0121725371
659,Customer_659,CAIRO,cust658@example.com,
660,Customer_660,Cairo,cust659@example.com,0105217134
661,Customer_661,Giza,,
662,Customer_662,cairo,cust661@example.com,0125640235
663,Customer_663,CAIRO,cust662@example.com,
664,Customer_664,Giza,cust663@example.com,
665,Customer_665,Giza,cust664@example.com,0116190604
666,Customer_666,Egypt,cust665@example.com,
667,Customer_667,Egypt,cust666@example.com,0114757525
668,Customer_668,EGYPT,cust667@example.com,0106608750
669,Customer_669,Alexandria,cust668@example.com,0112156269
670,Customer_670,EGYPT,cust669@example.com,0114965276
671,Customer_671,alex,cust670@example.com,0115064419
672,Customer_672,cairo,cust671@example.com,0128024080
673,Customer_673,alex,cust672@example.com,0105448254
674,Customer_674,alex,cust673@example.com,0116399267
675,Customer_675,Cairo,cust674@example.com,0105672058
676,Customer_676,alex,,
677,Customer_677,EGYPT,cust676@example.com,0101675201
678,Customer_678,CAIRO,cust677@example.com,0125050742
679,Customer_679,CAIRO,cust678@example.com,0123447261
680,Customer_680,Egypt,cust679@example.com,0104754115
681,Customer_681,cairo,cust680@example.com,0112364278
682,Customer_682,cairo,,
683,Customer_683,Cairo,,0121616794
684,Customer_684,EGYPT,cust683@example.com,0105589913
685,Customer_685,Egypt,cust684@example.com,0122161350
686,Customer_686,cairo,cust685@example.com,
687,Customer_687,CAIRO,cust686@example.com,
688,Customer_688,alex,,0121393147
689,Customer_689,alex,cust688@example.com,0106993336
690,Customer_690,Egypt,cust689@example.com,0118553417
691,Customer_691,EGYPT,cust690@example.com,
692,Customer_692,EGYPT,,0109328100
693,Customer_693,Alexandria,cust692@example.com,0127316268
694,Customer_694,giza,cust693@example.com,0118343337
695,Customer_695,cairo,cust694@example.com,
696,Customer_696,EGYPT,cust695@example.com,0126038813
697,Customer_697,CAIRO,cust696@example.com,
698,Customer_698,Egypt,cust697@example.com,0122612411
699,Customer_699,Alexandria,cust698@example.com,0128403085
700,Customer_700,Giza,cust699@example.com,0122394402
701,Customer_701,Cairo,cust700@example.com,0103415133
702,Customer_702,Giza,cust701@example.com,0107663365
703,Customer_703,alex,cust702@example.com,0118692179
704,Customer_704,Cairo,cust703@example.com,0111112670
705,Customer_705,cairo,cust704@example.com,0104876934
706,Customer_706,CAIRO,cust705@example.com,0121718526
707,Customer_707,Cairo,,0113955065
708,Customer_708,giza,cust707@example.com,0123712536
709,Customer_709,Giza,cust708@example.com,0111836018
710,Customer_710,cairo,cust709@example.com,0118056055
711,Customer_711,giza,cust710@example.com,0124594536
712,Customer_712,alex,cust711@example.com,0101610593
713,Customer_713,giza,cust712@example.com,0125212705
714,Customer_714,Alexandria,cust713@example.com,0128706845
715,Customer_715,Alexandria,cust714@example.com,
716,Customer_716,Egypt,cust715@example.com,0123282051
717,Customer_717,cairo,cust716@example.com,0129807328
718,Customer_718,alex,cust717@example.com,
719,Customer_719,EGYPT,cust718@example.com,0127952985
720,Customer_720,Alexandria,cust719@example.com,
721,Customer_721,cairo,cust720@example.com,0127275162
722,Customer_722,EGYPT,cust721@example.com,0104795541
723,Customer_723,Egypt,cust722@example.com,
724,Customer_724,giza,cust723@example.com,0103204617
725,Customer_725,Alexandria,cust724@example.com,0125621605
726,Customer_726,cairo,cust725@example.com,0126882125
727,Customer_727,Cairo,cust726@example.com,
728,Customer_728,EGYPT,cust727@example.com,
729,Customer_729,giza,cust728@example.com,0102890052
730,Customer_730,Alexandria,cust729@example.com,0121933005
731,Customer_731,alex,cust730@example.com,0102025284
732,Customer_732,EGYPT,cust731@example.com,0112770470
733,Customer_733,Alexandria,cust732@example.com,0112044587
734,Customer_734,EGYPT,cust733@example.com,0129106043
735,Customer_735,giza,cust734@example.com,
736,Customer_736,Alexandria,cust735@example.com,0109497781
737,Customer_737,Giza,cust736@example.com,0102797149
738,Customer_738,cairo,cust737@example.com,0126627389
739,Customer_739,giza,cust738@example.com,0119146802
740,Customer_740,EGYPT,cust739@example.com,0123244134
741,Customer_741,alex,cust740@example.com,0108318141
742,Customer_742,Cairo,cust741@example.com,0116975150
743,Customer_743,EGYPT,cust742@example.com,0127119045
744,Customer_744,cairo,cust743@example.com,0103365896
745,Customer_745,Alexandria,cust744@example.com,0109294654
746,Customer_746,Cairo,cust745@example.com,0106008502
747,Customer_747,CAIRO,cust746@example.com,0128880506
748,Customer_748,EGYPT,cust747@example.com,0124956136
749,Customer_749,Egypt,cust748@example.com,0121226517
750,Customer_750,CAIRO,cust749@example.com,
751,Customer_751,EGYPT,cust750@example.com,0119243276
752,Customer_752,Giza,,0119614925
753,Customer_753,Egypt,cust752@example.com,0128003717
754,Customer_754,Cairo,,0122815229
755,Customer_755,alex,,0107642478
756,Customer_756,Giza,cust755@example.com,0125314099
757,Customer_757,CAIRO,cust756@example.com,0129269377
758,Customer_758,Alexandria,cust757@example.com,0119023789
759,Customer_759,cairo,cust758@example.com,
760,Customer_760,alex,cust759@example.com,0113145575
761,Customer_761,Giza,cust760@example.com,0118279161
762,Customer_762,Alexandria,cust761@example.com,0124650564
763,Customer_763,Alexandria,cust762@example.com,0122193493
764,Customer_764,EGYPT,cust763@example.com,0127547253
765,Customer_765,Giza,cust764@example.com,0113540285
766,Customer_766,Cairo,cust765@example.com,0129638969
767,Customer_767,Egypt,cust766@example.com,0107467827
768,Customer_768,Egypt,cust767@example.com,0124612216
769,Customer_769,CAIRO,cust768@example.com,
770,Customer_770,CAIRO,cust769@example.com,
771,Customer_771,Egypt,cust770@example.com,0129592733
772,Customer_772,Cairo,cust771@example.com,0114589086
773,Customer_773,cairo,cust772@example.com,0105083921
774,Customer_774,giza,cust773@example.com,0116844018
775,Customer_775,cairo,cust774@example.com,
776,Customer_776,EGYPT,cust775@example.com,0103752824
777,Customer_777,giza,cust776@example.com,
778,Customer_778,giza,cust777@example.com,0124084549
779,Customer_779,Giza,cust778@example.com,0112568955
780,Customer_780,Cairo,cust779@example.com,0123033774
781,Customer_781,Cairo,cust780@example.com,0101090338
782,Customer_782,giza,cust781@example.com,0111388339
783,Customer_783,Giza,cust782@example.com,0123645646
784,Customer_784,giza,,
785,Customer_785,alex,cust784@example.com,0117299996
786,Customer_786,CAIRO,cust785@example.com,0126647149
787,Customer_787,CAIRO,cust786@example.com,
788,Customer_788,cairo,cust787@example.com,0113182840
789,Customer_789,EGYPT,,0119271888
790,Customer_790,CAIRO,cust789@example.com,0114417220
791,Customer_791,Alexandria,cust790@example.com,0104715677
792,Customer_792,cairo,cust791@example.com,0107414737
793,Customer_793,CAIRO,cust792@example.com,0117086131
794,Customer_794,EGYPT,cust793@example.com,
795,Customer_795,Cairo,cust794@example.com,0103687380
796,Customer_796,Cairo,cust795@example.com,0108221214
797,Customer_797,giza,cust796@example.com,0128437138
798,Customer_798,alex,cust797@example.com,0102170385
799,Customer_799,Cairo,cust798@example.com,0106722896
800,Customer_800,Giza,cust799@example.com,0109811010
801,Customer_801,CAIRO,cust800@example.com,0108076422
802,Customer_802,Giza,cust801@example.com,0114178674
803,Customer_803,EGYPT,cust802@example.com,0104669156
804,Customer_804,Cairo,cust803@example.com,0103555697
805,Customer_805,alex,cust804@example.com,0128769104
806,Customer_806,EGYPT,cust805@example.com,0114284620
807,Customer_807,Alexandria,cust806@example.com,0119381314
808,Customer_808,Alexandria,cust807@example.com,
809,Customer_809,Giza,cust808@example.com,0115428680
810,Customer_810,giza,cust809@example.com,0129231036
811,Customer_811,cairo,cust810@example.com,0113166029
812,Customer_812,giza,cust811@example.com,0121981853
813,Customer_813,giza,,0107642959
814,Customer_814,alex,cust813@example.com,0104446893
815,Customer_815,Cairo,cust814@example.com,0101193462
816,Customer_816,alex,cust815@example.com,
817,Customer_817,EGYPT,,0107601117
818,Customer_818,Alexandria,cust817@example.com,0129316711
819,Customer_819,alex,cust818@example.com,0104195476
820,Customer_820,EGYPT,cust819@example.com,0116922074
821,Customer_821,alex,cust820@example.com,
822,Customer_822,giza,,0121361381
823,Customer_823,CAIRO,cust822@example.com,0121807528
824,Customer_824,Giza,cust823@example.com,0116451338
825,Customer_825,cairo,cust824@example.com,0113468150
826,Customer_826,alex,cust825@example.com,0125791747
827,Customer_827,cairo,cust826@example.com,0113761207
828,Customer_828,Egypt,cust827@example.com,0119992955
829,Customer_829,alex,cust828@example.com,0108881745
830,Customer_830,CAIRO,cust829@example.com,0105143650
831,Customer_831,cairo,,
832,Customer_832,alex,cust831@example.com,0112770509
833,Customer_833,Cairo,cust832@example.com,0103862893
834,Customer_834,Giza,cust833@example.com,0122991866
835,Customer_835,CAIRO,cust834@example.com,0113119967
836,Customer_836,cairo,cust835@example.com,
837,Customer_837,CAIRO,cust836@example.com,0102088457
838,Customer_838,EGYPT,cust837@example.com,0123597802
839,Customer_839,Giza,cust838@example.com,0111145529
840,Customer_840,alex,cust839@example.com,0113133243
841,Customer_841,alex,cust840@example.com,0105923133
842,Customer_842,alex,cust841@example.com,0116047245
843,Customer_843,Giza,cust842@example.com,
844,Customer_844,Cairo,cust843@example.com,0124030393
845,Customer_845,Egypt,cust844@example.com,0117300897
846,Customer_846,Alexandria,cust845@example.com,0116035171
847,Customer_847,giza,cust846@example.com,0112682161
848,Customer_848,cairo,cust847@example.com,0113368586
849,Customer_849,Cairo,cust848@example.com,0119651809
850,Customer_850,cairo,cust849@example.com,0116758387
851,Customer_851,alex,cust850@example.com,0114719046
852,Customer_852,CAIRO,cust851@example.com,
853,Customer_853,cairo,cust852@example.com,
854,Customer_854,alex,cust853@example.com,0103212990
855,Customer_855,cairo,cust854@example.com,0121244745
856,Customer_856,CAIRO,cust855@example.com,
857,Customer_857,alex,cust856@example.com,0112282654
858,Customer_858,Egypt,cust857@example.com,0123309341
859,Customer_859,Cairo,cust858@example.com,0109444334
860,Customer_860,EGYPT,cust859@example.com,0107808218
861,Customer_861,giza,cust860@example.com,0103608955
862,Customer_862,Giza,cust861@example.com,0116952898
863,Customer_863,giza,cust862@example.com,
864,Customer_864,giza,cust863@example.com,0125436898
865,Customer_865,alex,cust864@example.com,0128839680
866,Customer_866,Egypt,cust865@example.com,0127042888
867,Customer_867,EGYPT,,
868,Customer_868,Cairo,cust867@example.com,0104927970
869,Customer_869,Cairo,cust868@example.com,0104776701
870,Customer_870,CAIRO,cust869@example.com,0102491108
871,Customer_871,Giza,cust870@example.com,0105575528
872,Customer_872,cairo,,0121158823
873,Customer_873,Egypt,cust872@example.com,0107306136
874,Customer_874,cairo,cust873@example.com,0118922772
875,Customer_875,EGYPT,cust874@example.com,0117994477
876,Customer_876,giza,cust875@example.com,0117867789
877,Customer_877,Cairo,cust876@example.com,0115205817
878,Customer_878,EGYPT,cust877@example.com,0103883174
879,Customer_879,giza,cust878@example.com,0119144554
880,Customer_880,Cairo,cust879@example.com,0129621842
881,Customer_881,giza,cust880@example.com,0119244708
882,Customer_882,Giza,cust881@example.com,0106071165
883,Customer_883,Egypt,cust882@example.com,0115371802
884,Customer_884,EGYPT,cust883@example.com,0112863222
885,Customer_885,EGYPT,cust884@example.com,
886,Customer_886,Alexandria,cust885@example.com,0129896579
887,Customer_887,alex,cust886@example.com,0103913234
888,Customer_888,Giza,cust887@example.com,0129063210
889,Customer_889,Giza,cust888@example.com,0125516945
890,Customer_890,cairo,cust889@example.com,
891,Customer_891,giza,cust890@example.com,0123903568
892,Customer_892,alex,cust891@example.com,0104840069
893,Customer_893,Egypt,cust892@example.com,0113539869
894,Customer_894,Egypt,cust893@example.com,0125559097
895,Customer_895,Giza,,0129015306
896,Customer_896,Egypt,cust895@example.com,0106392523
897,Customer_897,Alexandria,cust896@example.com,
898,Customer_898,EGYPT,cust897@example.com,0115973192
899,Customer_899,CAIRO,cust898@example.com,
900,Customer_900,cairo,cust899@example.com,0101071222
901,Customer_901,giza,cust900@example.com,0125510860
902,Customer_902,giza,,
903,Customer_903,Cairo,cust902@example.com,0117141135
904,Customer_904,CAIRO,cust903@example.com,0118013579
905,Customer_905,Giza,cust904@example.com,0112022452
906,Customer_906,Alexandria,cust905@example.com,0124477573
907,Customer_907,EGYPT,cust906@example.com,0117422193
908,Customer_908,EGYPT,cust907@example.com,
909,Customer_909,Alexandria,cust908@example.com,0125681396
910,Customer_910,alex,cust909@example.com,0107384861
911,Customer_911,Cairo,cust910@example.com,0126163725
912,Customer_912,giza,cust911@example.com,0107131639
913,Customer_913,CAIRO,cust912@example.com,0118740596
914,Customer_914,Egypt,cust913@example.com,0107737404
915,Customer_915,Cairo,cust914@example.com,0103579052
916,Customer_916,CAIRO,cust915@example.com,
917,Customer_917,cairo,,0106162061
918,Customer_918,cairo,cust917@example.com,0115292563
919,Customer_919,Cairo,cust918@example.com,0122170687
920,Customer_920,Giza,cust919@example.com,0123166516
921,Customer_921,CAIRO,cust920@example.com,0113629846
922,Customer_922,CAIRO,cust921@example.com,
923,Customer_923,Alexandria,,0128624694
924,Customer_924,Giza,cust923@example.com,0122059898
925,Customer_925,giza,cust924@example.com,0117448852
926,Customer_926,giza,cust925@example.com,0103415683
927,Customer_927,Egypt,cust926@example.com,0117276330
928,Customer_928,EGYPT,,0103338613
929,Customer_929,cairo,cust928@example.com,
930,Customer_930,giza,cust929@example.com,0111689739
931,Customer_931,Giza,cust930@example.com,0127048915
932,Customer_932,CAIRO,cust931@example.com,0102515562
933,Customer_933,giza,cust932@example.com,
934,Customer_934,CAIRO,cust933@example.com,0121211420
935,Customer_935,giza,cust934@example.com,0123991187
936,Customer_936,cairo,cust935@example.com,0104570387
937,Customer_937,giza,cust936@example.com,0117757060
938,Customer_938,Giza,cust937@example.com,0106435697
939,Customer_939,giza,cust938@example.com,0121141777
940,Customer_940,EGYPT,cust939@example.com,
941,Customer_941,cairo,cust940@example.com,0122584604
942,Customer_942,Giza,cust941@example.com,0106906599
943,Customer_943,Alexandria,cust942@example.com,0108744969
944,Customer_944,Giza,cust943@example.com,0104437503
945,Customer_945,EGYPT,cust944@example.com,0101603202
946,Customer_946,cairo,cust945@example.com,
947,Customer_947,Alexandria,cust946@example.com,0114913408
948,Customer_948,EGYPT,cust947@example.com,0112366777
949,Customer_949,EGYPT,cust948@example.com,0117589785
950,Customer_950,Cairo,cust949@example.com,
951,Customer_951,cairo,cust950@example.com,0116984750
952,Customer_952,Giza,cust951@example.com,0106402301
953,Customer_953,CAIRO,cust952@example.com,0124637023
954,Customer_954,CAIRO,cust953@example.com,0106272957
955,Customer_955,Giza,cust954@example.com,0116241917
956,Customer_956,Giza,cust955@example.com,0114943148
957,Customer_957,cairo,cust956@example.com,
958,Customer_958,Giza,cust957@example.com,
959,Customer_959,Cairo,,0107524781
960,Customer_960,Alexandria,cust959@example.com,0105868666
961,Customer_961,Giza,cust960@example.com,0126375512
962,Customer_962,CAIRO,cust961@example.com,0121753980
963,Customer_963,Giza,cust962@example.com,0126272894
964,Customer_964,Cairo,cust963@example.com,0106365899
965,Customer_965,giza,cust964@example.com,0104815901
966,Customer_966,giza,cust965@example.com,0109865637
967,Customer_967,EGYPT,cust966@example.com,0107414896
968,Customer_968,Egypt,cust967@example.com,0102862722
969,Customer_969,Alexandria,cust968@example.com,
970,Customer_970,alex,cust969@example.com,0112547238
971,Customer_971,EGYPT,cust970@example.com,
972,Customer_972,giza,,0122520182
973,Customer_973,CAIRO,cust972@example.com,0128769926
974,Customer_974,alex,cust973@example.com,0113865201
975,Customer_975,EGYPT,cust974@example.com,0113257653
976,Customer_976,alex,cust975@example.com,0128148187
977,Customer_977,cairo,cust976@example.com,0122256428
978,Customer_978,Egypt,cust977@example.com,0128201310
979,Customer_979,cairo,cust978@example.com,0109028276
980,Customer_980,alex,cust979@example.com,
981,Customer_981,cairo,cust980@example.com,0125998210
982,Customer_982,Cairo,cust981@example.com,0127464227
983,Customer_983,giza,cust982@example.com,0125057036
984,Customer_984,Cairo,,0105480927
985,Customer_985,Giza,cust984@example.com,0124418304
986,Customer_986,cairo,cust985@example.com,0104583387
987,Customer_987,Giza,cust986@example.com,
988,Customer_988,CAIRO,cust987@example.com,0123505342
989,Customer_989,Alexandria,,0124508419
990,Customer_990,CAIRO,cust989@example.com,0102171581
991,Customer_991,alex,cust990@example.com,0127599024
992,Customer_992,giza,cust991@example.com,0128509111
993,Customer_993,cairo,cust992@example.com,0128249353
994,Customer_994,EGYPT,cust993@example.com,0128317575
995,Customer_995,Alexandria,,0107149062
996,Customer_996,Egypt,cust995@example.com,0116030226
997,Customer_997,Egypt,cust996@example.com,0118147861
998,Customer_998,Egypt,cust997@example.com,0103270574
999,Customer_999,cairo,,0124119157
1000,Customer_1000,Egypt,cust999@example.com,0107394131
1001,Customer_1001,Cairo,cust1000@example.com,0119585061
1002,Customer_1002,Alexandria,cust1001@example.com,0125773358
1003,Customer_1003,Cairo,cust1002@example.com,0102496106
1004,Customer_1004,Alexandria,cust1003@example.com,
1005,Customer_1005,Cairo,cust1004@example.com,0104283737
1006,Customer_1006,Alexandria,cust1005@example.com,0122372296
1007,Customer_1007,Giza,cust1006@example.com,0117111109
1008,Customer_1008,cairo,cust1007@example.com,0102895404
1009,Customer_1009,cairo,cust1008@example.com,
1010,Customer_1010,Egypt,cust1009@example.com,0124871011
1011,Customer_1011,CAIRO,cust1010@example.com,0106460720
1012,Customer_1012,Egypt,cust1011@example.com,0115716609
1013,Customer_1013,alex,cust1012@example.com,0114296368
1014,Customer_1014,Cairo,cust1013@example.com,0111551554
1015,Customer_1015,Alexandria,cust1014@example.com,0118810937
1016,Customer_1016,CAIRO,cust1015@example.com,
1017,Customer_1017,alex,cust1016@example.com,0125917546
1018,Customer_1018,cairo,cust1017@example.com,0115039509
1019,Customer_1019,cairo,cust1018@example.com,0115412834
1020,Customer_1020,Egypt,cust1019@example.com,0106433350
1021,Customer_1021,Cairo,,0121625717
1022,Customer_1022,CAIRO,,0121009393
1023,Customer_1023,giza,,0129005046
1024,Customer_1024,alex,cust1023@example.com,0129633229
1025,Customer_1025,alex,,0117580947
1026,Customer_1026,Egypt,cust1025@example.com,0117430191
1027,Customer_1027,cairo,cust1026@example.com,0125958882
1028,Customer_1028,Egypt,cust1027@example.com,0124566367
1029,Customer_1029,Alexandria,cust1028@example.com,0115737355
1030,Customer_1030,CAIRO,cust1029@example.com,
1031,Customer_1031,Cairo,cust1030@example.com,0119602587
1032,Customer_1032,Giza,,0109566227
1033,Customer_1033,EGYPT,cust1032@example.com,0104563907
1034,Customer_1034,EGYPT,cust1033@example.com,0104765445
1035,Customer_1035,Egypt,cust1034@example.com,0124206780
1036,Customer_1036,Alexandria,cust1035@example.com,0116622935
1037,Customer_1037,CAIRO,cust1036@example.com,0108587165
1038,Customer_1038,giza,cust1037@example.com,0118200665
1039,Customer_1039,EGYPT,cust1038@example.com,0106130608
1040,Customer_1040,CAIRO,cust1039@example.com,0108181262
1041,Customer_1041,Cairo,cust1040@example.com,
1042,Customer_1042,Alexandria,cust1041@example.com,0108470678
1043,Customer_1043,cairo,cust1042@example.com,0108425359
1044,Customer_1044,CAIRO,cust1043@example.com,0127163087
1045,Customer_1045,Cairo,cust1044@example.com,0116714444
1046,Customer_1046,giza,cust1045@example.com,0114914633
1047,Customer_1047,Giza,cust1046@example.com,0124876355
1048,Customer_1048,cairo,cust1047@example.com,0104840131
1049,Customer_1049,Giza,cust1048@example.com,0118425848
1050,Customer_1050,giza,cust1049@example.com,
1051,Customer_1051,Cairo,cust1050@example.com,0124330314
1052,Customer_1052,EGYPT,cust1051@example.com,0111345045
1053,Customer_1053,Giza,cust1052@example.com,0125818285
1054,Customer_1054,cairo,cust1053@example.com,0106807000
1055,Customer_1055,Egypt,cust1054@example.com,0126416809
1056,Customer_1056,alex,cust1055@example.com,0104757297
1057,Customer_1057,CAIRO,cust1056@example.com,0113594850
1058,Customer_1058,EGYPT,cust1057@example.com,0105438282
1059,Customer_1059,Giza,cust1058@example.com,0109610227
1060,Customer_1060,CAIRO,cust1059@example.com,0117669064
1061,Customer_1061,Egypt,cust1060@example.com,0125107503
1062,Customer_1062,giza,cust1061@example.com,0111042392
1063,Customer_1063,alex,cust1062@example.com,0102409344
1064,Customer_1064,Cairo,,0125370337
1065,Customer_1065,Egypt,cust1064@example.com,0127865318
1066,Customer_1066,Egypt,cust1065@example.com,0123827403
1067,Customer_1067,giza,cust1066@example.com,0124834206
1068,Customer_1068,Alexandria,,0126790112
1069,Customer_1069,giza,cust1068@example.com,
1070,Customer_1070,Alexandria,cust1069@example.com,0111480569
1071,Customer_1071,Alexandria,cust1070@example.com,0108844721
1072,Customer_1072,EGYPT,cust1071@example.com,0121220694
1073,Customer_1073,EGYPT,cust1072@example.com,0129555892
1074,Customer_1074,cairo,cust1073@example.com,0124786395
1075,Customer_1075,Giza,cust1074@example.com,0118184977
1076,Customer_1076,Giza,cust1075@example.com,0101267011
1077,Customer_1077,Cairo,cust1076@example.com,0109204253
1078,Customer_1078,Giza,,0103678269
1079,Customer_1079,EGYPT,,0102763637
1080,Customer_1080,cairo,cust1079@example.com,0127793840
1081,Customer_1081,cairo,cust1080@example.com,0107590959
1082,Customer_1082,Alexandria,cust1081@example.com,0116306000
1083,Customer_1083,giza,,0125067828
1084,Customer_1084,Cairo,cust1083@example.com,0108437036
1085,Customer_1085,Alexandria,cust1084@example.com,0123412816
1086,Customer_1086,giza,,
1087,Customer_1087,Giza,cust1086@example.com,0126159245
1088,Customer_1088,Alexandria,cust1087@example.com,0112434373
1089,Customer_1089,CAIRO,cust1088@example.com,
1090,Customer_1090,Giza,cust1089@example.com,0109615749
1091,Customer_1091,giza,cust1090@example.com,0116404885
1092,Customer_1092,Cairo,cust1091@example.com,0103125421
1093,Customer_1093,giza,cust1092@example.com,0129315941
1094,Customer_1094,Alexandria,cust1093@example.com,0124590491
1095,Customer_1095,Alexandria,cust1094@example.com,0104781482
1096,Customer_1096,Egypt,cust1095@example.com,0116928311
1097,Customer_1097,Cairo,cust1096@example.com,0123694492
1098,Customer_1098,Giza,cust1097@example.com,0126992745
1099,Customer_1099,cairo,cust1098@example.com,0128323841
1100,Customer_1100,Cairo,cust1099@example.com,0122146692
1101,Customer_1101,cairo,cust1100@example.com,0126416869
1102,Customer_1102,Cairo,cust1101@example.com,0118206678
1103,Customer_1103,Cairo,cust1102@example.com,0111898967
1104,Customer_1104,giza,cust1103@example.com,0122661675
1105,Customer_1105,Cairo,cust1104@example.com,
1106,Customer_1106,Egypt,cust1105@example.com,0109249797
1107,Customer_1107,Alexandria,cust1106@example.com,0121348119
1108,Customer_1108,alex,cust1107@example.com,0122030144
1109,Customer_1109,cairo,cust1108@example.com,0124003589
1110,Customer_1110,Alexandria,cust1109@example.com,0118578168
1111,Customer_1111,alex,cust1110@example.com,0119901498
1112,Customer_1112,cairo,cust1111@example.com,0123160435
1113,Customer_1113,cairo,cust1112@example.com,0109620374
1114,Customer_1114,alex,cust1113@example.com,
1115,Customer_1115,Cairo,cust1114@example.com,0119946946
1116,Customer_1116,Giza,cust1115@example.com,0115625169
1117,Customer_1117,CAIRO,cust1116@example.com,0127941418
1118,Customer_1118,Alexandria,,0108384072
1119,Customer_1119,giza,cust1118@example.com,0126269903
1120,Customer_1120,Alexandria,cust1119@example.com,0103088061
1121,Customer_1121,giza,cust1120@example.com,0128398348
1122,Customer_1122,alex,cust1121@example.com,0104178811
1123,Customer_1123,giza,cust1122@example.com,0118328538
1124,Customer_1124,cairo,cust1123@example.com,0105396858
1125,Customer_1125,Giza,cust1124@example.com,0102836024
1126,Customer_1126,Giza,cust1125@example.com,
1127,Customer_1127,cairo,cust1126@example.com,0109691716
1128,Customer_1128,Egypt,cust1127@example.com,0112826708
1129,Customer_1129,alex,cust1128@example.com,0104819165
1130,Customer_1130,Egypt,cust1129@example.com,0113384536
1131,Customer_1131,Egypt,cust1130@example.com,0122466675
1132,Customer_1132,Alexandria,,0101818109
1133,Customer_1133,Alexandria,cust1132@example.com,0113957956
1134,Customer_1134,CAIRO,cust1133@example.com,0101535702
1135,Customer_1135,giza,cust1134@example.com,0118803363
1136,Customer_1136,cairo,cust1135@example.com,0125030583
1137,Customer_1137,Alexandria,,0117625105
1138,Customer_1138,alex,cust1137@example.com,0111121023
1139,Customer_1139,giza,cust1138@example.com,0102683525
1140,Customer_1140,CAIRO,,0121515723
1141,Customer_1141,CAIRO,cust1140@example.com,0125081395
1142,Customer_1142,alex,cust1141@example.com,0109534750
1143,Customer_1143,Egypt,cust1142@example.com,0106066475
1144,Customer_1144,Giza,cust1143@example.com,0127138910
1145,Customer_1145,alex,cust1144@example.com,0108022716
1146,Customer_1146,EGYPT,cust1145@example.com,0122195860
1147,Customer_1147,alex,cust1146@example.com,
1148,Customer_1148,CAIRO,cust1147@example.com,0109267825
1149,Customer_1149,cairo,cust1148@example.com,0119089126
1150,Customer_1150,Alexandria,cust1149@example.com,0116539702
1151,Customer_1151,cairo,cust1150@example.com,0108074481
1152,Customer_1152,CAIRO,cust1151@example.com,0128786146
1153,Customer_1153,Alexandria,cust1152@example.com,0112942787
1154,Customer_1154,EGYPT,cust1153@example.com,0108425250
1155,Customer_1155,Giza,cust1154@example.com,0101475058
1156,Customer_1156,giza,cust1155@example.com,0103462570
1157,Customer_1157,CAIRO,cust1156@example.com,0122302328
1158,Customer_1158,CAIRO,cust1157@example.com,
1159,Customer_1159,CAIRO,cust1158@example.com,0105551780
1160,Customer_1160,Alexandria,cust1159@example.com,0107099005
1161,Customer_1161,Cairo,cust1160@example.com,0106416719
1162,Customer_1162,alex,cust1161@example.com,0118627606
1163,Customer_1163,Cairo,,
1164,Customer_1164,EGYPT,cust1163@example.com,0123005184
1165,Customer_1165,Giza,cust1164@example.com,0103360309
1166,Customer_1166,Egypt,cust1165@example.com,0106741504
1167,Customer_1167,EGYPT,,0121637596
1168,Customer_1168,Egypt,cust1167@example.com,0112927935
1169,Customer_1169,Egypt,cust1168@example.com,0129183019
1170,Customer_1170,Giza,,
1171,Customer_1171,cairo,cust1170@example.com,0109016744
1172,Customer_1172,Cairo,cust1171@example.com,0102890750
1173,Customer_1173,CAIRO,cust1172@example.com,0116883182
1174,Customer_1174,giza,cust1173@example.com,0108288413
1175,Customer_1175,Egypt,cust1174@example.com,0125227971
1176,Customer_1176,EGYPT,cust1175@example.com,0104028772
1177,Customer_1177,cairo,,0122079823
1178,Customer_1178,Egypt,cust1177@example.com,0128285334
1179,Customer_1179,cairo,cust1178@example.com,0129227476
1180,Customer_1180,cairo,cust1179@example.com,
1181,Customer_1181,Egypt,cust1180@example.com,0105927431
1182,Customer_1182,Alexandria,cust1181@example.com,0125982295
1183,Customer_1183,alex,cust1182@example.com,0118464595
1184,Customer_1184,CAIRO,cust1183@example.com,0119851324
1185,Customer_1185,CAIRO,cust1184@example.com,
1186,Customer_1186,Alexandria,cust1185@example.com,0107801449
1187,Customer_1187,CAIRO,cust1186@example.com,0111833790
1188,Customer_1188,cairo,cust1187@example.com,
1189,Customer_1189,Giza,cust1188@example.com,0118003682
1190,Customer_1190,EGYPT,cust1189@example.com,0105943479
1191,Customer_1191,Cairo,cust1190@example.com,0104473852
1192,Customer_1192,CAIRO,cust1191@example.com,0108218119
1193,Customer_1193,Giza,,
1194,Customer_1194,Egypt,cust1193@example.com,0126220484
1195,Customer_1195,alex,cust1194@example.com,0112753457
1196,Customer_1196,cairo,cust1195@example.com,0109076433
1197,Customer_1197,alex,cust1196@example.com,0115410996
1198,Customer_1198,EGYPT,cust1197@example.com,0102346153
1199,Customer_1199,EGYPT,,0118850205
1200,Customer_1200,Alexandria,cust1199@example.com,0102587933
1201,Customer_1201,giza,cust1200@example.com,0109950062
1202,Customer_1202,Alexandria,cust1201@example.com,0123016685
1203,Customer_1203,Giza,cust1202@example.com,0107883364
1204,Customer_1204,alex,cust1203@example.com,0112499172
1205,Customer_1205,giza,cust1204@example.com,0115337276
1206,Customer_1206,Egypt,cust1205@example.com,
1207,Customer_1207,cairo,cust1206@example.com,0111230787
1208,Customer_1208,alex,cust1207@example.com,
1209,Customer_1209,Alexandria,,0107757789
1210,Customer_1210,Cairo,cust1209@example.com,
1211,Customer_1211,giza,cust1210@example.com,
1212,Customer_1212,giza,cust1211@example.com,0101387825
1213,Customer_1213,cairo,,0113255155
1214,Customer_1214,CAIRO,,0123981045
1215,Customer_1215,EGYPT,cust1214@example.com,0123089933
1216,Customer_1216,EGYPT,cust1215@example.com,0121163239
1217,Customer_1217,Cairo,cust1216@example.com,0128743000
1218,Customer_1218,Giza,cust1217@example.com,0102506864
1219,Customer_1219,Giza,cust1218@example.com,0107840766
1220,Customer_1220,Egypt,cust1219@example.com,
1221,Customer_1221,alex,,0101795506
1222,Customer_1222,CAIRO,cust1221@example.com,0102472815
1223,Customer_1223,Alexandria,cust1222@example.com,0105263016
1224,Customer_1224,giza,cust1223@example.com,
1225,Customer_1225,Cairo,cust1224@example.com,0107352003
1226,Customer_1226,EGYPT,cust1225@example.com,0121594932
1227,Customer_1227,Egypt,cust1226@example.com,0106928444
1228,Customer_1228,Giza,cust1227@example.com,0105312203
1229,Customer_1229,Cairo,cust1228@example.com,0117313993
1230,Customer_1230,giza,cust1229@example.com,0112947949
1231,Customer_1231,Alexandria,cust1230@example.com,0117150060
1232,Customer_1232,Egypt,cust1231@example.com,0109105374
1233,Customer_1233,giza,cust1232@example.com,0105546460
1234,Customer_1234,EGYPT,cust1233@example.com,0112222097
1235,Customer_1235,EGYPT,,0113381343
1236,Customer_1236,EGYPT,cust1235@example.com,0114634410
1237,Customer_1237,Cairo,cust1236@example.com,0102104949
1238,Customer_1238,Cairo,cust1237@example.com,0127748777
1239,Customer_1239,Giza,,0109211278
1240,Customer_1240,Giza,cust1239@example.com,0106977049
1241,Customer_1241,Alexandria,cust1240@example.com,0101316890
1242,Customer_1242,Egypt,cust1241@example.com,0105009311
1243,Customer_1243,cairo,cust1242@example.com,0114280571
1244,Customer_1244,cairo,cust1243@example.com,0123604064
1245,Customer_1245,giza,cust1244@example.com,0117425539
1246,Customer_1246,EGYPT,cust1245@example.com,0124530229
1247,Customer_1247,Egypt,cust1246@example.com,0117055223
1248,Customer_1248,Cairo,cust1247@example.com,0115927069
1249,Customer_1249,alex,cust1248@example.com,0102214272
1250,Customer_1250,CAIRO,cust1249@example.com,0116344791
1251,Customer_1251,Alexandria,cust1250@example.com,0113050165
1252,Customer_1252,EGYPT,cust1251@example.com,0127928891
1253,Customer_1253,EGYPT,cust1252@example.com,0101114816
1254,Customer_1254,EGYPT,,0121269177
1255,Customer_1255,Cairo,cust1254@example.com,0106442007
1256,Customer_1256,Cairo,cust1255@example.com,0111574651
1257,Customer_1257,CAIRO,cust1256@example.com,0122901122
1258,Customer_1258,Egypt,cust1257@example.com,
1259,Customer_1259,EGYPT,cust1258@example.com,0106418749
1260,Customer_1260,cairo,cust1259@example.com,0107336558
1261,Customer_1261,Giza,cust1260@example.com,0101988390
1262,Customer_1262,cairo,cust1261@example.com,0125264071
1263,Customer_1263,giza,cust1262@example.com,0122650228
1264,Customer_1264,cairo,cust1263@example.com,0106307365
1265,Customer_1265,giza,cust1264@example.com,0105849523
1266,Customer_1266,alex,cust1265@example.com,0106897760
1267,Customer_1267,Giza,cust1266@example.com,0101669602
1268,Customer_1268,cairo,cust1267@example.com,0107947195
1269,Customer_1269,alex,cust1268@example.com,0103201810
1270,Customer_1270,Alexandria,,0114482156
1271,Customer_1271,Egypt,cust1270@example.com,0121958834
1272,Customer_1272,alex,cust1271@example.com,
1273,Customer_1273,Egypt,cust1272@example.com,0127015276
1274,Customer_1274,cairo,cust1273@example.com,0108502739
1275,Customer_1275,alex,,0108584194
1276,Customer_1276,Giza,cust1275@example.com,0126180668
1277,Customer_1277,cairo,cust1276@example.com,0103777352
1278,Customer_1278,EGYPT,cust1277@example.com,0118802361
1279,Customer_1279,Cairo,cust1278@example.com,0113257303
1280,Customer_1280,alex,cust1279@example.com,0103201458
1281,Customer_1281,Giza,cust1280@example.com,0118195784
1282,Customer_1282,Alexandria,cust1281@example.com,0117586660
1283,Customer_1283,EGYPT,cust1282@example.com,0118159963
1284,Customer_1284,Alexandria,,0123398116
1285,Customer_1285,cairo,cust1284@example.com,0128391173
1286,Customer_1286,Cairo,cust1285@example.com,0124027702
1287,Customer_1287,alex,cust1286@example.com,0111447498
1288,Customer_1288,alex,cust1287@example.com,
1289,Customer_1289,cairo,cust1288@example.com,0106163927
1290,Customer_1290,cairo,cust1289@example.com,0102522623
1291,Customer_1291,Cairo,cust1290@example.com,0124115985
1292,Customer_1292,Giza,cust1291@example.com,0128133059
1293,Customer_1293,Giza,,0122413857
1294,Customer_1294,Cairo,cust1293@example.com,0101005267
1295,Customer_1295,Giza,cust1294@example.com,0124713470
1296,Customer_1296,giza,cust1295@example.com,0109817920
1297,Customer_1297,Egypt,cust1296@example.com,0122378899
1298,Customer_1298,Cairo,cust1297@example.com,0128527577
1299,Customer_1299,Cairo,cust1298@example.com,0114631784
1300,Customer_1300,CAIRO,cust1299@example.com,0118970548
1301,Customer_1301,EGYPT,cust1300@example.com,0102462232
1302,Customer_1302,EGYPT,cust1301@example.com,
1303,Customer_1303,giza,,0115551697
1304,Customer_1304,cairo,cust1303@example.com,0105696815
1305,Customer_1305,cairo,cust1304@example.com,
1306,Customer_1306,Alexandria,cust1305@example.com,0115915601
1307,Customer_1307,giza,cust1306@example.com,0122955881
1308,Customer_1308,Cairo,cust1307@example.com,0118472870
1309,Customer_1309,giza,cust1308@example.com,0101630732
1310,Customer_1310,giza,,
1311,Customer_1311,giza,cust1310@example.com,
1312,Customer_1312,EGYPT,cust1311@example.com,
1313,Customer_1313,giza,cust1312@example.com,0125286067
1314,Customer_1314,Egypt,cust1313@example.com,0125857872
1315,Customer_1315,cairo,cust1314@example.com,0127132604
1316,Customer_1316,Alexandria,cust1315@example.com,
1317,Customer_1317,Egypt,cust1316@example.com,0117306907
1318,Customer_1318,Alexandria,cust1317@example.com,
1319,Customer_1319,CAIRO,cust1318@example.com,0125467456
1320,Customer_1320,Alexandria,cust1319@example.com,0118874092
1321,Customer_1321,cairo,,0111360924
1322,Customer_1322,cairo,,0121336211
1323,Customer_1323,giza,cust1322@example.com,0117735074
1324,Customer_1324,alex,cust1323@example.com,0102860538
1325,Customer_1325,CAIRO,cust1324@example.com,0112385653
1326,Customer_1326,Cairo,cust1325@example.com,0126500331
1327,Customer_1327,Giza,,0109947054
1328,Customer_1328,Alexandria,cust1327@example.com,0128346110
1329,Customer_1329,alex,cust1328@example.com,0121014149
1330,Customer_1330,giza,cust1329@example.com,0127194812
1331,Customer_1331,EGYPT,cust1330@example.com,
1332,Customer_1332,Cairo,cust1331@example.com,0123618530
1333,Customer_1333,alex,cust1332@example.com,0126480067
1334,Customer_1334,EGYPT,cust1333@example.com,
1335,Customer_1335,CAIRO,,0111008864
1336,Customer_1336,giza,cust1335@example.com,0121392889
1337,Customer_1337,Cairo,cust1336@example.com,0122035680
1338,Customer_1338,Cairo,cust1337@example.com,0123833837
1339,Customer_1339,Cairo,,0109589764
1340,Customer_1340,CAIRO,cust1339@example.com,0122418131
1341,Customer_1341,Alexandria,cust1340@example.com,
1342,Customer_1342,CAIRO,cust1341@example.com,0117289343
1343,Customer_1343,Giza,cust1342@example.com,0106110387
1344,Customer_1344,cairo,cust1343@example.com,0121597685
1345,Customer_1345,giza,cust1344@example.com,
1346,Customer_1346,CAIRO,cust1345@example.com,0121203103
1347,Customer_1347,EGYPT,cust1346@example.com,0103650003
1348,Customer_1348,Giza,cust1347@example.com,0127356680
1349,Customer_1349,cairo,cust1348@example.com,
1350,Customer_1350,Alexandria,cust1349@example.com,0102304510
1351,Customer_1351,EGYPT,cust1350@example.com,0122915449
1352,Customer_1352,giza,cust1351@example.com,0108184296
1353,Customer_1353,EGYPT,cust1352@example.com,0113674233
1354,Customer_1354,cairo,cust1353@example.com,0103493435
1355,Customer_1355,EGYPT,cust1354@example.com,0101020962
1356,Customer_1356,Egypt,cust1355@example.com,0102183663
1357,Customer_1357,alex,cust1356@example.com,0125797005
1358,Customer_1358,Alexandria,cust1357@example.com,0119098488
1359,Customer_1359,cairo,cust1358@example.com,0107082541
1360,Customer_1360,EGYPT,cust1359@example.com,0107233874
1361,Customer_1361,alex,cust1360@example.com,
1362,Customer_1362,alex,,0103712933
1363,Customer_1363,EGYPT,cust1362@example.com,0106805165
1364,Customer_1364,giza,cust1363@example.com,0123251742
1365,Customer_1365,Egypt,cust1364@example.com,0125336968
1366,Customer_1366,CAIRO,cust1365@example.com,0125972090
1367,Customer_1367,Egypt,cust1366@example.com,0101004572
1368,Customer_1368,EGYPT,cust1367@example.com,0115002111
1369,Customer_1369,Alexandria,cust1368@example.com,0124519188
1370,Customer_1370,CAIRO,cust1369@example.com,0116519279
1371,Customer_1371,cairo,cust1370@example.com,0109172896
1372,Customer_1372,Egypt,cust1371@example.com,0112811282
1373,Customer_1373,EGYPT,,
1374,Customer_1374,Egypt,,0108498543
1375,Customer_1375,CAIRO,cust1374@example.com,0117973382
1376,Customer_1376,Giza,cust1375@example.com,0108869328
1377,Customer_1377,Egypt,cust1376@example.com,0108241037
1378,Customer_1378,cairo,cust1377@example.com,0119748834
1379,Customer_1379,cairo,cust1378@example.com,0116325057
1380,Customer_1380,Cairo,cust1379@example.com,
1381,Customer_1381,Egypt,cust1380@example.com,
1382,Customer_1382,giza,cust1381@example.com,0108977829
1383,Customer_1383,alex,cust1382@example.com,0128876750
1384,Customer_1384,alex,cust1383@example.com,0102273590
1385,Customer_1385,alex,cust1384@example.com,0113784489
1386,Customer_1386,Giza,,0101861412
1387,Customer_1387,Cairo,,0105314198
1388,Customer_1388,Giza,,
1389,Customer_1389,Egypt,cust1388@example.com,0121980997
1390,Customer_1390,Egypt,cust1389@example.com,0102594919
1391,Customer_1391,Egypt,cust1390@example.com,0119758622
1392,Customer_1392,Alexandria,cust1391@example.com,0125054349
1393,Customer_1393,alex,cust1392@example.com,0119792776
1394,Customer_1394,Alexandria,cust1393@example.com,0108370243
1395,Customer_1395,Cairo,cust1394@example.com,0115444892
1396,Customer_1396,Giza,cust1395@example.com,0107095293
1397,Customer_1397,alex,,0122844110
1398,Customer_1398,Alexandria,cust1397@example.com,0108284695
1399,Customer_1399,Alexandria,cust1398@example.com,0106919112
1400,Customer_1400,EGYPT,cust1399@example.com,0121326028
1401,Customer_1401,Alexandria,cust1400@example.com,0128718455
1402,Customer_1402,giza,cust1401@example.com,0112255211
1403,Customer_1403,giza,cust1402@example.com,0114567356
1404,Customer_1404,Giza,cust1403@example.com,0127003303
1405,Customer_1405,giza,cust1404@example.com,0104534605
1406,Customer_1406,Giza,cust1405@example.com,0122279418
1407,Customer_1407,Giza,cust1406@example.com,0104036423
1408,Customer_1408,Cairo,cust1407@example.com,0119989575
1409,Customer_1409,EGYPT,cust1408@example.com,0107431906
1410,Customer_1410,Egypt,cust1409@example.com,0127402753
1411,Customer_1411,cairo,cust1410@example.com,
1412,Customer_1412,Giza,cust1411@example.com,0102045445
1413,Customer_1413,CAIRO,cust1412@example.com,0119018068
1414,Customer_1414,Egypt,cust1413@example.com,0106898727
1415,Customer_1415,alex,cust1414@example.com,0102966830
1416,Customer_1416,giza,cust1415@example.com,0115898948
1417,Customer_1417,cairo,cust1416@example.com,
1418,Customer_1418,CAIRO,cust1417@example.com,0105561696
1419,Customer_1419,Egypt,cust1418@example.com,0121211553
1420,Customer_1420,Cairo,cust1419@example.com,0109531523
1421,Customer_1421,alex,cust1420@example.com,0122351824
1422,Customer_1422,cairo,cust1421@example.com,0108138720
1423,Customer_1423,EGYPT,cust1422@example.com,0118710733
1424,Customer_1424,Cairo,cust1423@example.com,0115645203
1425,Customer_1425,CAIRO,cust1424@example.com,0127564909
1426,Customer_1426,cairo,cust1425@example.com,0119416208
1427,Customer_1427,Cairo,cust1426@example.com,0108066113
1428,Customer_1428,alex,cust1427@example.com,0122351615
1429,Customer_1429,EGYPT,cust1428@example.com,0102186123
1430,Customer_1430,Cairo,,0114654098
1431,Customer_1431,Alexandria,cust1430@example.com,0119450973
1432,Customer_1432,EGYPT,cust1431@example.com,0124454756
1433,Customer_1433,CAIRO,cust1432@example.com,0123812100
1434,Customer_1434,alex,,0118239607
1435,Customer_1435,giza,cust1434@example.com,0125039502
1436,Customer_1436,giza,cust1435@example.com,0103255446
1437,Customer_1437,giza,cust1436@example.com,0119065670
1438,Customer_1438,cairo,cust1437@example.com,
1439,Customer_1439,CAIRO,cust1438@example.com,0109469817
1440,Customer_1440,alex,cust1439@example.com,
1441,Customer_1441,EGYPT,cust1440@example.com,0121027717
1442,Customer_1442,cairo,cust1441@example.com,0106662152
1443,Customer_1443,CAIRO,cust1442@example.com,0113436025
1444,Customer_1444,Alexandria,cust1443@example.com,0109099332
1445,Customer_1445,alex,,0125115681
1446,Customer_1446,giza,cust1445@example.com,0112415611
1447,Customer_1447,Cairo,cust1446@example.com,0127598743
1448,Customer_1448,alex,,
1449,Customer_1449,Giza,cust1448@example.com,0117515931
1450,Customer_1450,CAIRO,cust1449@example.com,0111561608
1451,Customer_1451,Egypt,cust1450@example.com,
1452,Customer_1452,Alexandria,cust1451@example.com,0123104526
1453,Customer_1453,alex,cust1452@example.com,
1454,Customer_1454,Egypt,cust1453@example.com,0104544900
1455,Customer_1455,Giza,cust1454@example.com,0129423743
1456,Customer_1456,EGYPT,cust1455@example.com,
1457,Customer_1457,Cairo,cust1456@example.com,0112552830
1458,Customer_1458,Egypt,cust1457@example.com,0118383129
1459,Customer_1459,CAIRO,cust1458@example.com,
1460,Customer_1460,giza,cust1459@example.com,0116046852
1461,Customer_1461,Giza,cust1460@example.com,0104075562
1462,Customer_1462,Cairo,cust1461@example.com,0105015586
1463,Customer_1463,Alexandria,cust1462@example.com,0113665595
1464,Customer_1464,giza,cust1463@example.com,0118432453
1465,Customer_1465,alex,cust1464@example.com,
1466,Customer_1466,Egypt,,0128579390
1467,Customer_1467,Cairo,,0115320478
1468,Customer_1468,cairo,cust1467@example.com,0107772874
1469,Customer_1469,EGYPT,cust1468@example.com,
1470,Customer_1470,EGYPT,cust1469@example.com,
1471,Customer_1471,Giza,cust1470@example.com,0117055969
1472,Customer_1472,Alexandria,cust1471@example.com,0103673245
1473,Customer_1473,Giza,cust1472@example.com,0115691595
1474,Customer_1474,cairo,cust1473@example.com,0108683568
1475,Customer_1475,CAIRO,cust1474@example.com,0128840148
1476,Customer_1476,Alexandria,cust1475@example.com,0103742796
1477,Customer_1477,CAIRO,cust1476@example.com,0121924882
1478,Customer_1478,Alexandria,cust1477@example.com,0113891127
1479,Customer_1479,Alexandria,,0114965912
1480,Customer_1480,cairo,cust1479@example.com,
1481,Customer_1481,alex,cust1480@example.com,0113815831
1482,Customer_1482,cairo,cust1481@example.com,
1483,Customer_1483,Alexandria,cust1482@example.com,0101503254
1484,Customer_1484,Cairo,cust1483@example.com,0119121697
1485,Customer_1485,CAIRO,cust1484@example.com,0116550799
1486,Customer_1486,cairo,cust1485@example.com,0123032877
1487,Customer_1487,alex,cust1486@example.com,0128761076
1488,Customer_1488,Egypt,cust1487@example.com,0111480610
1489,Customer_1489,Giza,cust1488@example.com,0102707796
1490,Customer_1490,Alexandria,cust1489@example.com,
1491,Customer_1491,Egypt,cust1490@example.com,
1492,Customer_1492,EGYPT,cust1491@example.com,0127703260
1493,Customer_1493,giza,cust1492@example.com,0116600070
1494,Customer_1494,alex,cust1493@example.com,
1495,Customer_1495,giza,,0108371321
1496,Customer_1496,alex,cust1495@example.com,0123110546
1497,Customer_1497,Cairo,cust1496@example.com,0125263590
1498,Customer_1498,Giza,cust1497@example.com,
1499,Customer_1499,Egypt,cust1498@example.com,0117561242
1500,Customer_1500,CAIRO,cust1499@example.com,0122909854
1501,Customer_1501,alex,cust1500@example.com,0102771533
1502,Customer_1502,CAIRO,cust1501@example.com,0113569986
1503,Customer_1503,Giza,cust1502@example.com,0117069525
1504,Customer_1504,Alexandria,,
1505,Customer_1505,EGYPT,cust1504@example.com,0118830820
1506,Customer_1506,Egypt,cust1505@example.com,0127620418
1507,Customer_1507,Giza,cust1506@example.com,
1508,Customer_1508,Giza,cust1507@example.com,0127510332
1509,Customer_1509,Cairo,,0112501642
1510,Customer_1510,giza,cust1509@example.com,0114212338
1511,Customer_1511,EGYPT,cust1510@example.com,0115778201
1512,Customer_1512,Egypt,cust1511@example.com,0116881353
1513,Customer_1513,Alexandria,cust1512@example.com,
1514,Customer_1514,Alexandria,cust1513@example.com,
1515,Customer_1515,cairo,cust1514@example.com,0101838794
1516,Customer_1516,Giza,cust1515@example.com,0128746393
1517,Customer_1517,alex,cust1516@example.com,0117741352
1518,Customer_1518,Cairo,,0117321216
1519,Customer_1519,EGYPT,cust1518@example.com,0128863617
1520,Customer_1520,Alexandria,cust1519@example.com,0121721175
1521,Customer_1521,Egypt,cust1520@example.com,
1522,Customer_1522,cairo,cust1521@example.com,0125603997
1523,Customer_1523,Egypt,cust1522@example.com,0107342533
1524,Customer_1524,Cairo,cust1523@example.com,0117368825
1525,Customer_1525,alex,cust1524@example.com,0104072546
1526,Customer_1526,cairo,cust1525@example.com,0111682940
1527,Customer_1527,cairo,cust1526@example.com,0118054234
1528,Customer_1528,giza,cust1527@example.com,0103327409
1529,Customer_1529,EGYPT,cust1528@example.com,0102956599
1530,Customer_1530,cairo,cust1529@example.com,0126614405
1531,Customer_1531,giza,,0112103986
1532,Customer_1532,giza,cust1531@example.com,0104431951
1533,Customer_1533,Cairo,cust1532@example.com,
1534,Customer_1534,CAIRO,cust1533@example.com,0104244011
1535,Customer_1535,Egypt,,0104382843
1536,Customer_1536,alex,cust1535@example.com,0105688450
1537,Customer_1537,Egypt,cust1536@example.com,0117566166
1538,Customer_1538,cairo,cust1537@example.com,0118254907
1539,Customer_1539,alex,cust1538@example.com,
1540,Customer_1540,Alexandria,cust1539@example.com,0111691615
1541,Customer_1541,CAIRO,cust1540@example.com,
1542,Customer_1542,Alexandria,cust1541@example.com,0104811451
1543,Customer_1543,Alexandria,cust1542@example.com,0117893394
1544,Customer_1544,EGYPT,cust1543@example.com,0129610759
1545,Customer_1545,Egypt,cust1544@example.com,0117824640
1546,Customer_1546,Cairo,cust1545@example.com,
1547,Customer_1547,Alexandria,cust1546@example.com,0124170703
1548,Customer_1548,cairo,cust1547@example.com,0101444285
1549,Customer_1549,CAIRO,cust1548@example.com,
1550,Customer_1550,Giza,cust1549@example.com,0119072632
1551,Customer_1551,Alexandria,cust1550@example.com,0127615921
1552,Customer_1552,CAIRO,cust1551@example.com,0107811332
1553,Customer_1553,alex,cust1552@example.com,0112527470
1554,Customer_1554,Egypt,cust1553@example.com,
1555,Customer_1555,giza,cust1554@example.com,0122161147
1556,Customer_1556,EGYPT,cust1555@example.com,
1557,Customer_1557,CAIRO,cust1556@example.com,
1558,Customer_1558,cairo,cust1557@example.com,0104993942
1559,Customer_1559,cairo,,
1560,Customer_1560,CAIRO,cust1559@example.com,
1561,Customer_1561,cairo,cust1560@example.com,0122298890
1562,Customer_1562,Egypt,cust1561@example.com,0103013298
1563,Customer_1563,cairo,cust1562@example.com,0104378927
1564,Customer_1564,giza,cust1563@example.com,0129869363
1565,Customer_1565,cairo,cust1564@example.com,0102275616
1566,Customer_1566,giza,cust1565@example.com,0116469842
1567,Customer_1567,Alexandria,cust1566@example.com,0117824451
1568,Customer_1568,Cairo,cust1567@example.com,0126167463
1569,Customer_1569,Egypt,cust1568@example.com,0126240546
1570,Customer_1570,Cairo,cust1569@example.com,0113379939
1571,Customer_1571,Alexandria,cust1570@example.com,0124136871
1572,Customer_1572,Egypt,cust1571@example.com,0121602570
1573,Customer_1573,CAIRO,cust1572@example.com,0109383170
1574,Customer_1574,CAIRO,cust1573@example.com,0118315154
1575,Customer_1575,giza,cust1574@example.com,0109743627
1576,Customer_1576,Alexandria,cust1575@example.com,
1577,Customer_1577,giza,cust1576@example.com,0113107547
1578,Customer_1578,EGYPT,cust1577@example.com,
1579,Customer_1579,cairo,cust1578@example.com,0104223472
1580,Customer_1580,Giza,cust1579@example.com,0112802003
1581,Customer_1581,EGYPT,cust1580@example.com,0126685663
1582,Customer_1582,cairo,cust1581@example.com,0129410797
1583,Customer_1583,Egypt,cust1582@example.com,0111819019
1584,Customer_1584,giza,cust1583@example.com,0115387217
1585,Customer_1585,Egypt,cust1584@example.com,0126937539
1586,Customer_1586,Egypt,cust1585@example.com,
1587,Customer_1587,cairo,cust1586@example.com,0118857307
1588,Customer_1588,Alexandria,cust1587@example.com,
1589,Customer_1589,cairo,cust1588@example.com,0102071433
1590,Customer_1590,alex,cust1589@example.com,0124235078
1591,Customer_1591,CAIRO,cust1590@example.com,0121472365
1592,Customer_1592,CAIRO,cust1591@example.com,0105696817
1593,Customer_1593,EGYPT,cust1592@example.com,0102637080
1594,Customer_1594,CAIRO,,0111665652
1595,Customer_1595,cairo,cust1594@example.com,0119818114
1596,Customer_1596,giza,cust1595@example.com,0117299780
1597,Customer_1597,cairo,cust1596@example.com,0121135896
1598,Customer_1598,cairo,cust1597@example.com,
1599,Customer_1599,Giza,cust1598@example.com,0128825177
1600,Customer_1600,giza,cust1599@example.com,0123384767
1601,Customer_1601,alex,cust1600@example.com,0121188257
1602,Customer_1602,CAIRO,cust1601@example.com,0119382102
1603,Customer_1603,giza,cust1602@example.com,0113602788
1604,Customer_1604,CAIRO,cust1603@example.com,
1605,Customer_1605,EGYPT,cust1604@example.com,0121870261
1606,Customer_1606,giza,cust1605@example.com,0111172311
1607,Customer_1607,CAIRO,cust1606@example.com,0101445381
1608,Customer_1608,alex,cust1607@example.com,0102528765
1609,Customer_1609,Cairo,cust1608@example.com,
1610,Customer_1610,Egypt,cust1609@example.com,0123677621
1611,Customer_1611,Egypt,cust1610@example.com,0118497143
1612,Customer_1612,alex,cust1611@example.com,0124398538
1613,Customer_1613,Giza,cust1612@example.com,0113019495
1614,Customer_1614,Cairo,cust1613@example.com,0104230032
1615,Customer_1615,EGYPT,cust1614@example.com,0104968887
1616,Customer_1616,alex,cust1615@example.com,
1617,Customer_1617,Egypt,cust1616@example.com,0105484358
1618,Customer_1618,Egypt,cust1617@example.com,0106646465
1619,Customer_1619,Egypt,cust1618@example.com,
1620,Customer_1620,Alexandria,cust1619@example.com,0116120926
1621,Customer_1621,alex,,0104535463
1622,Customer_1622,cairo,cust1621@example.com,0109488215
1623,Customer_1623,EGYPT,cust1622@example.com,0119323542
1624,Customer_1624,Egypt,cust1623@example.com,0111997957
1625,Customer_1625,CAIRO,cust1624@example.com,0123865990
1626,Customer_1626,alex,cust1625@example.com,0105861322
1627,Customer_1627,Alexandria,cust1626@example.com,0104861401
1628,Customer_1628,alex,cust1627@example.com,0111122411
1629,Customer_1629,EGYPT,cust1628@example.com,0103310686
1630,Customer_1630,Alexandria,cust1629@example.com,0104819166
1631,Customer_1631,EGYPT,cust1630@example.com,0105928987
1632,Customer_1632,alex,,0126516477
1633,Customer_1633,cairo,cust1632@example.com,0112741811
1634,Customer_1634,EGYPT,cust1633@example.com,0103922712
1635,Customer_1635,Alexandria,,0102483555
1636,Customer_1636,Alexandria,cust1635@example.com,0127977192
1637,Customer_1637,EGYPT,cust1636@example.com,
1638,Customer_1638,alex,cust1637@example.com,0119197874
1639,Customer_1639,Giza,,0114774889
1640,Customer_1640,alex,cust1639@example.com,0117804501
1641,Customer_1641,EGYPT,cust1640@example.com,0129747518
1642,Customer_1642,Cairo,cust1641@example.com,0117381167
1643,Customer_1643,EGYPT,cust1642@example.com,0118058711
1644,Customer_1644,cairo,cust1643@example.com,
1645,Customer_1645,EGYPT,cust1644@example.com,0127595181
1646,Customer_1646,EGYPT,cust1645@example.com,
1647,Customer_1647,cairo,cust1646@example.com,0125817000
1648,Customer_1648,EGYPT,cust1647@example.com,0114158134
1649,Customer_1649,Egypt,cust1648@example.com,0127709044
1650,Customer_1650,Cairo,cust1649@example.com,0102083149
1651,Customer_1651,CAIRO,cust1650@example.com,
1652,Customer_1652,Cairo,,0116371037
1653,Customer_1653,EGYPT,cust1652@example.com,0106780588
1654,Customer_1654,Egypt,cust1653@example.com,0121987182
1655,Customer_1655,alex,,0124089628
1656,Customer_1656,EGYPT,cust1655@example.com,0115732311
1657,Customer_1657,Egypt,cust1656@example.com,
1658,Customer_1658,cairo,cust1657@example.com,0126132230
1659,Customer_1659,Egypt,cust1658@example.com,0116455611
1660,Customer_1660,cairo,cust1659@example.com,0103586234
1661,Customer_1661,Giza,cust1660@example.com,0115512985
1662,Customer_1662,CAIRO,cust1661@example.com,0125549031
1663,Customer_1663,giza,cust1662@example.com,0102795210
1664,Customer_1664,Egypt,cust1663@example.com,
1665,Customer_1665,Alexandria,cust1664@example.com,0126535422
1666,Customer_1666,EGYPT,,0101300343
1667,Customer_1667,Cairo,,
1668,Customer_1668,giza,cust1667@example.com,0101460552
1669,Customer_1669,Cairo,cust1668@example.com,0122865246
1670,Customer_1670,Giza,cust1669@example.com,0115552080
1671,Customer_1671,giza,cust1670@example.com,0118534459
1672,Customer_1672,giza,cust1671@example.com,0114863651
1673,Customer_1673,Cairo,cust1672@example.com,0105677841
1674,Customer_1674,cairo,cust1673@example.com,0127630609
1675,Customer_1675,Cairo,cust1674@example.com,0119410510
1676,Customer_1676,cairo,cust1675@example.com,0124498175
1677,Customer_1677,Giza,cust1676@example.com,
1678,Customer_1678,EGYPT,cust1677@example.com,0122258838
1679,Customer_1679,alex,cust1678@example.com,0108001144
1680,Customer_1680,cairo,cust1679@example.com,0108842032
1681,Customer_1681,Giza,cust1680@example.com,
1682,Customer_1682,Alexandria,cust1681@example.com,0121150809
1683,Customer_1683,Giza,cust1682@example.com,0112917182
1684,Customer_1684,Cairo,cust1683@example.com,
1685,Customer_1685,Cairo,cust1684@example.com,0127333551
1686,Customer_1686,alex,cust1685@example.com,0105950508
1687,Customer_1687,Giza,cust1686@example.com,
1688,Customer_1688,CAIRO,cust1687@example.com,0113904157
1689,Customer_1689,EGYPT,cust1688@example.com,
1690,Customer_1690,Cairo,cust1689@example.com,0108491824
1691,Customer_1691,alex,cust1690@example.com,
1692,Customer_1692,EGYPT,,0106607886
1693,Customer_1693,Giza,cust1692@example.com,0106685451
1694,Customer_1694,Giza,cust1693@example.com,0112000421
1695,Customer_1695,giza,cust1694@example.com,0115419807
1696,Customer_1696,alex,cust1695@example.com,
1697,Customer_1697,Cairo,cust1696@example.com,0101514724
1698,Customer_1698,CAIRO,cust1697@example.com,0117781054
1699,Customer_1699,Giza,,0105301016
1700,Customer_1700,CAIRO,cust1699@example.com,0103810378
1701,Customer_1701,Giza,cust1700@example.com,0116458232
1702,Customer_1702,Cairo,cust1701@example.com,
1703,Customer_1703,EGYPT,cust1702@example.com,0108680564
1704,Customer_1704,Egypt,cust1703@example.com,0105408262
1705,Customer_1705,EGYPT,cust1704@example.com,
1706,Customer_1706,Giza,cust1705@example.com,
1707,Customer_1707,Egypt,cust1706@example.com,0108377988
1708,Customer_1708,Egypt,cust1707@example.com,0121878704
1709,Customer_1709,CAIRO,,0113930343
1710,Customer_1710,alex,cust1709@example.com,0113873942
1711,Customer_1711,CAIRO,cust1710@example.com,0128028745
1712,Customer_1712,CAIRO,cust1711@example.com,0116634926
1713,Customer_1713,EGYPT,cust1712@example.com,0118142474
1714,Customer_1714,EGYPT,cust1713@example.com,0118866225
1715,Customer_1715,Alexandria,cust1714@example.com,
1716,Customer_1716,Giza,cust1715@example.com,0106221512
1717,Customer_1717,Alexandria,cust1716@example.com,0125843150
1718,Customer_1718,Cairo,cust1717@example.com,0108315131
1719,Customer_1719,Giza,cust1718@example.com,0117893588
1720,Customer_1720,Giza,cust1719@example.com,0126942700
1721,Customer_1721,giza,cust1720@example.com,
1722,Customer_1722,giza,cust1721@example.com,0113903212
1723,Customer_1723,cairo,cust1722@example.com,
1724,Customer_1724,cairo,cust1723@example.com,0119844578
1725,Customer_1725,CAIRO,cust1724@example.com,0114527168
1726,Customer_1726,Cairo,cust1725@example.com,0103327080
1727,Customer_1727,Egypt,cust1726@example.com,0111247472
1728,Customer_1728,Egypt,,0128590123
1729,Customer_1729,giza,cust1728@example.com,0112142431
1730,Customer_1730,giza,cust1729@example.com,0111735297
1731,Customer_1731,giza,cust1730@example.com,0115115785
1732,Customer_1732,alex,cust1731@example.com,0126391923
1733,Customer_1733,cairo,,0121209418
1734,Customer_1734,EGYPT,cust1733@example.com,0108167314
1735,Customer_1735,Egypt,cust1734@example.com,0122295167
1736,Customer_1736,Giza,cust1735@example.com,0118510002
1737,Customer_1737,cairo,,0128325053
1738,Customer_1738,Alexandria,cust1737@example.com,0113995548
1739,Customer_1739,EGYPT,cust1738@example.com,0124092646
1740,Customer_1740,cairo,cust1739@example.com,0129481098
1741,Customer_1741,Cairo,cust1740@example.com,0122977686
1742,Customer_1742,Giza,cust1741@example.com,0121947653
1743,Customer_1743,cairo,cust1742@example.com,0125451270
1744,Customer_1744,alex,cust1743@example.com,0106287330
1745,Customer_1745,giza,cust1744@example.com,0114494351
1746,Customer_1746,giza,cust1745@example.com,0117364220
1747,Customer_1747,Giza,cust1746@example.com,0104104420
1748,Customer_1748,giza,cust1747@example.com,0116077709
1749,Customer_1749,cairo,cust1748@example.com,0125413740
1750,Customer_1750,Alexandria,cust1749@example.com,0127395036
1751,Customer_1751,Egypt,cust1750@example.com,0109230963
1752,Customer_1752,Egypt,cust1751@example.com,
1753,Customer_1753,EGYPT,cust1752@example.com,0114848938
1754,Customer_1754,CAIRO,cust1753@example.com,0128012381
1755,Customer_1755,Cairo,,
1756,Customer_1756,Giza,cust1755@example.com,0127700222
1757,Customer_1757,EGYPT,cust1756@example.com,0115321083
1758,Customer_1758,CAIRO,cust1757@example.com,0118091812
1759,Customer_1759,alex,cust1758@example.com,0103048351
1760,Customer_1760,alex,cust1759@example.com,0109137734
1761,Customer_1761,Cairo,cust1760@example.com,0123519986
1762,Customer_1762,giza,cust1761@example.com,0129656220
1763,Customer_1763,cairo,cust1762@example.com,0106720103
1764,Customer_1764,EGYPT,cust1763@example.com,0119229326
1765,Customer_1765,EGYPT,cust1764@example.com,0129946535
1766,Customer_1766,Giza,cust1765@example.com,0123125729
1767,Customer_1767,Giza,cust1766@example.com,
1768,Customer_1768,alex,cust1767@example.com,0114324358
1769,Customer_1769,alex,cust1768@example.com,0103621333
1770,Customer_1770,Alexandria,cust1769@example.com,
1771,Customer_1771,Alexandria,cust1770@example.com,
1772,Customer_1772,giza,cust1771@example.com,
1773,Customer_1773,Alexandria,cust1772@example.com,0114362360
1774,Customer_1774,cairo,cust1773@example.com,0121197740
1775,Customer_1775,cairo,cust1774@example.com,
1776,Customer_1776,EGYPT,,0103578050
1777,Customer_1777,Egypt,cust1776@example.com,0104109348
1778,Customer_1778,cairo,cust1777@example.com,0105082948
1779,Customer_1779,CAIRO,cust1778@example.com,0111035650
1780,Customer_1780,alex,cust1779@example.com,
1781,Customer_1781,Giza,cust1780@example.com,0124300799
1782,Customer_1782,Alexandria,cust1781@example.com,0124462305
1783,Customer_1783,EGYPT,cust1782@example.com,0122683428
1784,Customer_1784,Cairo,,0122747965
1785,Customer_1785,Giza,cust1784@example.com,0112304340
1786,Customer_1786,CAIRO,cust1785@example.com,0124154163
1787,Customer_1787,Alexandria,cust1786@example.com,0104763809
1788,Customer_1788,CAIRO,cust1787@example.com,0114257532
1789,Customer_1789,alex,cust1788@example.com,0109150580
1790,Customer_1790,alex,cust1789@example.com,0114359550
1791,Customer_1791,giza,,0102121809
1792,Customer_1792,EGYPT,cust1791@example.com,0102122812
1793,Customer_1793,Giza,cust1792@example.com,0114533136
1794,Customer_1794,Giza,cust1793@example.com,0125474763
1795,Customer_1795,Cairo,cust1794@example.com,0112644344
1796,Customer_1796,EGYPT,cust1795@example.com,0129730020
1797,Customer_1797,CAIRO,cust1796@example.com,0111188425
1798,Customer_1798,Cairo,cust1797@example.com,0117584212
1799,Customer_1799,Egypt,cust1798@example.com,0106156835
1800,Customer_1800,Giza,cust1799@example.com,0129801094
1801,Customer_1801,CAIRO,cust1800@example.com,0123961167
1802,Customer_1802,cairo,cust1801@example.com,0121819412
1803,Customer_1803,giza,cust1802@example.com,0107648818
1804,Customer_1804,EGYPT,,
1805,Customer_1805,alex,cust1804@example.com,
1806,Customer_1806,cairo,cust1805@example.com,0126210578
1807,Customer_1807,giza,cust1806@example.com,0115399547
1808,Customer_1808,giza,cust1807@example.com,0129137010
1809,Customer_1809,Egypt,cust1808@example.com,0101577598
1810,Customer_1810,Egypt,cust1809@example.com,0125084873
1811,Customer_1811,Alexandria,cust1810@example.com,0125054987
1812,Customer_1812,Alexandria,cust1811@example.com,
1813,Customer_1813,Cairo,cust1812@example.com,
1814,Customer_1814,giza,cust1813@example.com,0116884280
1815,Customer_1815,cairo,cust1814@example.com,0109120664
1816,Customer_1816,EGYPT,cust1815@example.com,
1817,Customer_1817,giza,cust1816@example.com,0102847793
1818,Customer_1818,Egypt,cust1817@example.com,0105310308
1819,Customer_1819,CAIRO,cust1818@example.com,0113501709
1820,Customer_1820,alex,cust1819@example.com,0122678290
1821,Customer_1821,Alexandria,cust1820@example.com,0125260222
1822,Customer_1822,Giza,cust1821@example.com,
1823,Customer_1823,CAIRO,cust1822@example.com,
1824,Customer_1824,EGYPT,cust1823@example.com,0116141540
1825,Customer_1825,Egypt,cust1824@example.com,
1826,Customer_1826,Egypt,cust1825@example.com,
1827,Customer_1827,Egypt,cust1826@example.com,0126190699
1828,Customer_1828,Giza,cust1827@example.com,
1829,Customer_1829,Alexandria,cust1828@example.com,0115194856
1830,Customer_1830,CAIRO,cust1829@example.com,0115051801
1831,Customer_1831,EGYPT,cust1830@example.com,0119087165
1832,Customer_1832,Alexandria,cust1831@example.com,0114071854
1833,Customer_1833,EGYPT,cust1832@example.com,0101229161
1834,Customer_1834,Alexandria,cust1833@example.com,0109152108
1835,Customer_1835,Giza,,0129947295
1836,Customer_1836,alex,cust1835@example.com,0126053395
1837,Customer_1837,EGYPT,,0107447294
1838,Customer_1838,Alexandria,cust1837@example.com,0104111943
1839,Customer_1839,Egypt,cust1838@example.com,0116282508
1840,Customer_1840,giza,cust1839@example.com,
1841,Customer_1841,Egypt,cust1840@example.com,
1842,Customer_1842,Cairo,cust1841@example.com,0106800861
1843,Customer_1843,alex,cust1842@example.com,0107226512
1844,Customer_1844,alex,,
1845,Customer_1845,Egypt,cust1844@example.com,0121846118
1846,Customer_1846,CAIRO,cust1845@example.com,0115154614
1847,Customer_1847,Giza,cust1846@example.com,0108965300
1848,Customer_1848,EGYPT,cust1847@example.com,0108328717
1849,Customer_1849,alex,cust1848@example.com,0122847220
1850,Customer_1850,Egypt,cust1849@example.com,0123673655
1851,Customer_1851,Egypt,cust1850@example.com,0126500426
1852,Customer_1852,Giza,cust1851@example.com,
1853,Customer_1853,Giza,cust1852@example.com,0125362556
1854,Customer_1854,cairo,cust1853@example.com,0112468323
1855,Customer_1855,cairo,,0129064788
1856,Customer_1856,CAIRO,cust1855@example.com,0114575190
1857,Customer_1857,CAIRO,cust1856@example.com,0105823485
1858,Customer_1858,Cairo,cust1857@example.com,0115762050
1859,Customer_1859,CAIRO,cust1858@example.com,0118166589
1860,Customer_1860,Alexandria,cust1859@example.com,0112306276
1861,Customer_1861,Giza,cust1860@example.com,
1862,Customer_1862,Alexandria,cust1861@example.com,0118868742
1863,Customer_1863,EGYPT,cust1862@example.com,
1864,Customer_1864,Egypt,cust1863@example.com,0127158146
1865,Customer_1865,CAIRO,cust1864@example.com,0119050590
1866,Customer_1866,Egypt,cust1865@example.com,
1867,Customer_1867,alex,cust1866@example.com,0125197470
1868,Customer_1868,Cairo,cust1867@example.com,
1869,Customer_1869,alex,cust1868@example.com,0118036929
1870,Customer_1870,Cairo,cust1869@example.com,0108395996
1871,Customer_1871,cairo,cust1870@example.com,0119837718
1872,Customer_1872,Egypt,cust1871@example.com,0103009493
1873,Customer_1873,Cairo,cust1872@example.com,0117528070
1874,Customer_1874,giza,cust1873@example.com,0123186744
1875,Customer_1875,Alexandria,cust1874@example.com,0121098076
1876,Customer_1876,Cairo,cust1875@example.com,0112714064
1877,Customer_1877,Cairo,cust1876@example.com,0121393768
1878,Customer_1878,Alexandria,cust1877@example.com,0112811272
1879,Customer_1879,Egypt,cust1878@example.com,0109686627
1880,Customer_1880,Egypt,cust1879@example.com,0124690060
1881,Customer_1881,Alexandria,cust1880@example.com,0129033933
1882,Customer_1882,alex,cust1881@example.com,
1883,Customer_1883,giza,cust1882@example.com,0117572865
1884,Customer_1884,EGYPT,cust1883@example.com,0123585573
1885,Customer_1885,giza,cust1884@example.com,0122071718
1886,Customer_1886,Egypt,cust1885@example.com,0101780012
1887,Customer_1887,cairo,cust1886@example.com,0126000827
1888,Customer_1888,CAIRO,,0102824617
1889,Customer_1889,Cairo,cust1888@example.com,
1890,Customer_1890,Alexandria,cust1889@example.com,
1891,Customer_1891,Alexandria,cust1890@example.com,0108187534
1892,Customer_1892,Cairo,cust1891@example.com,0107880212
1893,Customer_1893,CAIRO,,0126331673
1894,Customer_1894,EGYPT,cust1893@example.com,0101056824
1895,Customer_1895,CAIRO,,0109775434
1896,Customer_1896,CAIRO,cust1895@example.com,0114883948
1897,Customer_1897,CAIRO,cust1896@example.com,0128622351
1898,Customer_1898,EGYPT,cust1897@example.com,0108038707
1899,Customer_1899,EGYPT,cust1898@example.com,
1900,Customer_1900,Egypt,,0116963143
1901,Customer_1901,Cairo,cust1900@example.com,0102206451
1902,Customer_1902,EGYPT,cust1901@example.com,0111584755
1903,Customer_1903,EGYPT,,0126921274
1904,Customer_1904,Egypt,cust1903@example.com,0102070946
1905,Customer_1905,Alexandria,,0122657769
1906,Customer_1906,Egypt,cust1905@example.com,
1907,Customer_1907,alex,cust1906@example.com,0123766397
1908,Customer_1908,alex,cust1907@example.com,0106084891
1909,Customer_1909,cairo,cust1908@example.com,0105820983
1910,Customer_1910,CAIRO,cust1909@example.com,0114454970
1911,Customer_1911,Cairo,cust1910@example.com,0129181307
1912,Customer_1912,Giza,cust1911@example.com,
1913,Customer_1913,giza,cust1912@example.com,0125056236
1914,Customer_1914,Egypt,cust1913@example.com,0103812664
1915,Customer_1915,Alexandria,cust1914@example.com,0105537591
1916,Customer_1916,giza,,0104231217
1917,Customer_1917,Alexandria,cust1916@example.com,0114463941
1918,Customer_1918,giza,cust1917@example.com,0104457491
1919,Customer_1919,Egypt,,0102073995
1920,Customer_1920,Giza,cust1919@example.com,0103774091
1921,Customer_1921,giza,cust1920@example.com,0115748705
1922,Customer_1922,Egypt,cust1921@example.com,0117674241
1923,Customer_1923,EGYPT,cust1922@example.com,0102780230
1924,Customer_1924,Giza,cust1923@example.com,
1925,Customer_1925,Alexandria,cust1924@example.com,0111556036
1926,Customer_1926,alex,cust1925@example.com,0109118879
1927,Customer_1927,CAIRO,cust1926@example.com,0125059660
1928,Customer_1928,alex,cust1927@example.com,0114006315
1929,Customer_1929,Giza,cust1928@example.com,0129544264
1930,Customer_1930,Alexandria,cust1929@example.com,
1931,Customer_1931,giza,cust1930@example.com,0108574779
1932,Customer_1932,Alexandria,cust1931@example.com,0117298671
1933,Customer_1933,giza,cust1932@example.com,
1934,Customer_1934,Egypt,cust1933@example.com,0115067438
1935,Customer_1935,Giza,cust1934@example.com,0127146097
1936,Customer_1936,Egypt,cust1935@example.com,0119239406
1937,Customer_1937,cairo,cust1936@example.com,0112513592
1938,Customer_1938,giza,cust1937@example.com,0114795195
1939,Customer_1939,EGYPT,cust1938@example.com,
1940,Customer_1940,Egypt,cust1939@example.com,
1941,Customer_1941,cairo,cust1940@example.com,
1942,Customer_1942,Cairo,cust1941@example.com,0115342957
1943,Customer_1943,alex,cust1942@example.com,0129054130
1944,Customer_1944,Alexandria,cust1943@example.com,0103847155
1945,Customer_1945,cairo,cust1944@example.com,0126295580
1946,Customer_1946,Giza,cust1945@example.com,0115617267
1947,Customer_1947,Egypt,cust1946@example.com,
1948,Customer_1948,Giza,cust1947@example.com,0119413389
1949,Customer_1949,alex,cust1948@example.com,0115593976
1950,Customer_1950,EGYPT,,0124771114
1951,Customer_1951,Giza,cust1950@example.com,0113689271
1952,Customer_1952,giza,cust1951@example.com,0111509766
1953,Customer_1953,EGYPT,cust1952@example.com,
1954,Customer_1954,EGYPT,cust1953@example.com,0127888490
1955,Customer_1955,cairo,cust1954@example.com,0107592630
1956,Customer_1956,EGYPT,cust1955@example.com,
1957,Customer_1957,CAIRO,cust1956@example.com,0112775228
1958,Customer_1958,alex,,0115578986
1959,Customer_1959,EGYPT,,0118508167
1960,Customer_1960,Giza,cust1959@example.com,0109030237
1961,Customer_1961,Cairo,,0102255315
1962,Customer_1962,CAIRO,cust1961@example.com,0125098776
1963,Customer_1963,CAIRO,cust1962@example.com,0115679308
1964,Customer_1964,giza,cust1963@example.com,0114668312
1965,Customer_1965,EGYPT,cust1964@example.com,0108202500
1966,Customer_1966,giza,cust1965@example.com,0124889321
1967,Customer_1967,giza,cust1966@example.com,0125064935
1968,Customer_1968,Cairo,cust1967@example.com,0121711047
1969,Customer_1969,cairo,cust1968@example.com,
1970,Customer_1970,EGYPT,,0109087776
1971,Customer_1971,Egypt,cust1970@example.com,0117070846
1972,Customer_1972,giza,cust1971@example.com,0118925665
1973,Customer_1973,alex,,
1974,Customer_1974,Alexandria,cust1973@example.com,0118472319
1975,Customer_1975,alex,cust1974@example.com,0102763003
1976,Customer_1976,Cairo,cust1975@example.com,0103369522
1977,Customer_1977,Cairo,cust1976@example.com,0125896979
1978,Customer_1978,Giza,cust1977@example.com,0118282165
1979,Customer_1979,cairo,cust1978@example.com,0124274472
1980,Customer_1980,giza,,0108158751
1981,Customer_1981,alex,cust1980@example.com,0109601888
1982,Customer_1982,Alexandria,cust1981@example.com,0128127866
1983,Customer_1983,Cairo,cust1982@example.com,0125260020
1984,Customer_1984,Cairo,cust1983@example.com,0121660464
1985,Customer_1985,cairo,cust1984@example.com,0123259107
1986,Customer_1986,Alexandria,cust1985@example.com,0127809359
1987,Customer_1987,Alexandria,cust1986@example.com,0117716026
1988,Customer_1988,cairo,,0118497854
1989,Customer_1989,Cairo,cust1988@example.com,0105700025
1990,Customer_1990,EGYPT,cust1989@example.com,0103039801
1991,Customer_1991,EGYPT,cust1990@example.com,0105191467
1992,Customer_1992,cairo,cust1991@example.com,0126242899
1993,Customer_1993,Alexandria,cust1992@example.com,
1994,Customer_1994,giza,cust1993@example.com,0103466425
1995,Customer_1995,cairo,cust1994@example.com,0108969609
1996,Customer_1996,cairo,cust1995@example.com,0104371866
1997,Customer_1997,CAIRO,cust1996@example.com,
1998,Customer_1998,alex,cust1997@example.com,0105889195
1999,Customer_1999,Alexandria,cust1998@example.com,0114977053
2000,Customer_2000,Giza,cust1999@example.com,0105361335
2001,Customer_2001,Giza,cust2000@example.com,
2002,Customer_2002,Alexandria,cust2001@example.com,0108583664
2003,Customer_2003,CAIRO,cust2002@example.com,0118615782
2004,Customer_2004,CAIRO,cust2003@example.com,
2005,Customer_2005,Cairo,cust2004@example.com,0106305451
2006,Customer_2006,alex,cust2005@example.com,0101072433
2007,Customer_2007,EGYPT,cust2006@example.com,0121544951
2008,Customer_2008,Egypt,cust2007@example.com,0102436720
2009,Customer_2009,Egypt,cust2008@example.com,0114927761
2010,Customer_2010,Egypt,cust2009@example.com,0106804429
2011,Customer_2011,Alexandria,cust2010@example.com,0123509000
2012,Customer_2012,Giza,cust2011@example.com,0105193272
2013,Customer_2013,Giza,cust2012@example.com,0102499486
2014,Customer_2014,EGYPT,,
2015,Customer_2015,Alexandria,cust2014@example.com,0114193389
2016,Customer_2016,Egypt,cust2015@example.com,0122151156
2017,Customer_2017,giza,cust2016@example.com,0121808880
2018,Customer_2018,Giza,cust2017@example.com,0117942418
2019,Customer_2019,Cairo,cust2018@example.com,0129406532
2020,Customer_2020,cairo,cust2019@example.com,
2021,Customer_2021,giza,cust2020@example.com,0115208656
2022,Customer_2022,Giza,cust2021@example.com,0108529682
2023,Customer_2023,CAIRO,cust2022@example.com,0102548620
2024,Customer_2024,Giza,cust2023@example.com,0121268418
2025,Customer_2025,Cairo,cust2024@example.com,0107340255
2026,Customer_2026,Egypt,cust2025@example.com,
2027,Customer_2027,CAIRO,cust2026@example.com,0122146900
2028,Customer_2028,Alexandria,cust2027@example.com,0112652773
2029,Customer_2029,alex,cust2028@example.com,0121985348
2030,Customer_2030,Egypt,cust2029@example.com,
2031,Customer_2031,alex,cust2030@example.com,0124804870
2032,Customer_2032,giza,cust2031@example.com,0127665730
2033,Customer_2033,cairo,cust2032@example.com,0129257187
2034,Customer_2034,CAIRO,cust2033@example.com,
2035,Customer_2035,EGYPT,cust2034@example.com,0108408550
2036,Customer_2036,CAIRO,cust2035@example.com,0112632283
2037,Customer_2037,Giza,cust2036@example.com,0127442249
2038,Customer_2038,Giza,cust2037@example.com,0112075266
2039,Customer_2039,Giza,cust2038@example.com,0104306757
2040,Customer_2040,giza,cust2039@example.com,0126397771
2041,Customer_2041,Egypt,,0106246989
2042,Customer_2042,EGYPT,cust2041@example.com,0121078532
2043,Customer_2043,EGYPT,,
2044,Customer_2044,Giza,cust2043@example.com,0106902647
2045,Customer_2045,alex,cust2044@example.com,0104527247
2046,Customer_2046,giza,,
2047,Customer_2047,Giza,cust2046@example.com,
2048,Customer_2048,cairo,cust2047@example.com,0115150761
2049,Customer_2049,Egypt,cust2048@example.com,0106979627
2050,Customer_2050,Alexandria,cust2049@example.com,
2051,Customer_2051,cairo,cust2050@example.com,0112598621
2052,Customer_2052,alex,cust2051@example.com,0121001976
2053,Customer_2053,CAIRO,cust2052@example.com,0129117752
2054,Customer_2054,CAIRO,cust2053@example.com,
2055,Customer_2055,cairo,cust2054@example.com,0129854512
2056,Customer_2056,Giza,cust2055@example.com,0107553468
2057,Customer_2057,Alexandria,cust2056@example.com,0124233999
2058,Customer_2058,Cairo,cust2057@example.com,0122434096
2059,Customer_2059,Cairo,cust2058@example.com,0124491931
2060,Customer_2060,alex,cust2059@example.com,0129262227
2061,Customer_2061,Giza,,0129420656
2062,Customer_2062,EGYPT,cust2061@example.com,0128129811
2063,Customer_2063,EGYPT,cust2062@example.com,
2064,Customer_2064,Egypt,cust2063@example.com,0122298799
2065,Customer_2065,Alexandria,,0115546903
2066,Customer_2066,Alexandria,cust2065@example.com,0104977851
2067,Customer_2067,CAIRO,cust2066@example.com,0121043330
2068,Customer_2068,giza,cust2067@example.com,0116399160
2069,Customer_2069,alex,cust2068@example.com,0102011606
2070,Customer_2070,Cairo,cust2069@example.com,0117196100
2071,Customer_2071,alex,cust2070@example.com,0105453476
2072,Customer_2072,EGYPT,cust2071@example.com,0103369958
2073,Customer_2073,EGYPT,cust2072@example.com,0103520569
2074,Customer_2074,cairo,cust2073@example.com,0129885040
2075,Customer_2075,Egypt,cust2074@example.com,0115217721
2076,Customer_2076,Alexandria,cust2075@example.com,
2077,Customer_2077,alex,cust2076@example.com,0103685230
2078,Customer_2078,EGYPT,cust2077@example.com,
2079,Customer_2079,giza,cust2078@example.com,
2080,Customer_2080,CAIRO,cust2079@example.com,0126025099
2081,Customer_2081,Cairo,cust2080@example.com,0121452713
2082,Customer_2082,Egypt,cust2081@example.com,
2083,Customer_2083,giza,cust2082@example.com,0101094100
2084,Customer_2084,Egypt,cust2083@example.com,0127094833
2085,Customer_2085,cairo,cust2084@example.com,0104959354
2086,Customer_2086,EGYPT,cust2085@example.com,0124092339
2087,Customer_2087,CAIRO,cust2086@example.com,
2088,Customer_2088,giza,,0104381169
2089,Customer_2089,Egypt,cust2088@example.com,
2090,Customer_2090,Alexandria,cust2089@example.com,0113389823
2091,Customer_2091,cairo,,
2092,Customer_2092,Alexandria,cust2091@example.com,0127499601
2093,Customer_2093,CAIRO,cust2092@example.com,
2094,Customer_2094,giza,cust2093@example.com,0109493191
2095,Customer_2095,cairo,cust2094@example.com,
2096,Customer_2096,giza,cust2095@example.com,0119747062
2097,Customer_2097,EGYPT,cust2096@example.com,
2098,Customer_2098,Giza,cust2097@example.com,0103460434
2099,Customer_2099,cairo,cust2098@example.com,0103130367
2100,Customer_2100,Alexandria,cust2099@example.com,0114930136
2101,Customer_2101,CAIRO,cust2100@example.com,0123209814
2102,Customer_2102,EGYPT,cust2101@example.com,0116209621
2103,Customer_2103,Giza,cust2102@example.com,0126377450
2104,Customer_2104,Cairo,cust2103@example.com,0118247435
2105,Customer_2105,EGYPT,cust2104@example.com,0103753153
2106,Customer_2106,CAIRO,cust2105@example.com,
2107,Customer_2107,Egypt,cust2106@example.com,0124129445
2108,Customer_2108,cairo,cust2107@example.com,0109376144
2109,Customer_2109,giza,cust2108@example.com,
2110,Customer_2110,CAIRO,cust2109@example.com,0119422439
2111,Customer_2111,cairo,,0127020081
2112,Customer_2112,giza,,0121454621
2113,Customer_2113,alex,cust2112@example.com,0119866163
2114,Customer_2114,Alexandria,,0104179225
2115,Customer_2115,Cairo,cust2114@example.com,0115220010
2116,Customer_2116,EGYPT,,
2117,Customer_2117,CAIRO,cust2116@example.com,0111523680
2118,Customer_2118,Cairo,cust2117@example.com,0116982949
2119,Customer_2119,Egypt,cust2118@example.com,0111682273
2120,Customer_2120,cairo,cust2119@example.com,0118602041
2121,Customer_2121,cairo,cust2120@example.com,0116259292
2122,Customer_2122,CAIRO,cust2121@example.com,0107511729
2123,Customer_2123,Giza,cust2122@example.com,0122114150
2124,Customer_2124,Giza,cust2123@example.com,0105968016
2125,Customer_2125,alex,cust2124@example.com,0105918719
2126,Customer_2126,Alexandria,cust2125@example.com,0126867594
2127,Customer_2127,giza,cust2126@example.com,
2128,Customer_2128,Egypt,cust2127@example.com,0127821258
2129,Customer_2129,Cairo,cust2128@example.com,0114133748
2130,Customer_2130,Giza,,0118498476
2131,Customer_2131,alex,cust2130@example.com,0107369271
2132,Customer_2132,alex,,
2133,Customer_2133,CAIRO,cust2132@example.com,0127880283
2134,Customer_2134,Egypt,cust2133@example.com,0109536018
2135,Customer_2135,giza,cust2134@example.com,0113151899
2136,Customer_2136,Alexandria,cust2135@example.com,0112609911
2137,Customer_2137,EGYPT,cust2136@example.com,0122107212
2138,Customer_2138,CAIRO,cust2137@example.com,0103408810
2139,Customer_2139,giza,cust2138@example.com,0122823942
2140,Customer_2140,EGYPT,cust2139@example.com,0116043915
2141,Customer_2141,EGYPT,cust2140@example.com,0104521270
2142,Customer_2142,Egypt,cust2141@example.com,0123565550
2143,Customer_2143,Egypt,cust2142@example.com,0123184106
2144,Customer_2144,Cairo,cust2143@example.com,0114057798
2145,Customer_2145,alex,cust2144@example.com,0127718262
2146,Customer_2146,giza,cust2145@example.com,
2147,Customer_2147,CAIRO,cust2146@example.com,0104167678
2148,Customer_2148,cairo,,
2149,Customer_2149,CAIRO,,
2150,Customer_2150,Cairo,cust2149@example.com,0108347183
2151,Customer_2151,Alexandria,cust2150@example.com,
2152,Customer_2152,alex,,0118473595
2153,Customer_2153,cairo,cust2152@example.com,0104368864
2154,Customer_2154,Giza,cust2153@example.com,0114781424
2155,Customer_2155,Alexandria,cust2154@example.com,0102276927
2156,Customer_2156,Egypt,cust2155@example.com,0103907105
2157,Customer_2157,EGYPT,,0122732404
2158,Customer_2158,Giza,cust2157@example.com,0106557466
2159,Customer_2159,CAIRO,cust2158@example.com,0109388139
2160,Customer_2160,CAIRO,,0129467246
2161,Customer_2161,Egypt,cust2160@example.com,0126151683
2162,Customer_2162,Cairo,cust2161@example.com,
2163,Customer_2163,giza,,0105272330
2164,Customer_2164,Giza,cust2163@example.com,0113668272
2165,Customer_2165,Giza,cust2164@example.com,0114697069
2166,Customer_2166,Alexandria,cust2165@example.com,0118080614
2167,Customer_2167,alex,cust2166@example.com,0119964203
2168,Customer_2168,Alexandria,cust2167@example.com,0119427062
2169,Customer_2169,giza,cust2168@example.com,0101738910
2170,Customer_2170,CAIRO,cust2169@example.com,0127898909
2171,Customer_2171,CAIRO,cust2170@example.com,0111395444
2172,Customer_2172,CAIRO,cust2171@example.com,0101083563
2173,Customer_2173,CAIRO,cust2172@example.com,0124372230
2174,Customer_2174,giza,cust2173@example.com,0124599544
2175,Customer_2175,Egypt,cust2174@example.com,0125501749
2176,Customer_2176,alex,cust2175@example.com,0115559246
2177,Customer_2177,giza,cust2176@example.com,0114593408
2178,Customer_2178,alex,,0105198230
2179,Customer_2179,giza,cust2178@example.com,0104840572
2180,Customer_2180,CAIRO,cust2179@example.com,0112170406
2181,Customer_2181,Egypt,cust2180@example.com,0106471415
2182,Customer_2182,Giza,cust2181@example.com,0113392084
2183,Customer_2183,Alexandria,cust2182@example.com,0123907617
2184,Customer_2184,EGYPT,cust2183@example.com,0123188579
2185,Customer_2185,Egypt,cust2184@example.com,0119676767
2186,Customer_2186,Giza,,0128565253
2187,Customer_2187,Cairo,cust2186@example.com,0121454017
2188,Customer_2188,giza,cust2187@example.com,0115305007
2189,Customer_2189,Cairo,cust2188@example.com,0123064541
2190,Customer_2190,Giza,cust2189@example.com,0127451310
2191,Customer_2191,Egypt,cust2190@example.com,0117168036
2192,Customer_2192,giza,,0123774027
2193,Customer_2193,EGYPT,cust2192@example.com,0108589939
2194,Customer_2194,CAIRO,cust2193@example.com,0109363125
2195,Customer_2195,giza,cust2194@example.com,
2196,Customer_2196,giza,cust2195@example.com,0121704506
2197,Customer_2197,Egypt,cust2196@example.com,0108405891
2198,Customer_2198,Egypt,cust2197@example.com,0104531495
2199,Customer_2199,Giza,cust2198@example.com,
2200,Customer_2200,cairo,cust2199@example.com,0125764316
2201,Customer_2201,giza,cust2200@example.com,0122239289
2202,Customer_2202,Alexandria,cust2201@example.com,0124659136
2203,Customer_2203,giza,cust2202@example.com,0111076043
2204,Customer_2204,Giza,cust2203@example.com,0129385329
2205,Customer_2205,alex,cust2204@example.com,0102319599
2206,Customer_2206,Cairo,cust2205@example.com,0113043190
2207,Customer_2207,CAIRO,cust2206@example.com,0128739397
2208,Customer_2208,cairo,cust2207@example.com,0119758390
2209,Customer_2209,EGYPT,cust2208@example.com,0112557226
2210,Customer_2210,EGYPT,cust2209@example.com,0126665859
2211,Customer_2211,EGYPT,cust2210@example.com,0108671560
2212,Customer_2212,Egypt,cust2211@example.com,0108198300
2213,Customer_2213,EGYPT,cust2212@example.com,0114817415
2214,Customer_2214,CAIRO,cust2213@example.com,
2215,Customer_2215,Cairo,cust2214@example.com,0115937277
2216,Customer_2216,EGYPT,cust2215@example.com,0127737100
2217,Customer_2217,giza,cust2216@example.com,0108598814
2218,Customer_2218,giza,,0112258509
2219,Customer_2219,Egypt,cust2218@example.com,0102987998
2220,Customer_2220,CAIRO,cust2219@example.com,0104966462
2221,Customer_2221,Cairo,cust2220@example.com,0105817441
2222,Customer_2222,cairo,,0121761115
2223,Customer_2223,Giza,cust2222@example.com,0113023242
2224,Customer_2224,Cairo,cust2223@example.com,0126981740
2225,Customer_2225,Giza,cust2224@example.com,0118913822
2226,Customer_2226,alex,cust2225@example.com,0124802339
2227,Customer_2227,Giza,cust2226@example.com,0118287424
2228,Customer_2228,Alexandria,cust2227@example.com,
2229,Customer_2229,giza,cust2228@example.com,0115793099
2230,Customer_2230,CAIRO,cust2229@example.com,0111663797
2231,Customer_2231,Egypt,cust2230@example.com,0109126954
2232,Customer_2232,Alexandria,cust2231@example.com,0129087014
2233,Customer_2233,Giza,cust2232@example.com,0103488291
2234,Customer_2234,EGYPT,cust2233@example.com,0129782327
2235,Customer_2235,CAIRO,cust2234@example.com,0128209700
2236,Customer_2236,Alexandria,cust2235@example.com,0117237289
2237,Customer_2237,Egypt,cust2236@example.com,0116499770
2238,Customer_2238,giza,cust2237@example.com,
2239,Customer_2239,CAIRO,cust2238@example.com,
2240,Customer_2240,Egypt,cust2239@example.com,0113422910
2241,Customer_2241,alex,cust2240@example.com,0122429603
2242,Customer_2242,alex,cust2241@example.com,0107352020
2243,Customer_2243,Egypt,cust2242@example.com,0123351079
2244,Customer_2244,Alexandria,,0126111882
2245,Customer_2245,CAIRO,cust2244@example.com,0129182364
2246,Customer_2246,Alexandria,cust2245@example.com,
2247,Customer_2247,cairo,cust2246@example.com,
2248,Customer_2248,Giza,cust2247@example.com,0126108253
2249,Customer_2249,cairo,cust2248@example.com,0106349181
2250,Customer_2250,alex,cust2249@example.com,0126270567
2251,Customer_2251,giza,cust2250@example.com,0105749687
2252,Customer_2252,Cairo,cust2251@example.com,0111108912
2253,Customer_2253,Giza,,
2254,Customer_2254,alex,cust2253@example.com,0122560481
2255,Customer_2255,Alexandria,,
2256,Customer_2256,Alexandria,cust2255@example.com,0116049183
2257,Customer_2257,Alexandria,cust2256@example.com,0117645486
2258,Customer_2258,giza,cust2257@example.com,0119039878
2259,Customer_2259,cairo,,0125785553
2260,Customer_2260,Cairo,cust2259@example.com,0103785459
2261,Customer_2261,Alexandria,cust2260@example.com,0109478007
2262,Customer_2262,Giza,cust2261@example.com,0127809591
2263,Customer_2263,CAIRO,cust2262@example.com,0123228165
2264,Customer_2264,Cairo,cust2263@example.com,
2265,Customer_2265,giza,,
2266,Customer_2266,Cairo,cust2265@example.com,0105855716
2267,Customer_2267,CAIRO,cust2266@example.com,0116936840
2268,Customer_2268,Giza,cust2267@example.com,0123157857
2269,Customer_2269,CAIRO,cust2268@example.com,0119828920
2270,Customer_2270,Egypt,,0124045790
2271,Customer_2271,Giza,cust2270@example.com,0101853515
2272,Customer_2272,Cairo,cust2271@example.com,0114586046
2273,Customer_2273,Alexandria,cust2272@example.com,0114315546
2274,Customer_2274,Cairo,cust2273@example.com,0118467690
2275,Customer_2275,Cairo,cust2274@example.com,0113348971
2276,Customer_2276,Giza,cust2275@example.com,0115874610
2277,Customer_2277,Egypt,cust2276@example.com,
2278,Customer_2278,Cairo,,0102236079
2279,Customer_2279,alex,cust2278@example.com,0111627605
2280,Customer_2280,EGYPT,cust2279@example.com,0123417578
2281,Customer_2281,EGYPT,,0102817836
2282,Customer_2282,Cairo,cust2281@example.com,0108439095
2283,Customer_2283,Alexandria,cust2282@example.com,0113405409
2284,Customer_2284,giza,cust2283@example.com,0125132839
2285,Customer_2285,giza,cust2284@example.com,0128522812
2286,Customer_2286,Giza,cust2285@example.com,0111053713
2287,Customer_2287,EGYPT,cust2286@example.com,
2288,Customer_2288,Cairo,cust2287@example.com,0108616616
2289,Customer_2289,giza,cust2288@example.com,0125045685
2290,Customer_2290,Cairo,cust2289@example.com,0118247040
2291,Customer_2291,Giza,cust2290@example.com,0104691900
2292,Customer_2292,EGYPT,cust2291@example.com,0118018404
2293,Customer_2293,CAIRO,cust2292@example.com,0127115107
2294,Customer_2294,alex,cust2293@example.com,0105576156
2295,Customer_2295,alex,cust2294@example.com,0122189295
2296,Customer_2296,giza,cust2295@example.com,0121165688
2297,Customer_2297,alex,,0123761808
2298,Customer_2298,CAIRO,cust2297@example.com,0128723130
2299,Customer_2299,Cairo,cust2298@example.com,
2300,Customer_2300,Giza,cust2299@example.com,
2301,Customer_2301,CAIRO,,0103175919
2302,Customer_2302,Giza,cust2301@example.com,0104648770
2303,Customer_2303,Giza,cust2302@example.com,0127198726
2304,Customer_2304,EGYPT,cust2303@example.com,0128528106
2305,Customer_2305,Cairo,cust2304@example.com,0112645051
2306,Customer_2306,alex,cust2305@example.com,0112280444
2307,Customer_2307,EGYPT,cust2306@example.com,0111168502
2308,Customer_2308,Giza,cust2307@example.com,0105622257
2309,Customer_2309,giza,cust2308@example.com,0115135781
2310,Customer_2310,alex,cust2309@example.com,0116112844
2311,Customer_2311,alex,cust2310@example.com,0118251768
2312,Customer_2312,Cairo,cust2311@example.com,
2313,Customer_2313,Egypt,cust2312@example.com,0104033345
2314,Customer_2314,cairo,cust2313@example.com,
2315,Customer_2315,cairo,,0119325546
2316,Customer_2316,cairo,cust2315@example.com,0113415089
2317,Customer_2317,Egypt,cust2316@example.com,0107804711
2318,Customer_2318,Cairo,cust2317@example.com,
2319,Customer_2319,Egypt,cust2318@example.com,0105295462
2320,Customer_2320,cairo,cust2319@example.com,0104878567
2321,Customer_2321,EGYPT,cust2320@example.com,0106867895
2322,Customer_2322,CAIRO,cust2321@example.com,
2323,Customer_2323,Giza,,0118534625
2324,Customer_2324,Egypt,cust2323@example.com,0115769206
2325,Customer_2325,Cairo,,0117093449
2326,Customer_2326,Cairo,cust2325@example.com,0113593807
2327,Customer_2327,CAIRO,cust2326@example.com,0113399155
2328,Customer_2328,giza,cust2327@example.com,0102349553
2329,Customer_2329,alex,cust2328@example.com,0125220318
2330,Customer_2330,cairo,cust2329@example.com,0105583439
2331,Customer_2331,giza,cust2330@example.com,0112750491
2332,Customer_2332,cairo,cust2331@example.com,0108634361
2333,Customer_2333,CAIRO,cust2332@example.com,
2334,Customer_2334,cairo,cust2333@example.com,0127741247
2335,Customer_2335,CAIRO,cust2334@example.com,0102196901
2336,Customer_2336,Alexandria,cust2335@example.com,0125005301
2337,Customer_2337,giza,cust2336@example.com,
2338,Customer_2338,giza,cust2337@example.com,
2339,Customer_2339,alex,cust2338@example.com,0122587891
2340,Customer_2340,CAIRO,cust2339@example.com,0108192141
2341,Customer_2341,Egypt,cust2340@example.com,0129647195
2342,Customer_2342,Alexandria,cust2341@example.com,0119906415
2343,Customer_2343,EGYPT,cust2342@example.com,0113401052
2344,Customer_2344,cairo,cust2343@example.com,0107328376
2345,Customer_2345,Alexandria,cust2344@example.com,0101538354
2346,Customer_2346,CAIRO,cust2345@example.com,0125718473
2347,Customer_2347,Giza,cust2346@example.com,0111776603
2348,Customer_2348,cairo,cust2347@example.com,0107262808
2349,Customer_2349,Cairo,cust2348@example.com,0101272730
2350,Customer_2350,giza,cust2349@example.com,0111918846
2351,Customer_2351,CAIRO,cust2350@example.com,0107336934
2352,Customer_2352,Cairo,cust2351@example.com,0104690100
2353,Customer_2353,alex,cust2352@example.com,
2354,Customer_2354,EGYPT,,0116974951
2355,Customer_2355,EGYPT,cust2354@example.com,0108237829
2356,Customer_2356,Cairo,cust2355@example.com,0109572669
2357,Customer_2357,giza,cust2356@example.com,0121959975
2358,Customer_2358,alex,cust2357@example.com,0126321080
2359,Customer_2359,Giza,cust2358@example.com,0121021590
2360,Customer_2360,giza,cust2359@example.com,0108115692
2361,Customer_2361,Alexandria,cust2360@example.com,0127576266
2362,Customer_2362,EGYPT,cust2361@example.com,0108677440
2363,Customer_2363,Alexandria,cust2362@example.com,0102442960
2364,Customer_2364,cairo,cust2363@example.com,0118717395
2365,Customer_2365,Egypt,cust2364@example.com,0124819967
2366,Customer_2366,CAIRO,cust2365@example.com,0121429269
2367,Customer_2367,alex,cust2366@example.com,0103853354
2368,Customer_2368,giza,cust2367@example.com,0115440233
2369,Customer_2369,EGYPT,cust2368@example.com,0104870358
2370,Customer_2370,Alexandria,cust2369@example.com,
2371,Customer_2371,cairo,cust2370@example.com,0124036611
2372,Customer_2372,CAIRO,cust2371@example.com,
2373,Customer_2373,CAIRO,cust2372@example.com,
2374,Customer_2374,giza,,0119917999
2375,Customer_2375,alex,cust2374@example.com,0129869749
2376,Customer_2376,Giza,,0128076427
2377,Customer_2377,giza,cust2376@example.com,0107668193
2378,Customer_2378,Alexandria,cust2377@example.com,0116231230
2379,Customer_2379,Egypt,cust2378@example.com,0104490391
2380,Customer_2380,Cairo,cust2379@example.com,
2381,Customer_2381,Giza,cust2380@example.com,0102824005
2382,Customer_2382,alex,cust2381@example.com,0117751771
2383,Customer_2383,cairo,cust2382@example.com,0115904484
2384,Customer_2384,Giza,cust2383@example.com,0124082534
2385,Customer_2385,EGYPT,cust2384@example.com,0108738597
2386,Customer_2386,alex,cust2385@example.com,
2387,Customer_2387,Egypt,cust2386@example.com,0106719367
2388,Customer_2388,EGYPT,cust2387@example.com,0129723857
2389,Customer_2389,Giza,cust2388@example.com,0106022190
2390,Customer_2390,Cairo,cust2389@example.com,
2391,Customer_2391,Cairo,cust2390@example.com,0125941769
2392,Customer_2392,Egypt,cust2391@example.com,0118132329
2393,Customer_2393,CAIRO,cust2392@example.com,0112312322
2394,Customer_2394,cairo,cust2393@example.com,0128843279
2395,Customer_2395,CAIRO,cust2394@example.com,0125815185
2396,Customer_2396,Cairo,cust2395@example.com,0116288765
2397,Customer_2397,Cairo,cust2396@example.com,0129796670
2398,Customer_2398,Alexandria,cust2397@example.com,0116714241
2399,Customer_2399,EGYPT,cust2398@example.com,
2400,Customer_2400,Giza,cust2399@example.com,0109936280
2401,Customer_2401,cairo,,
2402,Customer_2402,Egypt,cust2401@example.com,0105048924
2403,Customer_2403,Giza,cust2402@example.com,0107543877
2404,Customer_2404,Alexandria,cust2403@example.com,0124748555
2405,Customer_2405,Cairo,cust2404@example.com,0107327385
2406,Customer_2406,Egypt,cust2405@example.com,0118576912
2407,Customer_2407,Cairo,cust2406@example.com,0129425657
2408,Customer_2408,cairo,cust2407@example.com,0123591247
2409,Customer_2409,EGYPT,cust2408@example.com,
2410,Customer_2410,Giza,cust2409@example.com,0108872193
2411,Customer_2411,Giza,cust2410@example.com,0129076281
2412,Customer_2412,CAIRO,cust2411@example.com,0104721245
2413,Customer_2413,Egypt,cust2412@example.com,0112962394
2414,Customer_2414,Alexandria,cust2413@example.com,0102095122
2415,Customer_2415,CAIRO,cust2414@example.com,
2416,Customer_2416,cairo,cust2415@example.com,0103084326
2417,Customer_2417,Alexandria,cust2416@example.com,0119551886
2418,Customer_2418,EGYPT,cust2417@example.com,
2419,Customer_2419,EGYPT,cust2418@example.com,0115245052
2420,Customer_2420,EGYPT,cust2419@example.com,0121656829
2421,Customer_2421,EGYPT,cust2420@example.com,0126643279
2422,Customer_2422,CAIRO,,0124223001
2423,Customer_2423,alex,cust2422@example.com,0107343962
2424,Customer_2424,Alexandria,cust2423@example.com,0128391437
2425,Customer_2425,Egypt,,0107124815
2426,Customer_2426,cairo,cust2425@example.com,0123950856
2427,Customer_2427,giza,cust2426@example.com,
2428,Customer_2428,Cairo,cust2427@example.com,0116899508
2429,Customer_2429,Egypt,cust2428@example.com,0121561494
2430,Customer_2430,Cairo,cust2429@example.com,0117037184
2431,Customer_2431,Alexandria,cust2430@example.com,0106251885
2432,Customer_2432,Egypt,cust2431@example.com,0101041578
2433,Customer_2433,EGYPT,cust2432@example.com,0128623377
2434,Customer_2434,EGYPT,cust2433@example.com,0122416396
2435,Customer_2435,giza,cust2434@example.com,0111979068
2436,Customer_2436,Cairo,cust2435@example.com,
2437,Customer_2437,cairo,cust2436@example.com,0128282609
2438,Customer_2438,Alexandria,cust2437@example.com,
2439,Customer_2439,EGYPT,cust2438@example.com,0118437038
2440,Customer_2440,alex,cust2439@example.com,0106938872
2441,Customer_2441,CAIRO,cust2440@example.com,0129923162
2442,Customer_2442,CAIRO,,0109195916
2443,Customer_2443,cairo,cust2442@example.com,
2444,Customer_2444,CAIRO,cust2443@example.com,0125569351
2445,Customer_2445,Cairo,cust2444@example.com,0126917495
2446,Customer_2446,EGYPT,,0123055169
2447,Customer_2447,EGYPT,,0119694090
2448,Customer_2448,alex,cust2447@example.com,0116926023
2449,Customer_2449,Egypt,cust2448@example.com,0104811785
2450,Customer_2450,CAIRO,cust2449@example.com,0125021629
2451,Customer_2451,Cairo,cust2450@example.com,0121967030
2452,Customer_2452,Giza,cust2451@example.com,0106300029
2453,Customer_2453,CAIRO,cust2452@example.com,0107090686
2454,Customer_2454,cairo,cust2453@example.com,
2455,Customer_2455,Egypt,cust2454@example.com,
2456,Customer_2456,CAIRO,cust2455@example.com,0104116011
2457,Customer_2457,Cairo,cust2456@example.com,0106190876
2458,Customer_2458,CAIRO,cust2457@example.com,0122107914
2459,Customer_2459,cairo,cust2458@example.com,0117381854
2460,Customer_2460,Giza,cust2459@example.com,
2461,Customer_2461,Alexandria,cust2460@example.com,0117663199
2462,Customer_2462,giza,,0125918632
2463,Customer_2463,Giza,cust2462@example.com,
2464,Customer_2464,CAIRO,cust2463@example.com,0122083624
2465,Customer_2465,EGYPT,cust2464@example.com,0113124037
2466,Customer_2466,alex,cust2465@example.com,
2467,Customer_2467,EGYPT,cust2466@example.com,
2468,Customer_2468,Giza,cust2467@example.com,0122261258
2469,Customer_2469,EGYPT,cust2468@example.com,
2470,Customer_2470,Cairo,,0129592126
2471,Customer_2471,EGYPT,cust2470@example.com,0123525888
2472,Customer_2472,Egypt,cust2471@example.com,0101749098
2473,Customer_2473,Alexandria,cust2472@example.com,0116836085
2474,Customer_2474,CAIRO,cust2473@example.com,
2475,Customer_2475,EGYPT,cust2474@example.com,0102332021
2476,Customer_2476,cairo,cust2475@example.com,0104015483
2477,Customer_2477,Alexandria,cust2476@example.com,0112541970
2478,Customer_2478,Alexandria,cust2477@example.com,0103832184
2479,Customer_2479,EGYPT,cust2478@example.com,0107462993
2480,Customer_2480,Alexandria,cust2479@example.com,0105957838
2481,Customer_2481,alex,cust2480@example.com,0105907888
2482,Customer_2482,EGYPT,cust2481@example.com,0108408712
2483,Customer_2483,Cairo,cust2482@example.com,0106076511
2484,Customer_2484,Giza,cust2483@example.com,
2485,Customer_2485,Egypt,cust2484@example.com,0127205515
2486,Customer_2486,giza,cust2485@example.com,0126716861
2487,Customer_2487,Alexandria,cust2486@example.com,0126242830
2488,Customer_2488,Cairo,cust2487@example.com,0116963138
2489,Customer_2489,CAIRO,cust2488@example.com,0104089210
2490,Customer_2490,CAIRO,cust2489@example.com,0101744804
2491,Customer_2491,Egypt,cust2490@example.com,0125082465
2492,Customer_2492,Alexandria,cust2491@example.com,0122859734
2493,Customer_2493,alex,cust2492@example.com,0123308450
2494,Customer_2494,Egypt,cust2493@example.com,0122075415
2495,Customer_2495,Alexandria,cust2494@example.com,0119988969
2496,Customer_2496,Cairo,cust2495@example.com,0106730093
2497,Customer_2497,Giza,cust2496@example.com,
2498,Customer_2498,alex,cust2497@example.com,0121369973
2499,Customer_2499,giza,cust2498@example.com,
2500,Customer_2500,CAIRO,cust2499@example.com,0109397273
2501,Customer_2501,cairo,cust2500@example.com,0124479089
2502,Customer_2502,Cairo,cust2501@example.com,0116148772
2503,Customer_2503,CAIRO,cust2502@example.com,
2504,Customer_2504,EGYPT,,0109897198
2505,Customer_2505,cairo,,0129494106
2506,Customer_2506,CAIRO,cust2505@example.com,0111733211
2507,Customer_2507,Egypt,cust2506@example.com,
2508,Customer_2508,alex,cust2507@example.com,0115464904
2509,Customer_2509,CAIRO,,0111610957
2510,Customer_2510,giza,cust2509@example.com,0125398395
2511,Customer_2511,Giza,cust2510@example.com,0105516988
2512,Customer_2512,Egypt,cust2511@example.com,0111060769
2513,Customer_2513,Cairo,cust2512@example.com,0112992349
2514,Customer_2514,Cairo,cust2513@example.com,0128754540
2515,Customer_2515,Cairo,cust2514@example.com,0112325384
2516,Customer_2516,Cairo,cust2515@example.com,0122411797
2517,Customer_2517,Giza,cust2516@example.com,0118522313
2518,Customer_2518,CAIRO,cust2517@example.com,0116794687
2519,Customer_2519,Alexandria,cust2518@example.com,0122572114
2520,Customer_2520,CAIRO,,0119728245
2521,Customer_2521,EGYPT,cust2520@example.com,
2522,Customer_2522,alex,cust2521@example.com,0123403505
2523,Customer_2523,cairo,cust2522@example.com,0119578983
2524,Customer_2524,Alexandria,cust2523@example.com,0105324625
2525,Customer_2525,Alexandria,cust2524@example.com,0125098262
2526,Customer_2526,CAIRO,cust2525@example.com,0129727690
2527,Customer_2527,Alexandria,cust2526@example.com,0122464487
2528,Customer_2528,EGYPT,cust2527@example.com,
2529,Customer_2529,cairo,cust2528@example.com,0111174854
2530,Customer_2530,giza,cust2529@example.com,0104270411
2531,Customer_2531,Giza,cust2530@example.com,0104669068
2532,Customer_2532,CAIRO,cust2531@example.com,0111387575
2533,Customer_2533,Giza,cust2532@example.com,0102795911
2534,Customer_2534,giza,cust2533@example.com,0122149160
2535,Customer_2535,CAIRO,cust2534@example.com,0118908141
2536,Customer_2536,CAIRO,cust2535@example.com,0119250972
2537,Customer_2537,cairo,cust2536@example.com,0118559021
2538,Customer_2538,Giza,cust2537@example.com,0108945885
2539,Customer_2539,Cairo,,0102897479
2540,Customer_2540,Giza,,0123297771
2541,Customer_2541,alex,cust2540@example.com,0119810468
2542,Customer_2542,alex,cust2541@example.com,0119599372
2543,Customer_2543,CAIRO,cust2542@example.com,0106980502
2544,Customer_2544,Cairo,cust2543@example.com,0127190871
2545,Customer_2545,Egypt,cust2544@example.com,0115264597
2546,Customer_2546,giza,cust2545@example.com,0121877188
2547,Customer_2547,EGYPT,cust2546@example.com,0112039818
2548,Customer_2548,Cairo,cust2547@example.com,0119251826
2549,Customer_2549,EGYPT,cust2548@example.com,0104360745
2550,Customer_2550,Giza,cust2549@example.com,
2551,Customer_2551,Giza,cust2550@example.com,0102202886
2552,Customer_2552,EGYPT,cust2551@example.com,
2553,Customer_2553,giza,cust2552@example.com,0115115310
2554,Customer_2554,Cairo,cust2553@example.com,0102749712
2555,Customer_2555,Egypt,cust2554@example.com,0101035534
2556,Customer_2556,CAIRO,cust2555@example.com,0107746160
2557,Customer_2557,cairo,,0125868961
2558,Customer_2558,Giza,cust2557@example.com,0129374924
2559,Customer_2559,alex,cust2558@example.com,0116018958
2560,Customer_2560,giza,cust2559@example.com,0128351274
2561,Customer_2561,cairo,cust2560@example.com,0107387282
2562,Customer_2562,Egypt,cust2561@example.com,
2563,Customer_2563,Alexandria,cust2562@example.com,0101352298
2564,Customer_2564,CAIRO,cust2563@example.com,0118119827
2565,Customer_2565,Giza,cust2564@example.com,0127034935
2566,Customer_2566,CAIRO,cust2565@example.com,0123047647
2567,Customer_2567,cairo,cust2566@example.com,0118677662
2568,Customer_2568,CAIRO,cust2567@example.com,0108158939
2569,Customer_2569,Alexandria,cust2568@example.com,0114033171
2570,Customer_2570,cairo,cust2569@example.com,
2571,Customer_2571,Giza,cust2570@example.com,0105276600
2572,Customer_2572,Cairo,cust2571@example.com,
2573,Customer_2573,alex,cust2572@example.com,0105395167
2574,Customer_2574,cairo,cust2573@example.com,0125081120
2575,Customer_2575,Alexandria,cust2574@example.com,0106814914
2576,Customer_2576,cairo,cust2575@example.com,0129538039
2577,Customer_2577,cairo,cust2576@example.com,
2578,Customer_2578,Giza,cust2577@example.com,0115104816
2579,Customer_2579,cairo,cust2578@example.com,
2580,Customer_2580,alex,cust2579@example.com,0125118481
2581,Customer_2581,CAIRO,,0122901474
2582,Customer_2582,Giza,cust2581@example.com,
2583,Customer_2583,alex,cust2582@example.com,0125366012
2584,Customer_2584,Giza,cust2583@example.com,0114989523
2585,Customer_2585,alex,cust2584@example.com,0105851229
2586,Customer_2586,Alexandria,cust2585@example.com,
2587,Customer_2587,alex,cust2586@example.com,
2588,Customer_2588,EGYPT,cust2587@example.com,
2589,Customer_2589,alex,cust2588@example.com,0124030102
2590,Customer_2590,Cairo,cust2589@example.com,0107109386
2591,Customer_2591,Cairo,cust2590@example.com,0123422587
2592,Customer_2592,giza,cust2591@example.com,0122892771
2593,Customer_2593,EGYPT,cust2592@example.com,0126377997
2594,Customer_2594,EGYPT,cust2593@example.com,0109189127
2595,Customer_2595,CAIRO,cust2594@example.com,0116538371
2596,Customer_2596,EGYPT,cust2595@example.com,0105586259
2597,Customer_2597,CAIRO,cust2596@example.com,
2598,Customer_2598,giza,cust2597@example.com,0105428370
2599,Customer_2599,giza,cust2598@example.com,
2600,Customer_2600,Alexandria,cust2599@example.com,0123024430
2601,Customer_2601,Cairo,cust2600@example.com,
2602,Customer_2602,alex,cust2601@example.com,
2603,Customer_2603,alex,cust2602@example.com,0129684693
2604,Customer_2604,Egypt,cust2603@example.com,
2605,Customer_2605,Giza,cust2604@example.com,
2606,Customer_2606,Alexandria,cust2605@example.com,0123094239
2607,Customer_2607,Egypt,cust2606@example.com,0108359958
2608,Customer_2608,Egypt,cust2607@example.com,0101565627
2609,Customer_2609,cairo,cust2608@example.com,0119456531
2610,Customer_2610,cairo,cust2609@example.com,0119950247
2611,Customer_2611,Egypt,cust2610@example.com,0115089662
2612,Customer_2612,EGYPT,cust2611@example.com,
2613,Customer_2613,Giza,cust2612@example.com,
2614,Customer_2614,Alexandria,,0122233495
2615,Customer_2615,Egypt,cust2614@example.com,0121585282
2616,Customer_2616,alex,cust2615@example.com,0101034494
2617,Customer_2617,Giza,,0112630741
2618,Customer_2618,cairo,cust2617@example.com,
2619,Customer_2619,alex,,0107802100
2620,Customer_2620,cairo,cust2619@example.com,0125459208
2621,Customer_2621,cairo,,0119071266
2622,Customer_2622,Giza,cust2621@example.com,0109138968
2623,Customer_2623,cairo,cust2622@example.com,0122240400
2624,Customer_2624,giza,cust2623@example.com,0114884285
2625,Customer_2625,Cairo,cust2624@example.com,
2626,Customer_2626,giza,cust2625@example.com,0115326730
2627,Customer_2627,Cairo,cust2626@example.com,0103881799
2628,Customer_2628,cairo,cust2627@example.com,0128643038
2629,Customer_2629,Alexandria,cust2628@example.com,0116972780
2630,Customer_2630,Alexandria,cust2629@example.com,0124296930
2631,Customer_2631,Cairo,cust2630@example.com,0103701490
2632,Customer_2632,alex,cust2631@example.com,0102449258
2633,Customer_2633,Giza,cust2632@example.com,
2634,Customer_2634,cairo,cust2633@example.com,0105282083
2635,Customer_2635,Giza,cust2634@example.com,0122584441
2636,Customer_2636,giza,cust2635@example.com,0125186617
2637,Customer_2637,Alexandria,,0117157396
2638,Customer_2638,EGYPT,cust2637@example.com,0104564587
2639,Customer_2639,giza,cust2638@example.com,0114213445
2640,Customer_2640,giza,cust2639@example.com,0108873535
2641,Customer_2641,Cairo,cust2640@example.com,
2642,Customer_2642,CAIRO,,0114115272
2643,Customer_2643,giza,cust2642@example.com,0121728541
2644,Customer_2644,cairo,cust2643@example.com,0122865132
2645,Customer_2645,Egypt,cust2644@example.com,0104748483
2646,Customer_2646,Egypt,cust2645@example.com,0111989552
2647,Customer_2647,cairo,cust2646@example.com,0105103014
2648,Customer_2648,CAIRO,,
2649,Customer_2649,CAIRO,cust2648@example.com,0129938020
2650,Customer_2650,Cairo,cust2649@example.com,
2651,Customer_2651,Alexandria,cust2650@example.com,0118411059
2652,Customer_2652,Giza,,0115208797
2653,Customer_2653,CAIRO,,0113538647
2654,Customer_2654,EGYPT,cust2653@example.com,
2655,Customer_2655,Cairo,cust2654@example.com,
2656,Customer_2656,alex,cust2655@example.com,0118438655
2657,Customer_2657,Cairo,cust2656@example.com,0124887431
2658,Customer_2658,giza,cust2657@example.com,0114327817
2659,Customer_2659,Giza,cust2658@example.com,0124090668
2660,Customer_2660,alex,,0127833456
2661,Customer_2661,alex,cust2660@example.com,0112898469
2662,Customer_2662,EGYPT,cust2661@example.com,0124569770
2663,Customer_2663,EGYPT,cust2662@example.com,0111068056
2664,Customer_2664,EGYPT,cust2663@example.com,0103061401
2665,Customer_2665,Cairo,cust2664@example.com,0115026120
2666,Customer_2666,Giza,cust2665@example.com,0118394331
2667,Customer_2667,Cairo,cust2666@example.com,0118277790
2668,Customer_2668,Egypt,cust2667@example.com,0102072392
2669,Customer_2669,giza,cust2668@example.com,0119432268
2670,Customer_2670,giza,cust2669@example.com,0117341197
2671,Customer_2671,EGYPT,cust2670@example.com,0122406046
2672,Customer_2672,Egypt,cust2671@example.com,0127557592
2673,Customer_2673,CAIRO,cust2672@example.com,0116845947
2674,Customer_2674,CAIRO,cust2673@example.com,0104864717
2675,Customer_2675,EGYPT,cust2674@example.com,0111811295
2676,Customer_2676,Cairo,cust2675@example.com,0125651953
2677,Customer_2677,EGYPT,cust2676@example.com,0107056805
2678,Customer_2678,Alexandria,cust2677@example.com,0128660156
2679,Customer_2679,alex,,0101269036
2680,Customer_2680,giza,cust2679@example.com,0102398683
2681,Customer_2681,CAIRO,cust2680@example.com,0122723882
2682,Customer_2682,cairo,cust2681@example.com,0111169048
2683,Customer_2683,CAIRO,cust2682@example.com,
2684,Customer_2684,giza,cust2683@example.com,
2685,Customer_2685,alex,cust2684@example.com,0115742938
2686,Customer_2686,giza,cust2685@example.com,0118283035
2687,Customer_2687,cairo,cust2686@example.com,0121148984
2688,Customer_2688,EGYPT,cust2687@example.com,0104174083
2689,Customer_2689,Egypt,cust2688@example.com,0122506558
2690,Customer_2690,cairo,cust2689@example.com,0124372013
2691,Customer_2691,giza,cust2690@example.com,0101458555
2692,Customer_2692,giza,cust2691@example.com,
2693,Customer_2693,Alexandria,cust2692@example.com,0122003952
2694,Customer_2694,Alexandria,cust2693@example.com,0122523609
2695,Customer_2695,Giza,cust2694@example.com,0127388887
2696,Customer_2696,Alexandria,cust2695@example.com,0124864102
2697,Customer_2697,Cairo,cust2696@example.com,0122753506
2698,Customer_2698,Egypt,cust2697@example.com,0125699836
2699,Customer_2699,alex,cust2698@example.com,
2700,Customer_2700,cairo,cust2699@example.com,0101539817
2701,Customer_2701,giza,cust2700@example.com,0102011920
2702,Customer_2702,Giza,cust2701@example.com,0128769444
2703,Customer_2703,Giza,cust2702@example.com,0105201271
2704,Customer_2704,alex,cust2703@example.com,0128473581
2705,Customer_2705,Egypt,cust2704@example.com,0117209643
2706,Customer_2706,cairo,cust2705@example.com,0108976788
2707,Customer_2707,CAIRO,cust2706@example.com,
2708,Customer_2708,Alexandria,cust2707@example.com,0109323322
2709,Customer_2709,EGYPT,cust2708@example.com,0123503481
2710,Customer_2710,Giza,cust2709@example.com,0129823391
2711,Customer_2711,Alexandria,cust2710@example.com,0128093911
2712,Customer_2712,Alexandria,cust2711@example.com,0106073598
2713,Customer_2713,Cairo,cust2712@example.com,
2714,Customer_2714,Egypt,cust2713@example.com,
2715,Customer_2715,EGYPT,cust2714@example.com,0118380149
2716,Customer_2716,CAIRO,cust2715@example.com,
2717,Customer_2717,giza,cust2716@example.com,
2718,Customer_2718,Cairo,cust2717@example.com,0111350794
2719,Customer_2719,Alexandria,cust2718@example.com,0113383024
2720,Customer_2720,Alexandria,cust2719@example.com,0105694391
2721,Customer_2721,EGYPT,cust2720@example.com,0102099432
2722,Customer_2722,EGYPT,cust2721@example.com,0111375144
2723,Customer_2723,EGYPT,cust2722@example.com,0107970427
2724,Customer_2724,Alexandria,cust2723@example.com,0127324277
2725,Customer_2725,Giza,cust2724@example.com,0119344222
2726,Customer_2726,cairo,cust2725@example.com,0109063840
2727,Customer_2727,Alexandria,cust2726@example.com,0114294094
2728,Customer_2728,Cairo,cust2727@example.com,0123065626
2729,Customer_2729,Egypt,cust2728@example.com,
2730,Customer_2730,CAIRO,cust2729@example.com,
2731,Customer_2731,giza,cust2730@example.com,0102866852
2732,Customer_2732,CAIRO,cust2731@example.com,0127515903
2733,Customer_2733,Alexandria,cust2732@example.com,0108778427
2734,Customer_2734,Cairo,cust2733@example.com,0102594507
2735,Customer_2735,Alexandria,cust2734@example.com,
2736,Customer_2736,Egypt,,0116558714
2737,Customer_2737,Giza,cust2736@example.com,0124029665
2738,Customer_2738,giza,cust2737@example.com,0109941962
2739,Customer_2739,Egypt,cust2738@example.com,0103935448
2740,Customer_2740,Alexandria,cust2739@example.com,0112506983
2741,Customer_2741,Cairo,cust2740@example.com,
2742,Customer_2742,Egypt,cust2741@example.com,0103650070
2743,Customer_2743,alex,cust2742@example.com,0106450864
2744,Customer_2744,Cairo,,
2745,Customer_2745,Giza,cust2744@example.com,0112925987
2746,Customer_2746,Alexandria,cust2745@example.com,0114842677
2747,Customer_2747,EGYPT,cust2746@example.com,0104348546
2748,Customer_2748,giza,cust2747@example.com,0123246250
2749,Customer_2749,cairo,cust2748@example.com,0118686557
2750,Customer_2750,EGYPT,cust2749@example.com,
2751,Customer_2751,Alexandria,cust2750@example.com,0128961536
2752,Customer_2752,alex,cust2751@example.com,0112835689
2753,Customer_2753,EGYPT,cust2752@example.com,0126106558
2754,Customer_2754,giza,,0109299257
2755,Customer_2755,Cairo,,0106948244
2756,Customer_2756,alex,cust2755@example.com,0117805458
2757,Customer_2757,alex,cust2756@example.com,0127724417
2758,Customer_2758,Egypt,cust2757@example.com,0103802377
2759,Customer_2759,giza,cust2758@example.com,0103268825
2760,Customer_2760,EGYPT,cust2759@example.com,0115270627
2761,Customer_2761,Egypt,cust2760@example.com,0111876525
2762,Customer_2762,alex,cust2761@example.com,0113037942
2763,Customer_2763,Egypt,cust2762@example.com,0127569290
2764,Customer_2764,CAIRO,,0106377510
2765,Customer_2765,giza,cust2764@example.com,0102496660
2766,Customer_2766,Giza,cust2765@example.com,
2767,Customer_2767,Cairo,cust2766@example.com,0113480689
2768,Customer_2768,alex,cust2767@example.com,0113701604
2769,Customer_2769,giza,,
2770,Customer_2770,Giza,,0126589713
2771,Customer_2771,Giza,cust2770@example.com,0112802874
2772,Customer_2772,Alexandria,,0123543164
2773,Customer_2773,Egypt,,0113552196
2774,Customer_2774,Giza,cust2773@example.com,
2775,Customer_2775,CAIRO,cust2774@example.com,0101256483
2776,Customer_2776,giza,,0123275585
2777,Customer_2777,cairo,cust2776@example.com,0128710647
2778,Customer_2778,cairo,cust2777@example.com,0119528603
2779,Customer_2779,alex,cust2778@example.com,0106753801
2780,Customer_2780,Egypt,cust2779@example.com,0121150659
2781,Customer_2781,Giza,cust2780@example.com,0112830865
2782,Customer_2782,giza,cust2781@example.com,0121699167
2783,Customer_2783,alex,cust2782@example.com,0102922654
2784,Customer_2784,EGYPT,cust2783@example.com,0106531401
2785,Customer_2785,Giza,cust2784@example.com,0112730090
2786,Customer_2786,Egypt,cust2785@example.com,0116371271
2787,Customer_2787,cairo,cust2786@example.com,
2788,Customer_2788,Alexandria,cust2787@example.com,
2789,Customer_2789,giza,cust2788@example.com,0103186503
2790,Customer_2790,Cairo,cust2789@example.com,0111054602
2791,Customer_2791,alex,cust2790@example.com,0117191279
2792,Customer_2792,giza,cust2791@example.com,0114395518
2793,Customer_2793,giza,cust2792@example.com,0114481121
2794,Customer_2794,CAIRO,cust2793@example.com,0116352608
2795,Customer_2795,EGYPT,,0109198140
2796,Customer_2796,Giza,cust2795@example.com,0127097658
2797,Customer_2797,Giza,cust2796@example.com,0121439211
2798,Customer_2798,Egypt,cust2797@example.com,0107899492
2799,Customer_2799,Cairo,cust2798@example.com,0106831032
2800,Customer_2800,Cairo,cust2799@example.com,0106303753
2801,Customer_2801,Egypt,cust2800@example.com,
2802,Customer_2802,Alexandria,cust2801@example.com,0114704498
2803,Customer_2803,Giza,cust2802@example.com,0126509523
2804,Customer_2804,Alexandria,cust2803@example.com,0109748698
2805,Customer_2805,giza,cust2804@example.com,0104050835
2806,Customer_2806,giza,,0108010952
2807,Customer_2807,cairo,cust2806@example.com,
2808,Customer_2808,Cairo,cust2807@example.com,
2809,Customer_2809,cairo,,0127250952
2810,Customer_2810,EGYPT,cust2809@example.com,0123103724
2811,Customer_2811,Egypt,,0112499442
2812,Customer_2812,Egypt,cust2811@example.com,0102291215
2813,Customer_2813,giza,cust2812@example.com,0102093215
2814,Customer_2814,Giza,cust2813@example.com,0112442521
2815,Customer_2815,Alexandria,cust2814@example.com,0108335950
2816,Customer_2816,Cairo,cust2815@example.com,0107705128
2817,Customer_2817,cairo,cust2816@example.com,0121457192
2818,Customer_2818,Alexandria,,0108778518
2819,Customer_2819,cairo,cust2818@example.com,0104769406
2820,Customer_2820,EGYPT,,0123174340
2821,Customer_2821,EGYPT,cust2820@example.com,0105333188
2822,Customer_2822,Alexandria,cust2821@example.com,0103655938
2823,Customer_2823,Alexandria,cust2822@example.com,0114656890
2824,Customer_2824,Alexandria,cust2823@example.com,0117179005
2825,Customer_2825,cairo,cust2824@example.com,
2826,Customer_2826,CAIRO,cust2825@example.com,0125971222
2827,Customer_2827,Alexandria,cust2826@example.com,
2828,Customer_2828,Giza,cust2827@example.com,0103350152
2829,Customer_2829,Cairo,,0129932174
2830,Customer_2830,Cairo,cust2829@example.com,0114217145
2831,Customer_2831,cairo,cust2830@example.com,0126377029
2832,Customer_2832,Alexandria,cust2831@example.com,0121973778
2833,Customer_2833,giza,cust2832@example.com,0122727007
2834,Customer_2834,Egypt,cust2833@example.com,
2835,Customer_2835,CAIRO,cust2834@example.com,0125907527
2836,Customer_2836,Giza,,0128576562
2837,Customer_2837,giza,cust2836@example.com,0118746090
2838,Customer_2838,EGYPT,cust2837@example.com,0129592893
2839,Customer_2839,giza,cust2838@example.com,
2840,Customer_2840,cairo,cust2839@example.com,0114404429
2841,Customer_2841,CAIRO,,0125115056
2842,Customer_2842,alex,cust2841@example.com,
2843,Customer_2843,alex,cust2842@example.com,0129304964
2844,Customer_2844,Alexandria,,0122418005
2845,Customer_2845,Alexandria,cust2844@example.com,0129809918
2846,Customer_2846,cairo,,0124414329
2847,Customer_2847,Alexandria,cust2846@example.com,
2848,Customer_2848,Egypt,cust2847@example.com,0119453676
2849,Customer_2849,CAIRO,cust2848@example.com,
2850,Customer_2850,cairo,,0107330962
2851,Customer_2851,Cairo,cust2850@example.com,0107297436
2852,Customer_2852,EGYPT,,0127494589
2853,Customer_2853,cairo,cust2852@example.com,
2854,Customer_2854,cairo,cust2853@example.com,0117768198
2855,Customer_2855,alex,cust2854@example.com,0108248378
2856,Customer_2856,Giza,cust2855@example.com,
2857,Customer_2857,Giza,cust2856@example.com,0127264782
2858,Customer_2858,Egypt,,0103217264
2859,Customer_2859,Cairo,cust2858@example.com,0126426558
2860,Customer_2860,alex,cust2859@example.com,0113227807
2861,Customer_2861,Cairo,cust2860@example.com,0107372029
2862,Customer_2862,Egypt,cust2861@example.com,0129768665
2863,Customer_2863,Giza,cust2862@example.com,0106729095
2864,Customer_2864,cairo,cust2863@example.com,
2865,Customer_2865,Alexandria,cust2864@example.com,0108586860
2866,Customer_2866,Alexandria,,0124260931
2867,Customer_2867,giza,cust2866@example.com,0109601525
2868,Customer_2868,EGYPT,cust2867@example.com,0106601798
2869,Customer_2869,Egypt,cust2868@example.com,
2870,Customer_2870,EGYPT,cust2869@example.com,0108776791
2871,Customer_2871,EGYPT,cust2870@example.com,0128790855
2872,Customer_2872,Giza,cust2871@example.com,0109131051
2873,Customer_2873,Giza,,0106280925
2874,Customer_2874,cairo,cust2873@example.com,0122411091
2875,Customer_2875,alex,cust2874@example.com,0121490763
2876,Customer_2876,Giza,,0119448863
2877,Customer_2877,Alexandria,cust2876@example.com,0117384295
2878,Customer_2878,EGYPT,cust2877@example.com,
2879,Customer_2879,giza,cust2878@example.com,0106287819
2880,Customer_2880,CAIRO,cust2879@example.com,0107571280
2881,Customer_2881,Egypt,cust2880@example.com,0121995563
2882,Customer_2882,giza,,0105181533
2883,Customer_2883,Alexandria,cust2882@example.com,0128172712
2884,Customer_2884,Giza,cust2883@example.com,0115362671
2885,Customer_2885,alex,cust2884@example.com,0108799826
2886,Customer_2886,cairo,cust2885@example.com,
2887,Customer_2887,CAIRO,cust2886@example.com,0109356682
2888,Customer_2888,Cairo,,0122497200
2889,Customer_2889,giza,cust2888@example.com,0124119099
2890,Customer_2890,alex,cust2889@example.com,0127249417
2891,Customer_2891,Cairo,cust2890@example.com,0118738747
2892,Customer_2892,CAIRO,cust2891@example.com,0103751305
2893,Customer_2893,Egypt,cust2892@example.com,0106015970
2894,Customer_2894,Egypt,cust2893@example.com,
2895,Customer_2895,EGYPT,cust2894@example.com,0124982192
2896,Customer_2896,CAIRO,cust2895@example.com,0121283891
2897,Customer_2897,CAIRO,cust2896@example.com,0125974854
2898,Customer_2898,Cairo,cust2897@example.com,0101705255
2899,Customer_2899,alex,cust2898@example.com,0111811292
2900,Customer_2900,Cairo,cust2899@example.com,0128254068
2901,Customer_2901,cairo,cust2900@example.com,
2902,Customer_2902,Egypt,cust2901@example.com,0123429858
2903,Customer_2903,Egypt,cust2902@example.com,
2904,Customer_2904,EGYPT,,0111332219
2905,Customer_2905,cairo,cust2904@example.com,0114141074
2906,Customer_2906,Egypt,cust2905@example.com,0117215087
2907,Customer_2907,Cairo,cust2906@example.com,0122040919
2908,Customer_2908,cairo,cust2907@example.com,0129897382
2909,Customer_2909,Cairo,cust2908@example.com,
2910,Customer_2910,Egypt,cust2909@example.com,0107595630
2911,Customer_2911,Egypt,cust2910@example.com,
2912,Customer_2912,alex,cust2911@example.com,
2913,Customer_2913,giza,cust2912@example.com,0116701641
2914,Customer_2914,giza,cust2913@example.com,0105246489
2915,Customer_2915,EGYPT,cust2914@example.com,
2916,Customer_2916,Cairo,cust2915@example.com,0127965023
2917,Customer_2917,Cairo,cust2916@example.com,0102495193
2918,Customer_2918,Alexandria,cust2917@example.com,0115749682
2919,Customer_2919,cairo,cust2918@example.com,0109307779
2920,Customer_2920,Giza,cust2919@example.com,0114531191
2921,Customer_2921,giza,cust2920@example.com,0109938403
2922,Customer_2922,Egypt,cust2921@example.com,0103823626
2923,Customer_2923,EGYPT,cust2922@example.com,
2924,Customer_2924,Giza,cust2923@example.com,
2925,Customer_2925,CAIRO,cust2924@example.com,0106757499
2926,Customer_2926,EGYPT,,0123297116
2927,Customer_2927,CAIRO,cust2926@example.com,0126703002
2928,Customer_2928,CAIRO,cust2927@example.com,0119288261
2929,Customer_2929,CAIRO,cust2928@example.com,0128144218
2930,Customer_2930,alex,cust2929@example.com,0105309063
2931,Customer_2931,alex,cust2930@example.com,0124882291
2932,Customer_2932,alex,cust2931@example.com,0113905328
2933,Customer_2933,Giza,cust2932@example.com,0129530069
2934,Customer_2934,EGYPT,cust2933@example.com,0109517646
2935,Customer_2935,EGYPT,cust2934@example.com,
2936,Customer_2936,Egypt,,0102834120
2937,Customer_2937,alex,cust2936@example.com,
2938,Customer_2938,Egypt,cust2937@example.com,0114453159
2939,Customer_2939,cairo,cust2938@example.com,0102133073
2940,Customer_2940,Egypt,cust2939@example.com,0118037093
2941,Customer_2941,Giza,cust2940@example.com,0106047355
2942,Customer_2942,giza,cust2941@example.com,
2943,Customer_2943,CAIRO,cust2942@example.com,0107619663
2944,Customer_2944,alex,cust2943@example.com,0115087173
2945,Customer_2945,giza,cust2944@example.com,0119594858
2946,Customer_2946,Egypt,cust2945@example.com,0102778268
2947,Customer_2947,CAIRO,cust2946@example.com,0104797796
2948,Customer_2948,EGYPT,cust2947@example.com,0119426948
2949,Customer_2949,Cairo,cust2948@example.com,
2950,Customer_2950,CAIRO,cust2949@example.com,0106016950
2951,Customer_2951,Giza,cust2950@example.com,0108815227
2952,Customer_2952,Giza,cust2951@example.com,0116203010
2953,Customer_2953,Egypt,cust2952@example.com,0109353766
2954,Customer_2954,cairo,cust2953@example.com,
2955,Customer_2955,Giza,cust2954@example.com,0122074094
2956,Customer_2956,Giza,cust2955@example.com,0109800175
2957,Customer_2957,Egypt,cust2956@example.com,0123739314
2958,Customer_2958,CAIRO,cust2957@example.com,0122231384
2959,Customer_2959,cairo,cust2958@example.com,
2960,Customer_2960,giza,cust2959@example.com,0111262354
2961,Customer_2961,Cairo,cust2960@example.com,0119183302
2962,Customer_2962,alex,cust2961@example.com,0127070624
2963,Customer_2963,EGYPT,cust2962@example.com,0103853605
2964,Customer_2964,Giza,cust2963@example.com,0122248108
2965,Customer_2965,Egypt,cust2964@example.com,0127319931
2966,Customer_2966,alex,cust2965@example.com,0125633433
2967,Customer_2967,EGYPT,cust2966@example.com,0118501748
2968,Customer_2968,EGYPT,cust2967@example.com,0126980408
2969,Customer_2969,giza,cust2968@example.com,0126354572
2970,Customer_2970,giza,cust2969@example.com,0113898321
2971,Customer_2971,giza,cust2970@example.com,0122696120
2972,Customer_2972,Alexandria,,0105139981
2973,Customer_2973,Alexandria,cust2972@example.com,
2974,Customer_2974,EGYPT,cust2973@example.com,0103906719
2975,Customer_2975,giza,cust2974@example.com,0129569124
2976,Customer_2976,Giza,cust2975@example.com,0121694246
2977,Customer_2977,alex,,0119601726
2978,Customer_2978,alex,cust2977@example.com,0126450867
2979,Customer_2979,Alexandria,cust2978@example.com,0122648897
2980,Customer_2980,EGYPT,cust2979@example.com,0126327677
2981,Customer_2981,Egypt,cust2980@example.com,0109630608
2982,Customer_2982,CAIRO,cust2981@example.com,0105628750
2983,Customer_2983,CAIRO,cust2982@example.com,0117971939
2984,Customer_2984,Alexandria,cust2983@example.com,0124683977
2985,Customer_2985,Egypt,,0109491980
2986,Customer_2986,Alexandria,cust2985@example.com,0126215787
2987,Customer_2987,CAIRO,cust2986@example.com,0111498956
2988,Customer_2988,Egypt,cust2987@example.com,0126099729
2989,Customer_2989,giza,cust2988@example.com,0113991364
2990,Customer_2990,EGYPT,cust2989@example.com,0102617204
2991,Customer_2991,alex,cust2990@example.com,0123852889
2992,Customer_2992,cairo,cust2991@example.com,0122783921
2993,Customer_2993,EGYPT,cust2992@example.com,0122620018
2994,Customer_2994,giza,cust2993@example.com,0128157431
2995,Customer_2995,CAIRO,,0108551924
2996,Customer_2996,giza,cust2995@example.com,0107981219
2997,Customer_2997,Alexandria,cust2996@example.com,0111143752
2998,Customer_2998,Egypt,cust2997@example.com,0127245974
2999,Customer_2999,alex,cust2998@example.com,
3000,Customer_3000,Giza,,
3001,Customer_3001,Alexandria,cust3000@example.com,0105413867
3002,Customer_3002,EGYPT,cust3001@example.com,0112603191
3003,Customer_3003,Alexandria,cust3002@example.com,
3004,Customer_3004,EGYPT,cust3003@example.com,0102591382
3005,Customer_3005,Giza,cust3004@example.com,0117895367
3006,Customer_3006,Cairo,cust3005@example.com,0118336420
3007,Customer_3007,alex,cust3006@example.com,0113504343
3008,Customer_3008,cairo,cust3007@example.com,
3009,Customer_3009,giza,cust3008@example.com,0106069034
3010,Customer_3010,Cairo,cust3009@example.com,0124624567
3011,Customer_3011,Alexandria,cust3010@example.com,0101330650
3012,Customer_3012,giza,cust3011@example.com,0109846035
3013,Customer_3013,Cairo,cust3012@example.com,0103418236
3014,Customer_3014,Egypt,cust3013@example.com,
3015,Customer_3015,Egypt,cust3014@example.com,0126487750
3016,Customer_3016,giza,cust3015@example.com,0107840579
3017,Customer_3017,EGYPT,cust3016@example.com,0126506188
3018,Customer_3018,EGYPT,cust3017@example.com,
3019,Customer_3019,Alexandria,cust3018@example.com,0127608017
3020,Customer_3020,Cairo,cust3019@example.com,0127799103
3021,Customer_3021,Cairo,cust3020@example.com,
3022,Customer_3022,giza,cust3021@example.com,0112149548
3023,Customer_3023,CAIRO,cust3022@example.com,0122844175
3024,Customer_3024,Egypt,cust3023@example.com,0113169236
3025,Customer_3025,Cairo,cust3024@example.com,0109321711
3026,Customer_3026,giza,cust3025@example.com,0119608119
3027,Customer_3027,Giza,cust3026@example.com,0124290824
3028,Customer_3028,cairo,cust3027@example.com,
3029,Customer_3029,Giza,cust3028@example.com,0125352206
3030,Customer_3030,alex,,0119022096
3031,Customer_3031,Alexandria,cust3030@example.com,0101264945
3032,Customer_3032,Cairo,,0119729395
3033,Customer_3033,alex,cust3032@example.com,0108365791
3034,Customer_3034,alex,,0108052827
3035,Customer_3035,giza,cust3034@example.com,0122273420
3036,Customer_3036,Cairo,cust3035@example.com,0104329193
3037,Customer_3037,cairo,cust3036@example.com,0123839258
3038,Customer_3038,giza,cust3037@example.com,0123759279
3039,Customer_3039,giza,cust3038@example.com,0113326929
3040,Customer_3040,Alexandria,,0107341474
3041,Customer_3041,Alexandria,cust3040@example.com,0126802188
3042,Customer_3042,Egypt,,0108554093
3043,Customer_3043,Egypt,cust3042@example.com,0111099083
3044,Customer_3044,EGYPT,cust3043@example.com,0128235593
3045,Customer_3045,CAIRO,cust3044@example.com,0128323972
3046,Customer_3046,Cairo,cust3045@example.com,0121219680
3047,Customer_3047,Cairo,cust3046@example.com,0103801790
3048,Customer_3048,alex,cust3047@example.com,0117801639
3049,Customer_3049,Cairo,cust3048@example.com,0123564268
3050,Customer_3050,Cairo,cust3049@example.com,0127098635
3051,Customer_3051,CAIRO,cust3050@example.com,0122288540
3052,Customer_3052,Egypt,cust3051@example.com,0111988786
3053,Customer_3053,Egypt,,0118768345
3054,Customer_3054,cairo,cust3053@example.com,0106866082
3055,Customer_3055,Cairo,,0122627046
3056,Customer_3056,CAIRO,cust3055@example.com,0106506703
3057,Customer_3057,Egypt,,0102969115
3058,Customer_3058,CAIRO,cust3057@example.com,0125600880
3059,Customer_3059,Giza,cust3058@example.com,0124056134
3060,Customer_3060,Cairo,cust3059@example.com,0109428878
3061,Customer_3061,cairo,cust3060@example.com,0115914492
3062,Customer_3062,alex,cust3061@example.com,0129622949
3063,Customer_3063,Egypt,,0105346342
3064,Customer_3064,Giza,cust3063@example.com,0114571509
3065,Customer_3065,CAIRO,cust3064@example.com,0105907144
3066,Customer_3066,Alexandria,cust3065@example.com,
3067,Customer_3067,giza,cust3066@example.com,0101654559
3068,Customer_3068,Cairo,cust3067@example.com,0121884243
3069,Customer_3069,Cairo,cust3068@example.com,0118999068
3070,Customer_3070,Giza,cust3069@example.com,0108876338
3071,Customer_3071,CAIRO,cust3070@example.com,0123760296
3072,Customer_3072,EGYPT,cust3071@example.com,0117851441
3073,Customer_3073,Cairo,cust3072@example.com,0127803031
3074,Customer_3074,EGYPT,cust3073@example.com,0129396519
3075,Customer_3075,Alexandria,cust3074@example.com,0107426688
3076,Customer_3076,Giza,cust3075@example.com,0127702242
3077,Customer_3077,CAIRO,cust3076@example.com,0123833102
3078,Customer_3078,CAIRO,cust3077@example.com,0112848971
3079,Customer_3079,giza,cust3078@example.com,0103616029
3080,Customer_3080,Egypt,cust3079@example.com,0118101760
3081,Customer_3081,Egypt,cust3080@example.com,0113078035
3082,Customer_3082,alex,cust3081@example.com,0122593594
3083,Customer_3083,cairo,cust3082@example.com,0124699322
3084,Customer_3084,Giza,,0126468367
3085,Customer_3085,Alexandria,cust3084@example.com,0109975124
3086,Customer_3086,CAIRO,cust3085@example.com,0111312728
3087,Customer_3087,giza,cust3086@example.com,0111779665
3088,Customer_3088,EGYPT,cust3087@example.com,0128162815
3089,Customer_3089,Giza,cust3088@example.com,0114659995
3090,Customer_3090,alex,cust3089@example.com,0113425884
3091,Customer_3091,Giza,cust3090@example.com,0103869066
3092,Customer_3092,alex,cust3091@example.com,0113368614
3093,Customer_3093,CAIRO,cust3092@example.com,
3094,Customer_3094,cairo,cust3093@example.com,0102336646
3095,Customer_3095,alex,cust3094@example.com,0113233981
3096,Customer_3096,CAIRO,cust3095@example.com,0129867641
3097,Customer_3097,CAIRO,,
3098,Customer_3098,cairo,cust3097@example.com,0106870911
3099,Customer_3099,Egypt,cust3098@example.com,0119149135
3100,Customer_3100,Giza,cust3099@example.com,0108173737
3101,Customer_3101,Cairo,cust3100@example.com,
3102,Customer_3102,Cairo,cust3101@example.com,0112372340
3103,Customer_3103,EGYPT,cust3102@example.com,0116507074
3104,Customer_3104,EGYPT,cust3103@example.com,0103995556
3105,Customer_3105,Cairo,cust3104@example.com,0104289029
3106,Customer_3106,Alexandria,cust3105@example.com,0104116285
3107,Customer_3107,Cairo,cust3106@example.com,0106353739
3108,Customer_3108,EGYPT,cust3107@example.com,0126465744
3109,Customer_3109,giza,cust3108@example.com,0115560438
3110,Customer_3110,EGYPT,cust3109@example.com,0111211442
3111,Customer_3111,Alexandria,cust3110@example.com,0115441916
3112,Customer_3112,Giza,cust3111@example.com,0106110723
3113,Customer_3113,Cairo,cust3112@example.com,0116845495
3114,Customer_3114,cairo,cust3113@example.com,0118323128
3115,Customer_3115,giza,cust3114@example.com,0129395140
3116,Customer_3116,CAIRO,cust3115@example.com,0109886390
3117,Customer_3117,Alexandria,cust3116@example.com,0125034435
3118,Customer_3118,EGYPT,cust3117@example.com,
3119,Customer_3119,cairo,cust3118@example.com,0119914454
3120,Customer_3120,alex,cust3119@example.com,0116783905
3121,Customer_3121,Egypt,cust3120@example.com,0127050759
3122,Customer_3122,Cairo,cust3121@example.com,0115434570
3123,Customer_3123,Egypt,cust3122@example.com,0122403270
3124,Customer_3124,Alexandria,cust3123@example.com,0111568453
3125,Customer_3125,alex,cust3124@example.com,
3126,Customer_3126,alex,cust3125@example.com,0108663955
3127,Customer_3127,alex,cust3126@example.com,0104285447
3128,Customer_3128,CAIRO,cust3127@example.com,0116523703
3129,Customer_3129,Alexandria,cust3128@example.com,0111042240
3130,Customer_3130,Giza,cust3129@example.com,0114994852
3131,Customer_3131,Egypt,cust3130@example.com,
3132,Customer_3132,Giza,cust3131@example.com,0126656480
3133,Customer_3133,cairo,cust3132@example.com,0123265713
3134,Customer_3134,giza,cust3133@example.com,
3135,Customer_3135,giza,cust3134@example.com,0117314199
3136,Customer_3136,Giza,cust3135@example.com,0109981116
3137,Customer_3137,Cairo,cust3136@example.com,
3138,Customer_3138,cairo,,0115872063
3139,Customer_3139,Alexandria,cust3138@example.com,0118267196
3140,Customer_3140,EGYPT,cust3139@example.com,
3141,Customer_3141,giza,cust3140@example.com,0125818516
3142,Customer_3142,EGYPT,cust3141@example.com,0125263559
3143,Customer_3143,cairo,cust3142@example.com,0111333407
3144,Customer_3144,Egypt,,0113562555
3145,Customer_3145,giza,cust3144@example.com,0115719086
3146,Customer_3146,Cairo,cust3145@example.com,0103223518
3147,Customer_3147,Cairo,cust3146@example.com,0106401773
3148,Customer_3148,alex,cust3147@example.com,0123905542
3149,Customer_3149,CAIRO,,0107863794
3150,Customer_3150,cairo,cust3149@example.com,0101587221
3151,Customer_3151,giza,cust3150@example.com,0113621234
3152,Customer_3152,CAIRO,cust3151@example.com,0116880678
3153,Customer_3153,cairo,cust3152@example.com,0127534620
3154,Customer_3154,Giza,cust3153@example.com,
3155,Customer_3155,Alexandria,cust3154@example.com,0127810662
3156,Customer_3156,Alexandria,cust3155@example.com,0112539012
3157,Customer_3157,alex,cust3156@example.com,
3158,Customer_3158,alex,cust3157@example.com,0128195092
3159,Customer_3159,Alexandria,cust3158@example.com,0108699293
3160,Customer_3160,Egypt,cust3159@example.com,0128227182
3161,Customer_3161,giza,cust3160@example.com,
3162,Customer_3162,Alexandria,cust3161@example.com,0117535385
3163,Customer_3163,Egypt,cust3162@example.com,
3164,Customer_3164,CAIRO,cust3163@example.com,0107543774
3165,Customer_3165,Egypt,cust3164@example.com,
3166,Customer_3166,CAIRO,cust3165@example.com,0102718008
3167,Customer_3167,cairo,cust3166@example.com,
3168,Customer_3168,EGYPT,cust3167@example.com,0108691107
3169,Customer_3169,cairo,,0112064366
3170,Customer_3170,Alexandria,,0112001678
3171,Customer_3171,CAIRO,cust3170@example.com,0119579220
3172,Customer_3172,Alexandria,cust3171@example.com,0123371843
3173,Customer_3173,giza,cust3172@example.com,
3174,Customer_3174,Cairo,cust3173@example.com,0108955848
3175,Customer_3175,Alexandria,cust3174@example.com,0119111281
3176,Customer_3176,giza,cust3175@example.com,0108280531
3177,Customer_3177,Egypt,cust3176@example.com,0108801375
3178,Customer_3178,cairo,cust3177@example.com,0103579560
3179,Customer_3179,Egypt,cust3178@example.com,0121943785
3180,Customer_3180,Cairo,cust3179@example.com,0105659602
3181,Customer_3181,CAIRO,cust3180@example.com,0111393770
3182,Customer_3182,giza,cust3181@example.com,0128578729
3183,Customer_3183,EGYPT,cust3182@example.com,0124995307
3184,Customer_3184,Alexandria,cust3183@example.com,0121845267
3185,Customer_3185,CAIRO,cust3184@example.com,0123132873
3186,Customer_3186,EGYPT,cust3185@example.com,0104449438
3187,Customer_3187,Giza,cust3186@example.com,0129355028
3188,Customer_3188,Alexandria,cust3187@example.com,0119766806
3189,Customer_3189,Egypt,cust3188@example.com,0109931597
3190,Customer_3190,cairo,cust3189@example.com,0106996542
3191,Customer_3191,giza,cust3190@example.com,0126176420
3192,Customer_3192,Cairo,cust3191@example.com,0124663138
3193,Customer_3193,Cairo,cust3192@example.com,0103345124
3194,Customer_3194,Egypt,cust3193@example.com,0128075020
3195,Customer_3195,alex,cust3194@example.com,0124666688
3196,Customer_3196,Cairo,cust3195@example.com,0129868697
3197,Customer_3197,giza,cust3196@example.com,
3198,Customer_3198,Egypt,cust3197@example.com,0103053252
3199,Customer_3199,CAIRO,cust3198@example.com,0103047513
3200,Customer_3200,Cairo,cust3199@example.com,
3201,Customer_3201,Egypt,cust3200@example.com,0108892384
3202,Customer_3202,giza,cust3201@example.com,0103718571
3203,Customer_3203,Alexandria,cust3202@example.com,0127479891
3204,Customer_3204,Alexandria,cust3203@example.com,
3205,Customer_3205,Cairo,cust3204@example.com,
3206,Customer_3206,cairo,,0108690209
3207,Customer_3207,Alexandria,cust3206@example.com,0112200456
3208,Customer_3208,cairo,cust3207@example.com,0107368195
3209,Customer_3209,CAIRO,cust3208@example.com,
3210,Customer_3210,Egypt,cust3209@example.com,0113025783
3211,Customer_3211,EGYPT,cust3210@example.com,0103985124
3212,Customer_3212,giza,cust3211@example.com,0101746493
3213,Customer_3213,Egypt,cust3212@example.com,
3214,Customer_3214,giza,cust3213@example.com,0122632160
3215,Customer_3215,CAIRO,cust3214@example.com,0106718341
3216,Customer_3216,Giza,cust3215@example.com,0103730024
3217,Customer_3217,Cairo,cust3216@example.com,0104931349
3218,Customer_3218,giza,cust3217@example.com,0127877619
3219,Customer_3219,giza,cust3218@example.com,0126075323
3220,Customer_3220,cairo,cust3219@example.com,0113783641
3221,Customer_3221,Egypt,cust3220@example.com,0119772549
3222,Customer_3222,Giza,cust3221@example.com,0101030049
3223,Customer_3223,alex,cust3222@example.com,0102632893
3224,Customer_3224,Cairo,cust3223@example.com,
3225,Customer_3225,EGYPT,,
3226,Customer_3226,alex,cust3225@example.com,0129049922
3227,Customer_3227,Egypt,cust3226@example.com,0116160563
3228,Customer_3228,Cairo,cust3227@example.com,0106027360
3229,Customer_3229,giza,cust3228@example.com,0116146037
3230,Customer_3230,EGYPT,cust3229@example.com,0112462957
3231,Customer_3231,cairo,cust3230@example.com,0116402642
3232,Customer_3232,Giza,cust3231@example.com,
3233,Customer_3233,cairo,cust3232@example.com,0117804252
3234,Customer_3234,CAIRO,cust3233@example.com,
3235,Customer_3235,Cairo,cust3234@example.com,0123329196
3236,Customer_3236,cairo,cust3235@example.com,0126841717
3237,Customer_3237,alex,cust3236@example.com,0111485160
3238,Customer_3238,cairo,cust3237@example.com,
3239,Customer_3239,Alexandria,cust3238@example.com,0111196651
3240,Customer_3240,CAIRO,cust3239@example.com,
3241,Customer_3241,Egypt,cust3240@example.com,0119284272
3242,Customer_3242,Giza,cust3241@example.com,0108800520
3243,Customer_3243,CAIRO,cust3242@example.com,0126240872
3244,Customer_3244,Alexandria,cust3243@example.com,0104748933
3245,Customer_3245,Cairo,cust3244@example.com,0121679215
3246,Customer_3246,alex,cust3245@example.com,0112717675
3247,Customer_3247,Giza,cust3246@example.com,0123446978
3248,Customer_3248,Giza,cust3247@example.com,0111909851
3249,Customer_3249,CAIRO,,0107981136
3250,Customer_3250,Cairo,,0122422519
3251,Customer_3251,giza,cust3250@example.com,0127234341
3252,Customer_3252,Alexandria,cust3251@example.com,0114314404
3253,Customer_3253,giza,cust3252@example.com,0124113768
3254,Customer_3254,alex,cust3253@example.com,0103575385
3255,Customer_3255,Cairo,cust3254@example.com,0118092821
3256,Customer_3256,Cairo,cust3255@example.com,0119318565
3257,Customer_3257,Alexandria,cust3256@example.com,0127815865
3258,Customer_3258,EGYPT,cust3257@example.com,0126601473
3259,Customer_3259,giza,cust3258@example.com,0109538960
3260,Customer_3260,cairo,cust3259@example.com,
3261,Customer_3261,Giza,cust3260@example.com,0117915074
3262,Customer_3262,EGYPT,cust3261@example.com,0101910018
3263,Customer_3263,cairo,cust3262@example.com,0107205686
3264,Customer_3264,Alexandria,cust3263@example.com,0117637907
3265,Customer_3265,Giza,cust3264@example.com,0104132141
3266,Customer_3266,Egypt,cust3265@example.com,0126443396
3267,Customer_3267,cairo,cust3266@example.com,0124479779
3268,Customer_3268,EGYPT,cust3267@example.com,0101056117
3269,Customer_3269,cairo,cust3268@example.com,0112927768
3270,Customer_3270,cairo,cust3269@example.com,0118432108
3271,Customer_3271,Alexandria,cust3270@example.com,0114222052
3272,Customer_3272,giza,cust3271@example.com,0127084541
3273,Customer_3273,Egypt,cust3272@example.com,0123673235
3274,Customer_3274,Alexandria,cust3273@example.com,0119599529
3275,Customer_3275,alex,cust3274@example.com,0109473354
3276,Customer_3276,Alexandria,,0128102862
3277,Customer_3277,Giza,cust3276@example.com,0111156748
3278,Customer_3278,Egypt,cust3277@example.com,
3279,Customer_3279,Cairo,cust3278@example.com,0119848123
3280,Customer_3280,alex,cust3279@example.com,0101920662
3281,Customer_3281,CAIRO,cust3280@example.com,0101200801
3282,Customer_3282,Alexandria,cust3281@example.com,0111435625
3283,Customer_3283,cairo,cust3282@example.com,
3284,Customer_3284,giza,cust3283@example.com,0102533409
3285,Customer_3285,Cairo,cust3284@example.com,0126975788
3286,Customer_3286,Alexandria,cust3285@example.com,0127779159
3287,Customer_3287,Alexandria,cust3286@example.com,0112857320
3288,Customer_3288,EGYPT,cust3287@example.com,0118476952
3289,Customer_3289,EGYPT,cust3288@example.com,
3290,Customer_3290,Cairo,,0114263297
3291,Customer_3291,EGYPT,cust3290@example.com,0122626182
3292,Customer_3292,cairo,cust3291@example.com,
3293,Customer_3293,alex,cust3292@example.com,0117152614
3294,Customer_3294,CAIRO,cust3293@example.com,0125937626
3295,Customer_3295,Egypt,cust3294@example.com,0125837330
3296,Customer_3296,CAIRO,,0112211706
3297,Customer_3297,CAIRO,cust3296@example.com,0111664176
3298,Customer_3298,Egypt,cust3297@example.com,0101359717
3299,Customer_3299,EGYPT,cust3298@example.com,0126672018
3300,Customer_3300,Cairo,cust3299@example.com,0116933944
3301,Customer_3301,Egypt,cust3300@example.com,0106910012
3302,Customer_3302,Giza,cust3301@example.com,0115168370
3303,Customer_3303,alex,cust3302@example.com,0123295998
3304,Customer_3304,giza,cust3303@example.com,0121286143
3305,Customer_3305,EGYPT,cust3304@example.com,0128539885
3306,Customer_3306,Egypt,cust3305@example.com,0116318832
3307,Customer_3307,Giza,cust3306@example.com,0129434709
3308,Customer_3308,giza,cust3307@example.com,
3309,Customer_3309,alex,cust3308@example.com,0101379503
3310,Customer_3310,alex,cust3309@example.com,0109993556
3311,Customer_3311,EGYPT,cust3310@example.com,
3312,Customer_3312,Egypt,cust3311@example.com,0125420777
3313,Customer_3313,Cairo,cust3312@example.com,0107712259
3314,Customer_3314,alex,cust3313@example.com,0111209644
3315,Customer_3315,Cairo,cust3314@example.com,0123760866
3316,Customer_3316,Cairo,,0128781532
3317,Customer_3317,EGYPT,cust3316@example.com,0127316614
3318,Customer_3318,giza,cust3317@example.com,0118667420
3319,Customer_3319,Alexandria,cust3318@example.com,0127370708
3320,Customer_3320,CAIRO,cust3319@example.com,0127760499
3321,Customer_3321,CAIRO,cust3320@example.com,0116978719
3322,Customer_3322,alex,cust3321@example.com,0104190252
3323,Customer_3323,Alexandria,cust3322@example.com,0106816759
3324,Customer_3324,giza,cust3323@example.com,0108901707
3325,Customer_3325,Alexandria,,0117722035
3326,Customer_3326,EGYPT,cust3325@example.com,
3327,Customer_3327,alex,cust3326@example.com,
3328,Customer_3328,Cairo,,0104092350
3329,Customer_3329,alex,cust3328@example.com,0103001981
3330,Customer_3330,CAIRO,cust3329@example.com,0109902839
3331,Customer_3331,giza,cust3330@example.com,0112059230
3332,Customer_3332,Alexandria,,0104768841
3333,Customer_3333,giza,cust3332@example.com,0117559314
3334,Customer_3334,EGYPT,cust3333@example.com,0103767052
3335,Customer_3335,alex,cust3334@example.com,0122807992
3336,Customer_3336,Egypt,,0107573846
3337,Customer_3337,alex,,0121770991
3338,Customer_3338,Cairo,cust3337@example.com,0108823045
3339,Customer_3339,alex,cust3338@example.com,0114722745
3340,Customer_3340,Giza,cust3339@example.com,0105892034
3341,Customer_3341,EGYPT,cust3340@example.com,0103298543
3342,Customer_3342,cairo,cust3341@example.com,0112312179
3343,Customer_3343,EGYPT,cust3342@example.com,0118009898
3344,Customer_3344,Alexandria,cust3343@example.com,0126609264
3345,Customer_3345,cairo,cust3344@example.com,0113688372
3346,Customer_3346,Alexandria,cust3345@example.com,
3347,Customer_3347,Alexandria,cust3346@example.com,0106290703
3348,Customer_3348,Cairo,cust3347@example.com,0102782777
3349,Customer_3349,Cairo,cust3348@example.com,0125027315
3350,Customer_3350,CAIRO,,0114668766
3351,Customer_3351,CAIRO,cust3350@example.com,0113199253
3352,Customer_3352,Egypt,cust3351@example.com,0116923000
3353,Customer_3353,cairo,cust3352@example.com,0109974095
3354,Customer_3354,giza,cust3353@example.com,0108195956
3355,Customer_3355,alex,cust3354@example.com,0113823433
3356,Customer_3356,alex,cust3355@example.com,0128360048
3357,Customer_3357,Alexandria,cust3356@example.com,0105549099
3358,Customer_3358,CAIRO,cust3357@example.com,0129974526
3359,Customer_3359,Alexandria,cust3358@example.com,0115894451
3360,Customer_3360,Giza,cust3359@example.com,0102557408
3361,Customer_3361,Giza,cust3360@example.com,0105649215
3362,Customer_3362,giza,cust3361@example.com,0103909572
3363,Customer_3363,Cairo,cust3362@example.com,0124220721
3364,Customer_3364,Cairo,cust3363@example.com,0128597196
3365,Customer_3365,CAIRO,cust3364@example.com,
3366,Customer_3366,CAIRO,cust3365@example.com,0124648297
3367,Customer_3367,Giza,cust3366@example.com,0121294509
3368,Customer_3368,Cairo,cust3367@example.com,0116701202
3369,Customer_3369,cairo,,0118924171
3370,Customer_3370,cairo,cust3369@example.com,0123796000
3371,Customer_3371,CAIRO,cust3370@example.com,0119511023
3372,Customer_3372,Alexandria,cust3371@example.com,0109773029
3373,Customer_3373,Cairo,cust3372@example.com,0104447366
3374,Customer_3374,cairo,cust3373@example.com,0105273077
3375,Customer_3375,Cairo,cust3374@example.com,
3376,Customer_3376,EGYPT,cust3375@example.com,0102593218
3377,Customer_3377,alex,cust3376@example.com,
3378,Customer_3378,Giza,cust3377@example.com,0128982810
3379,Customer_3379,Cairo,cust3378@example.com,0117321817
3380,Customer_3380,alex,cust3379@example.com,0105152541
3381,Customer_3381,EGYPT,,0119740680
3382,Customer_3382,Cairo,cust3381@example.com,0103618531
3383,Customer_3383,CAIRO,cust3382@example.com,0125095090
3384,Customer_3384,alex,cust3383@example.com,0122054195
3385,Customer_3385,Cairo,cust3384@example.com,0114978843
3386,Customer_3386,alex,cust3385@example.com,0121671660
3387,Customer_3387,EGYPT,cust3386@example.com,0126747808
3388,Customer_3388,Cairo,cust3387@example.com,0122484152
3389,Customer_3389,Cairo,cust3388@example.com,
3390,Customer_3390,Cairo,cust3389@example.com,0105402962
3391,Customer_3391,giza,cust3390@example.com,0128862705
3392,Customer_3392,CAIRO,,0103501374
3393,Customer_3393,EGYPT,cust3392@example.com,0127607993
3394,Customer_3394,giza,cust3393@example.com,0126706000
3395,Customer_3395,Alexandria,cust3394@example.com,0119679540
3396,Customer_3396,giza,cust3395@example.com,0124931518
3397,Customer_3397,Giza,cust3396@example.com,0121973709
3398,Customer_3398,Giza,,0123336928
3399,Customer_3399,Cairo,cust3398@example.com,
3400,Customer_3400,giza,cust3399@example.com,0129747985
3401,Customer_3401,Alexandria,cust3400@example.com,0128369129
3402,Customer_3402,giza,cust3401@example.com,0114495355
3403,Customer_3403,CAIRO,cust3402@example.com,0113631392
3404,Customer_3404,CAIRO,,0123878675
3405,Customer_3405,Alexandria,cust3404@example.com,0117127393
3406,Customer_3406,giza,,0109167408
3407,Customer_3407,alex,cust3406@example.com,0103887273
3408,Customer_3408,CAIRO,cust3407@example.com,0108457431
3409,Customer_3409,CAIRO,cust3408@example.com,
3410,Customer_3410,cairo,cust3409@example.com,0114777415
3411,Customer_3411,giza,cust3410@example.com,0121817044
3412,Customer_3412,CAIRO,cust3411@example.com,0102047071
3413,Customer_3413,EGYPT,cust3412@example.com,0103093849
3414,Customer_3414,giza,cust3413@example.com,
3415,Customer_3415,Giza,cust3414@example.com,0121414564
3416,Customer_3416,cairo,cust3415@example.com,0128252359
3417,Customer_3417,CAIRO,,0104041208
3418,Customer_3418,cairo,cust3417@example.com,
3419,Customer_3419,Giza,cust3418@example.com,0126037555
3420,Customer_3420,Alexandria,cust3419@example.com,0117937202
3421,Customer_3421,Alexandria,cust3420@example.com,0125312646
3422,Customer_3422,giza,cust3421@example.com,0119215915
3423,Customer_3423,Giza,cust3422@example.com,0127441094
3424,Customer_3424,Egypt,cust3423@example.com,0127350640
3425,Customer_3425,Egypt,cust3424@example.com,0103337139
3426,Customer_3426,giza,cust3425@example.com,0102239176
3427,Customer_3427,Cairo,cust3426@example.com,0116732897
3428,Customer_3428,cairo,cust3427@example.com,0122665347
3429,Customer_3429,cairo,cust3428@example.com,0115840239
3430,Customer_3430,Alexandria,cust3429@example.com,0109432861
3431,Customer_3431,Egypt,cust3430@example.com,
3432,Customer_3432,CAIRO,cust3431@example.com,0111339972
3433,Customer_3433,CAIRO,cust3432@example.com,0102839581
3434,Customer_3434,CAIRO,cust3433@example.com,0106997228
3435,Customer_3435,Alexandria,,
3436,Customer_3436,Giza,cust3435@example.com,0104758159
3437,Customer_3437,alex,cust3436@example.com,0113397504
3438,Customer_3438,Egypt,cust3437@example.com,0105405477
3439,Customer_3439,Egypt,,
3440,Customer_3440,cairo,cust3439@example.com,0117807949
3441,Customer_3441,Cairo,cust3440@example.com,0109814989
3442,Customer_3442,giza,cust3441@example.com,
3443,Customer_3443,cairo,cust3442@example.com,0108473198
3444,Customer_3444,Giza,cust3443@example.com,0119597765
3445,Customer_3445,giza,cust3444@example.com,0114700401
3446,Customer_3446,Egypt,cust3445@example.com,0121094919
3447,Customer_3447,Giza,cust3446@example.com,0117845983
3448,Customer_3448,giza,cust3447@example.com,0117922279
3449,Customer_3449,EGYPT,cust3448@example.com,0111247299
3450,Customer_3450,alex,cust3449@example.com,0119228162
3451,Customer_3451,Egypt,cust3450@example.com,0107278180
3452,Customer_3452,Cairo,cust3451@example.com,0101565668
3453,Customer_3453,CAIRO,cust3452@example.com,0119699947
3454,Customer_3454,EGYPT,cust3453@example.com,0116969714
3455,Customer_3455,CAIRO,,
3456,Customer_3456,alex,cust3455@example.com,0111158265
3457,Customer_3457,giza,cust3456@example.com,0115866453
3458,Customer_3458,Alexandria,cust3457@example.com,0101436515
3459,Customer_3459,Cairo,cust3458@example.com,0104178734
3460,Customer_3460,alex,cust3459@example.com,
3461,Customer_3461,CAIRO,cust3460@example.com,
3462,Customer_3462,EGYPT,cust3461@example.com,
3463,Customer_3463,Egypt,cust3462@example.com,0109630877
3464,Customer_3464,EGYPT,cust3463@example.com,0111518491
3465,Customer_3465,EGYPT,cust3464@example.com,0112073853
3466,Customer_3466,Alexandria,cust3465@example.com,
3467,Customer_3467,Alexandria,cust3466@example.com,0119254663
3468,Customer_3468,Giza,cust3467@example.com,0101258454
3469,Customer_3469,Giza,cust3468@example.com,0102422901
3470,Customer_3470,giza,cust3469@example.com,0107636732
3471,Customer_3471,Giza,cust3470@example.com,0106602611
3472,Customer_3472,cairo,cust3471@example.com,0104965881
3473,Customer_3473,Cairo,,0127181870
3474,Customer_3474,cairo,cust3473@example.com,0125945572
3475,Customer_3475,cairo,cust3474@example.com,
3476,Customer_3476,CAIRO,cust3475@example.com,0106824090
3477,Customer_3477,alex,cust3476@example.com,
3478,Customer_3478,cairo,cust3477@example.com,0113254180
3479,Customer_3479,Cairo,cust3478@example.com,0129304245
3480,Customer_3480,Alexandria,cust3479@example.com,0107888784
3481,Customer_3481,giza,cust3480@example.com,0103421651
3482,Customer_3482,CAIRO,cust3481@example.com,0108560725
3483,Customer_3483,Alexandria,cust3482@example.com,0101071859
3484,Customer_3484,CAIRO,cust3483@example.com,0112137458
3485,Customer_3485,Cairo,cust3484@example.com,0115696875
3486,Customer_3486,EGYPT,cust3485@example.com,
3487,Customer_3487,Egypt,cust3486@example.com,0113002977
3488,Customer_3488,alex,,0105176250
3489,Customer_3489,Alexandria,cust3488@example.com,0129419085
3490,Customer_3490,alex,cust3489@example.com,0129189897
3491,Customer_3491,EGYPT,cust3490@example.com,0117764948
3492,Customer_3492,Egypt,cust3491@example.com,0104566711
3493,Customer_3493,alex,cust3492@example.com,0101235130
3494,Customer_3494,alex,cust3493@example.com,0101143545
3495,Customer_3495,Alexandria,cust3494@example.com,0102949735
3496,Customer_3496,Giza,,
3497,Customer_3497,Egypt,,0124607860
3498,Customer_3498,EGYPT,cust3497@example.com,
3499,Customer_3499,Egypt,cust3498@example.com,0127891694
3500,Customer_3500,Cairo,cust3499@example.com,0113449898
3501,Customer_3501,Giza,cust3500@example.com,0113639696
3502,Customer_3502,Cairo,cust3501@example.com,0121543169
3503,Customer_3503,EGYPT,cust3502@example.com,0102846162
3504,Customer_3504,Alexandria,cust3503@example.com,0129031553
3505,Customer_3505,Alexandria,cust3504@example.com,0115113062
3506,Customer_3506,EGYPT,cust3505@example.com,0117099340
3507,Customer_3507,CAIRO,,0128584232
3508,Customer_3508,EGYPT,cust3507@example.com,0109196236
3509,Customer_3509,Giza,cust3508@example.com,
3510,Customer_3510,cairo,cust3509@example.com,0128224994
3511,Customer_3511,Alexandria,cust3510@example.com,0113023134
3512,Customer_3512,giza,cust3511@example.com,0128076850
3513,Customer_3513,Giza,cust3512@example.com,
3514,Customer_3514,Giza,cust3513@example.com,0124791760
3515,Customer_3515,Giza,cust3514@example.com,0112470948
3516,Customer_3516,alex,cust3515@example.com,0122353096
3517,Customer_3517,Giza,cust3516@example.com,0105682477
3518,Customer_3518,Alexandria,cust3517@example.com,0119297378
3519,Customer_3519,cairo,cust3518@example.com,
3520,Customer_3520,cairo,cust3519@example.com,0117360267
3521,Customer_3521,Giza,cust3520@example.com,0113282252
3522,Customer_3522,Cairo,cust3521@example.com,0112462589
3523,Customer_3523,Alexandria,cust3522@example.com,0126585924
3524,Customer_3524,Alexandria,,0101170938
3525,Customer_3525,Egypt,cust3524@example.com,0119781999
3526,Customer_3526,CAIRO,cust3525@example.com,
3527,Customer_3527,CAIRO,,
3528,Customer_3528,Cairo,cust3527@example.com,
3529,Customer_3529,CAIRO,cust3528@example.com,0115791560
3530,Customer_3530,Egypt,cust3529@example.com,0113656031
3531,Customer_3531,EGYPT,cust3530@example.com,0129289654
3532,Customer_3532,CAIRO,cust3531@example.com,0105999216
3533,Customer_3533,Alexandria,,0102893401
3534,Customer_3534,EGYPT,cust3533@example.com,0104699223
3535,Customer_3535,CAIRO,cust3534@example.com,0102531742
3536,Customer_3536,Alexandria,cust3535@example.com,0115349774
3537,Customer_3537,Alexandria,cust3536@example.com,0107599405
3538,Customer_3538,Giza,cust3537@example.com,0115270861
3539,Customer_3539,cairo,,0125926948
3540,Customer_3540,Cairo,cust3539@example.com,0111724953
3541,Customer_3541,Egypt,cust3540@example.com,0107690905
3542,Customer_3542,alex,cust3541@example.com,0124958032
3543,Customer_3543,CAIRO,cust3542@example.com,0107480391
3544,Customer_3544,CAIRO,cust3543@example.com,
3545,Customer_3545,EGYPT,cust3544@example.com,0106154381
3546,Customer_3546,EGYPT,cust3545@example.com,0124217881
3547,Customer_3547,CAIRO,cust3546@example.com,0114324440
3548,Customer_3548,giza,cust3547@example.com,0123121423
3549,Customer_3549,Egypt,cust3548@example.com,
3550,Customer_3550,CAIRO,cust3549@example.com,0127112252
3551,Customer_3551,cairo,cust3550@example.com,0109684404
3552,Customer_3552,giza,cust3551@example.com,0118237398
3553,Customer_3553,Egypt,cust3552@example.com,0116124761
3554,Customer_3554,CAIRO,cust3553@example.com,
3555,Customer_3555,alex,,0112983135
3556,Customer_3556,Giza,cust3555@example.com,
3557,Customer_3557,cairo,,
3558,Customer_3558,alex,cust3557@example.com,0113541358
3559,Customer_3559,EGYPT,cust3558@example.com,
3560,Customer_3560,EGYPT,cust3559@example.com,0115142030
3561,Customer_3561,CAIRO,cust3560@example.com,0121810564
3562,Customer_3562,EGYPT,cust3561@example.com,
3563,Customer_3563,cairo,cust3562@example.com,0122114904
3564,Customer_3564,Egypt,cust3563@example.com,0102659800
3565,Customer_3565,Alexandria,cust3564@example.com,
3566,Customer_3566,Cairo,,0122155315
3567,Customer_3567,Egypt,cust3566@example.com,0109752667
3568,Customer_3568,Alexandria,cust3567@example.com,0119159258
3569,Customer_3569,giza,cust3568@example.com,0117798594
3570,Customer_3570,cairo,cust3569@example.com,0127597931
3571,Customer_3571,alex,cust3570@example.com,0129754401
3572,Customer_3572,Alexandria,cust3571@example.com,
3573,Customer_3573,cairo,cust3572@example.com,0113246198
3574,Customer_3574,Giza,cust3573@example.com,
3575,Customer_3575,alex,cust3574@example.com,0125398238
3576,Customer_3576,EGYPT,cust3575@example.com,0106570390
3577,Customer_3577,EGYPT,cust3576@example.com,0102900486
3578,Customer_3578,alex,cust3577@example.com,0121137154
3579,Customer_3579,giza,cust3578@example.com,0117246360
3580,Customer_3580,giza,cust3579@example.com,0108173028
3581,Customer_3581,giza,cust3580@example.com,
3582,Customer_3582,Alexandria,cust3581@example.com,0106866410
3583,Customer_3583,Alexandria,cust3582@example.com,0112236363
3584,Customer_3584,CAIRO,,0112728684
3585,Customer_3585,Cairo,cust3584@example.com,0126211654
3586,Customer_3586,alex,cust3585@example.com,0109415638
3587,Customer_3587,Egypt,,0102948178
3588,Customer_3588,Cairo,cust3587@example.com,0117208744
3589,Customer_3589,Giza,cust3588@example.com,0112955293
3590,Customer_3590,Alexandria,cust3589@example.com,0115275493
3591,Customer_3591,Alexandria,cust3590@example.com,0129279393
3592,Customer_3592,cairo,cust3591@example.com,0129913115
3593,Customer_3593,Cairo,cust3592@example.com,0117367949
3594,Customer_3594,cairo,cust3593@example.com,0118345567
3595,Customer_3595,Egypt,cust3594@example.com,0105661112
3596,Customer_3596,cairo,cust3595@example.com,
3597,Customer_3597,Cairo,cust3596@example.com,0105751008
3598,Customer_3598,alex,cust3597@example.com,
3599,Customer_3599,Giza,cust3598@example.com,0129446726
3600,Customer_3600,Alexandria,cust3599@example.com,
3601,Customer_3601,Egypt,cust3600@example.com,0102928988
3602,Customer_3602,Alexandria,,0106657910
3603,Customer_3603,CAIRO,cust3602@example.com,0106351402
3604,Customer_3604,Giza,cust3603@example.com,0106384246
3605,Customer_3605,cairo,cust3604@example.com,
3606,Customer_3606,EGYPT,cust3605@example.com,0116142738
3607,Customer_3607,Cairo,cust3606@example.com,
3608,Customer_3608,Alexandria,cust3607@example.com,0122331242
3609,Customer_3609,cairo,cust3608@example.com,0106105776
3610,Customer_3610,Egypt,cust3609@example.com,0124616552
3611,Customer_3611,Alexandria,cust3610@example.com,0102899618
3612,Customer_3612,Giza,cust3611@example.com,0114495209
3613,Customer_3613,Giza,cust3612@example.com,0108522479
3614,Customer_3614,Alexandria,cust3613@example.com,0121051004
3615,Customer_3615,Egypt,,0109776300
3616,Customer_3616,Giza,cust3615@example.com,0126926227
3617,Customer_3617,Giza,,0107761980
3618,Customer_3618,Cairo,cust3617@example.com,0118492599
3619,Customer_3619,Egypt,cust3618@example.com,0104599123
3620,Customer_3620,Egypt,,0122311900
3621,Customer_3621,alex,cust3620@example.com,0119895564
3622,Customer_3622,alex,cust3621@example.com,
3623,Customer_3623,Giza,cust3622@example.com,0123740004
3624,Customer_3624,EGYPT,cust3623@example.com,0107971405
3625,Customer_3625,alex,cust3624@example.com,0119703781
3626,Customer_3626,Giza,cust3625@example.com,
3627,Customer_3627,giza,cust3626@example.com,0112018179
3628,Customer_3628,CAIRO,cust3627@example.com,0112913805
3629,Customer_3629,CAIRO,cust3628@example.com,0108268735
3630,Customer_3630,Egypt,cust3629@example.com,0112220066
3631,Customer_3631,EGYPT,cust3630@example.com,
3632,Customer_3632,Cairo,cust3631@example.com,0123325238
3633,Customer_3633,alex,cust3632@example.com,0123138061
3634,Customer_3634,giza,cust3633@example.com,0127964424
3635,Customer_3635,Giza,cust3634@example.com,0104047809
3636,Customer_3636,EGYPT,cust3635@example.com,
3637,Customer_3637,Egypt,cust3636@example.com,0108535694
3638,Customer_3638,alex,cust3637@example.com,0114774570
3639,Customer_3639,EGYPT,cust3638@example.com,0123632365
3640,Customer_3640,alex,cust3639@example.com,0108441595
3641,Customer_3641,Cairo,,0107811119
3642,Customer_3642,Cairo,cust3641@example.com,
3643,Customer_3643,CAIRO,cust3642@example.com,0117839563
3644,Customer_3644,cairo,cust3643@example.com,0102265901
3645,Customer_3645,cairo,cust3644@example.com,0123194648
3646,Customer_3646,alex,,
3647,Customer_3647,cairo,cust3646@example.com,0126706217
3648,Customer_3648,Egypt,cust3647@example.com,0111386025
3649,Customer_3649,cairo,cust3648@example.com,0113567983
3650,Customer_3650,Alexandria,cust3649@example.com,0102060231
3651,Customer_3651,Giza,cust3650@example.com,0118557960
3652,Customer_3652,Egypt,cust3651@example.com,0119954997
3653,Customer_3653,EGYPT,cust3652@example.com,0118677138
3654,Customer_3654,Egypt,cust3653@example.com,0122352790
3655,Customer_3655,CAIRO,cust3654@example.com,
3656,Customer_3656,EGYPT,cust3655@example.com,0115948402
3657,Customer_3657,giza,cust3656@example.com,0104996613
3658,Customer_3658,Giza,cust3657@example.com,0107097392
3659,Customer_3659,Giza,cust3658@example.com,0102838652
3660,Customer_3660,Giza,cust3659@example.com,0128628663
3661,Customer_3661,Giza,cust3660@example.com,0107669989
3662,Customer_3662,alex,cust3661@example.com,0128825480
3663,Customer_3663,Giza,cust3662@example.com,0105333590
3664,Customer_3664,Giza,cust3663@example.com,0124168259
3665,Customer_3665,Giza,cust3664@example.com,0117317036
3666,Customer_3666,alex,cust3665@example.com,0104840590
3667,Customer_3667,Cairo,cust3666@example.com,
3668,Customer_3668,Egypt,,0101090947
3669,Customer_3669,Egypt,cust3668@example.com,0124310436
3670,Customer_3670,EGYPT,cust3669@example.com,0109937390
3671,Customer_3671,Alexandria,cust3670@example.com,0103683509
3672,Customer_3672,Egypt,cust3671@example.com,0103601479
3673,Customer_3673,cairo,cust3672@example.com,
3674,Customer_3674,Alexandria,cust3673@example.com,0106297565
3675,Customer_3675,Giza,cust3674@example.com,0114677775
3676,Customer_3676,Giza,cust3675@example.com,
3677,Customer_3677,alex,cust3676@example.com,0107672492
3678,Customer_3678,Alexandria,,0121323176
3679,Customer_3679,cairo,cust3678@example.com,0116823412
3680,Customer_3680,alex,cust3679@example.com,
3681,Customer_3681,EGYPT,cust3680@example.com,0123805599
3682,Customer_3682,Alexandria,cust3681@example.com,0118173179
3683,Customer_3683,Giza,,0109467057
3684,Customer_3684,Giza,cust3683@example.com,0111448130
3685,Customer_3685,CAIRO,cust3684@example.com,0118718181
3686,Customer_3686,alex,cust3685@example.com,0125065314
3687,Customer_3687,Cairo,cust3686@example.com,
3688,Customer_3688,Cairo,,0105567243
3689,Customer_3689,alex,cust3688@example.com,
3690,Customer_3690,giza,cust3689@example.com,0121506721
3691,Customer_3691,alex,cust3690@example.com,0115566728
3692,Customer_3692,EGYPT,,
3693,Customer_3693,Giza,cust3692@example.com,0117598001
3694,Customer_3694,cairo,cust3693@example.com,
3695,Customer_3695,giza,cust3694@example.com,0112417081
3696,Customer_3696,Alexandria,cust3695@example.com,0105871472
3697,Customer_3697,giza,cust3696@example.com,0122133724
3698,Customer_3698,cairo,cust3697@example.com,
3699,Customer_3699,CAIRO,cust3698@example.com,0117901212
3700,Customer_3700,Giza,cust3699@example.com,
3701,Customer_3701,Cairo,cust3700@example.com,
3702,Customer_3702,alex,,0126330058
3703,Customer_3703,alex,cust3702@example.com,0101752522
3704,Customer_3704,Cairo,cust3703@example.com,0119002595
3705,Customer_3705,giza,cust3704@example.com,0119919611
3706,Customer_3706,Giza,cust3705@example.com,
3707,Customer_3707,Egypt,cust3706@example.com,0115173635
3708,Customer_3708,EGYPT,cust3707@example.com,0114923999
3709,Customer_3709,cairo,,
3710,Customer_3710,giza,cust3709@example.com,
3711,Customer_3711,Alexandria,,
3712,Customer_3712,CAIRO,cust3711@example.com,0118020775
3713,Customer_3713,alex,cust3712@example.com,0101566371
3714,Customer_3714,giza,cust3713@example.com,0111459385
3715,Customer_3715,CAIRO,cust3714@example.com,0122881279
3716,Customer_3716,cairo,cust3715@example.com,0114795583
3717,Customer_3717,alex,cust3716@example.com,0124476924
3718,Customer_3718,alex,cust3717@example.com,
3719,Customer_3719,Egypt,cust3718@example.com,0128626605
3720,Customer_3720,giza,cust3719@example.com,0101144183
3721,Customer_3721,Giza,,0125127751
3722,Customer_3722,Cairo,cust3721@example.com,0121771308
3723,Customer_3723,Cairo,cust3722@example.com,0121939311
3724,Customer_3724,EGYPT,cust3723@example.com,0103182028
3725,Customer_3725,Alexandria,cust3724@example.com,0124845904
3726,Customer_3726,CAIRO,,0119091168
3727,Customer_3727,giza,cust3726@example.com,0124598372
3728,Customer_3728,Alexandria,cust3727@example.com,0128208140
3729,Customer_3729,Egypt,cust3728@example.com,0125559610
3730,Customer_3730,alex,cust3729@example.com,
3731,Customer_3731,Giza,cust3730@example.com,0125367920
3732,Customer_3732,giza,cust3731@example.com,0122014686
3733,Customer_3733,Alexandria,cust3732@example.com,0122735521
3734,Customer_3734,Alexandria,cust3733@example.com,0124513266
3735,Customer_3735,Giza,cust3734@example.com,0102570510
3736,Customer_3736,EGYPT,cust3735@example.com,0117777771
3737,Customer_3737,CAIRO,cust3736@example.com,
3738,Customer_3738,CAIRO,cust3737@example.com,
3739,Customer_3739,Alexandria,cust3738@example.com,0114653193
3740,Customer_3740,cairo,cust3739@example.com,0102972542
3741,Customer_3741,Alexandria,cust3740@example.com,0115121440
3742,Customer_3742,Alexandria,cust3741@example.com,
3743,Customer_3743,Giza,cust3742@example.com,
3744,Customer_3744,alex,cust3743@example.com,0105554000
3745,Customer_3745,Giza,cust3744@example.com,0117544847
3746,Customer_3746,giza,cust3745@example.com,0101614819
3747,Customer_3747,Alexandria,,
3748,Customer_3748,CAIRO,cust3747@example.com,0116567545
3749,Customer_3749,CAIRO,,0123736141
3750,Customer_3750,Cairo,cust3749@example.com,0117561222
3751,Customer_3751,EGYPT,cust3750@example.com,0125796738
3752,Customer_3752,Egypt,,0106143813
3753,Customer_3753,giza,cust3752@example.com,0128764610
3754,Customer_3754,giza,cust3753@example.com,0115307485
3755,Customer_3755,EGYPT,cust3754@example.com,0101406309
3756,Customer_3756,Egypt,cust3755@example.com,0117353623
3757,Customer_3757,alex,cust3756@example.com,0108909853
3758,Customer_3758,Alexandria,,0101944364
3759,Customer_3759,Egypt,cust3758@example.com,0103517729
3760,Customer_3760,cairo,cust3759@example.com,0107319377
3761,Customer_3761,Cairo,cust3760@example.com,0107105999
3762,Customer_3762,Egypt,cust3761@example.com,0119327872
3763,Customer_3763,Egypt,,0125626466
3764,Customer_3764,Cairo,cust3763@example.com,0109149363
3765,Customer_3765,Alexandria,cust3764@example.com,
3766,Customer_3766,Egypt,cust3765@example.com,
3767,Customer_3767,Cairo,cust3766@example.com,0126649634
3768,Customer_3768,Cairo,cust3767@example.com,0113998168
3769,Customer_3769,Cairo,cust3768@example.com,0106327913
3770,Customer_3770,Giza,cust3769@example.com,0125778374
3771,Customer_3771,Giza,cust3770@example.com,0102110952
3772,Customer_3772,cairo,cust3771@example.com,0116037768
3773,Customer_3773,alex,cust3772@example.com,0129472700
3774,Customer_3774,Giza,cust3773@example.com,0117588972
3775,Customer_3775,Giza,cust3774@example.com,0102304012
3776,Customer_3776,alex,cust3775@example.com,0127235037
3777,Customer_3777,EGYPT,cust3776@example.com,0126776494
3778,Customer_3778,Cairo,cust3777@example.com,0113205665
3779,Customer_3779,giza,cust3778@example.com,0119015948
3780,Customer_3780,alex,cust3779@example.com,0115410582
3781,Customer_3781,cairo,cust3780@example.com,0111474016
3782,Customer_3782,Alexandria,cust3781@example.com,0125639391
3783,Customer_3783,cairo,cust3782@example.com,0103902650
3784,Customer_3784,Cairo,cust3783@example.com,0106296580
3785,Customer_3785,alex,cust3784@example.com,0125682555
3786,Customer_3786,cairo,,0105855733
3787,Customer_3787,cairo,cust3786@example.com,0101250549
3788,Customer_3788,EGYPT,cust3787@example.com,0102942586
3789,Customer_3789,EGYPT,cust3788@example.com,0102051393
3790,Customer_3790,alex,cust3789@example.com,0119404970
3791,Customer_3791,Cairo,cust3790@example.com,0113144277
3792,Customer_3792,Giza,cust3791@example.com,0115893244
3793,Customer_3793,CAIRO,cust3792@example.com,
3794,Customer_3794,Egypt,cust3793@example.com,0123084703
3795,Customer_3795,giza,cust3794@example.com,0107552469
3796,Customer_3796,Egypt,cust3795@example.com,0118344857
3797,Customer_3797,EGYPT,cust3796@example.com,0121147851
3798,Customer_3798,alex,cust3797@example.com,
3799,Customer_3799,Egypt,cust3798@example.com,0105116191
3800,Customer_3800,Cairo,cust3799@example.com,0106819335
3801,Customer_3801,giza,cust3800@example.com,0108473309
3802,Customer_3802,Egypt,cust3801@example.com,0103154305
3803,Customer_3803,giza,cust3802@example.com,0109929177
3804,Customer_3804,Alexandria,cust3803@example.com,0121264163
3805,Customer_3805,Cairo,cust3804@example.com,0118579256
3806,Customer_3806,CAIRO,cust3805@example.com,0115694611
3807,Customer_3807,cairo,cust3806@example.com,0104909192
3808,Customer_3808,giza,cust3807@example.com,0109699773
3809,Customer_3809,Cairo,cust3808@example.com,
3810,Customer_3810,giza,cust3809@example.com,0104890459
3811,Customer_3811,giza,cust3810@example.com,
3812,Customer_3812,Giza,cust3811@example.com,0129913716
3813,Customer_3813,Giza,cust3812@example.com,
3814,Customer_3814,Cairo,cust3813@example.com,
3815,Customer_3815,Giza,cust3814@example.com,0101020299
3816,Customer_3816,CAIRO,,0126279074
3817,Customer_3817,alex,,
3818,Customer_3818,Cairo,cust3817@example.com,0104450991
3819,Customer_3819,Cairo,cust3818@example.com,0119334701
3820,Customer_3820,EGYPT,cust3819@example.com,
3821,Customer_3821,EGYPT,cust3820@example.com,0121849821
3822,Customer_3822,Giza,cust3821@example.com,0107594232
3823,Customer_3823,alex,cust3822@example.com,0104410758
3824,Customer_3824,Giza,,0102833508
3825,Customer_3825,Alexandria,cust3824@example.com,
3826,Customer_3826,Alexandria,cust3825@example.com,0121114472
3827,Customer_3827,cairo,cust3826@example.com,0105060801
3828,Customer_3828,Alexandria,cust3827@example.com,0114954902
3829,Customer_3829,EGYPT,cust3828@example.com,0101457494
3830,Customer_3830,CAIRO,cust3829@example.com,0129581486
3831,Customer_3831,Alexandria,cust3830@example.com,0123016690
3832,Customer_3832,Giza,,0124431820
3833,Customer_3833,giza,cust3832@example.com,0129830081
3834,Customer_3834,Cairo,cust3833@example.com,0114576975
3835,Customer_3835,CAIRO,cust3834@example.com,0108596880
3836,Customer_3836,CAIRO,,0121390239
3837,Customer_3837,Giza,cust3836@example.com,0128094517
3838,Customer_3838,Cairo,cust3837@example.com,0121778781
3839,Customer_3839,EGYPT,cust3838@example.com,
3840,Customer_3840,CAIRO,cust3839@example.com,0124441626
3841,Customer_3841,cairo,cust3840@example.com,0113177542
3842,Customer_3842,Giza,cust3841@example.com,
3843,Customer_3843,CAIRO,cust3842@example.com,0109649878
3844,Customer_3844,alex,cust3843@example.com,0114156137
3845,Customer_3845,Cairo,cust3844@example.com,0125131447
3846,Customer_3846,Alexandria,cust3845@example.com,0112312573
3847,Customer_3847,CAIRO,cust3846@example.com,0124214661
3848,Customer_3848,Giza,cust3847@example.com,0105191881
3849,Customer_3849,Alexandria,,0125425143
3850,Customer_3850,cairo,cust3849@example.com,
3851,Customer_3851,Alexandria,cust3850@example.com,0113104437
3852,Customer_3852,alex,cust3851@example.com,0111517701
3853,Customer_3853,EGYPT,cust3852@example.com,0112070204
3854,Customer_3854,CAIRO,,0109477919
3855,Customer_3855,Egypt,cust3854@example.com,
3856,Customer_3856,Egypt,,0102189121
3857,Customer_3857,Alexandria,cust3856@example.com,0112227013
3858,Customer_3858,Cairo,cust3857@example.com,0125741978
3859,Customer_3859,Egypt,,
3860,Customer_3860,Egypt,cust3859@example.com,0104215072
3861,Customer_3861,Cairo,cust3860@example.com,0107163620
3862,Customer_3862,giza,cust3861@example.com,0109546122
3863,Customer_3863,Egypt,cust3862@example.com,
3864,Customer_3864,alex,,0113791728
3865,Customer_3865,CAIRO,cust3864@example.com,0128837287
3866,Customer_3866,CAIRO,cust3865@example.com,0113397964
3867,Customer_3867,Giza,cust3866@example.com,0121532637
3868,Customer_3868,Giza,cust3867@example.com,0115954370
3869,Customer_3869,Cairo,cust3868@example.com,0125785406
3870,Customer_3870,cairo,cust3869@example.com,0111413696
3871,Customer_3871,Giza,cust3870@example.com,0116770979
3872,Customer_3872,Cairo,cust3871@example.com,0103191555
3873,Customer_3873,Giza,cust3872@example.com,0114400811
3874,Customer_3874,Giza,cust3873@example.com,0125620437
3875,Customer_3875,cairo,cust3874@example.com,0115305699
3876,Customer_3876,Egypt,cust3875@example.com,0123260109
3877,Customer_3877,Alexandria,,0128712370
3878,Customer_3878,giza,cust3877@example.com,0114058305
3879,Customer_3879,Giza,cust3878@example.com,0117093437
3880,Customer_3880,Giza,cust3879@example.com,0111181514
3881,Customer_3881,alex,cust3880@example.com,
3882,Customer_3882,giza,cust3881@example.com,0127811076
3883,Customer_3883,cairo,cust3882@example.com,0109940521
3884,Customer_3884,CAIRO,cust3883@example.com,0121482768
3885,Customer_3885,Giza,cust3884@example.com,0123919480
3886,Customer_3886,Alexandria,cust3885@example.com,0127131684
3887,Customer_3887,giza,cust3886@example.com,0124971826
3888,Customer_3888,Egypt,cust3887@example.com,0114870653
3889,Customer_3889,Giza,cust3888@example.com,
3890,Customer_3890,CAIRO,cust3889@example.com,0116525135
3891,Customer_3891,CAIRO,cust3890@example.com,
3892,Customer_3892,Giza,cust3891@example.com,0103287879
3893,Customer_3893,EGYPT,cust3892@example.com,
3894,Customer_3894,CAIRO,cust3893@example.com,0111881366
3895,Customer_3895,Cairo,cust3894@example.com,0111240542
3896,Customer_3896,CAIRO,cust3895@example.com,0118368256
3897,Customer_3897,giza,cust3896@example.com,0119208669
3898,Customer_3898,EGYPT,cust3897@example.com,
3899,Customer_3899,cairo,cust3898@example.com,0119540945
3900,Customer_3900,alex,,0102887407
3901,Customer_3901,cairo,cust3900@example.com,0113386574
3902,Customer_3902,Egypt,cust3901@example.com,0126390988
3903,Customer_3903,alex,cust3902@example.com,0109754283
3904,Customer_3904,Egypt,cust3903@example.com,
3905,Customer_3905,alex,cust3904@example.com,0101193901
3906,Customer_3906,alex,cust3905@example.com,0117737633
3907,Customer_3907,Cairo,cust3906@example.com,0129432207
3908,Customer_3908,Alexandria,cust3907@example.com,0116550922
3909,Customer_3909,giza,cust3908@example.com,0118298885
3910,Customer_3910,cairo,cust3909@example.com,0101332583
3911,Customer_3911,CAIRO,,0125803073
3912,Customer_3912,EGYPT,cust3911@example.com,0129072768
3913,Customer_3913,giza,cust3912@example.com,0127730190
3914,Customer_3914,Egypt,cust3913@example.com,
3915,Customer_3915,Cairo,cust3914@example.com,0103459161
3916,Customer_3916,Egypt,cust3915@example.com,
3917,Customer_3917,Alexandria,cust3916@example.com,0101131486
3918,Customer_3918,EGYPT,cust3917@example.com,0106692153
3919,Customer_3919,Cairo,cust3918@example.com,0115777937
3920,Customer_3920,Egypt,cust3919@example.com,0104033807
3921,Customer_3921,Alexandria,,0108899824
3922,Customer_3922,Egypt,cust3921@example.com,0107113892
3923,Customer_3923,giza,cust3922@example.com,0127003397
3924,Customer_3924,EGYPT,cust3923@example.com,0119359548
3925,Customer_3925,Giza,cust3924@example.com,
3926,Customer_3926,giza,cust3925@example.com,0113026213
3927,Customer_3927,EGYPT,cust3926@example.com,
3928,Customer_3928,Alexandria,,0125204797
3929,Customer_3929,Cairo,cust3928@example.com,
3930,Customer_3930,alex,cust3929@example.com,0104745526
3931,Customer_3931,Egypt,cust3930@example.com,0129821759
3932,Customer_3932,cairo,cust3931@example.com,0108236850
3933,Customer_3933,EGYPT,,0112863565
3934,Customer_3934,CAIRO,cust3933@example.com,0103753636
3935,Customer_3935,Alexandria,cust3934@example.com,0119782781
3936,Customer_3936,Giza,cust3935@example.com,0118510502
3937,Customer_3937,alex,cust3936@example.com,0123980260
3938,Customer_3938,CAIRO,cust3937@example.com,0128726209
3939,Customer_3939,Giza,,0116639850
3940,Customer_3940,cairo,,0103195478
3941,Customer_3941,giza,cust3940@example.com,0107377747
3942,Customer_3942,Egypt,cust3941@example.com,0102504344
3943,Customer_3943,Cairo,cust3942@example.com,0117425558
3944,Customer_3944,Giza,cust3943@example.com,0115470988
3945,Customer_3945,alex,cust3944@example.com,0125748598
3946,Customer_3946,EGYPT,cust3945@example.com,0116105959
3947,Customer_3947,EGYPT,cust3946@example.com,
3948,Customer_3948,alex,cust3947@example.com,
3949,Customer_3949,EGYPT,cust3948@example.com,0121489950
3950,Customer_3950,Giza,cust3949@example.com,
3951,Customer_3951,Alexandria,cust3950@example.com,0127830365
3952,Customer_3952,EGYPT,cust3951@example.com,0119180312
3953,Customer_3953,giza,cust3952@example.com,0112780171
3954,Customer_3954,cairo,cust3953@example.com,0118725142
3955,Customer_3955,Cairo,cust3954@example.com,0105137092
3956,Customer_3956,Giza,cust3955@example.com,0102785635
3957,Customer_3957,CAIRO,cust3956@example.com,0125750932
3958,Customer_3958,alex,cust3957@example.com,0118160126
3959,Customer_3959,Giza,cust3958@example.com,0103910063
3960,Customer_3960,Alexandria,,0126992866
3961,Customer_3961,giza,cust3960@example.com,0127049757
3962,Customer_3962,alex,cust3961@example.com,0103512100
3963,Customer_3963,EGYPT,cust3962@example.com,0114015545
3964,Customer_3964,Giza,cust3963@example.com,0117583648
3965,Customer_3965,cairo,cust3964@example.com,0121666233
3966,Customer_3966,alex,cust3965@example.com,0127760875
3967,Customer_3967,Egypt,cust3966@example.com,0125196954
3968,Customer_3968,giza,cust3967@example.com,0122693083
3969,Customer_3969,Cairo,cust3968@example.com,0119430880
3970,Customer_3970,alex,cust3969@example.com,0115720372
3971,Customer_3971,Alexandria,cust3970@example.com,0112325951
3972,Customer_3972,Giza,cust3971@example.com,
3973,Customer_3973,EGYPT,cust3972@example.com,0109806120
3974,Customer_3974,Cairo,cust3973@example.com,0102978201
3975,Customer_3975,Cairo,cust3974@example.com,0119438397
3976,Customer_3976,giza,cust3975@example.com,0107006418
3977,Customer_3977,Alexandria,cust3976@example.com,0115111153
3978,Customer_3978,EGYPT,cust3977@example.com,
3979,Customer_3979,Cairo,cust3978@example.com,0115491331
3980,Customer_3980,Alexandria,cust3979@example.com,0102540842
3981,Customer_3981,Alexandria,,0119406148
3982,Customer_3982,CAIRO,cust3981@example.com,
3983,Customer_3983,Giza,cust3982@example.com,0123541348
3984,Customer_3984,Cairo,,0124759656
3985,Customer_3985,Cairo,cust3984@example.com,0129437683
3986,Customer_3986,Alexandria,cust3985@example.com,0121049118
3987,Customer_3987,Cairo,cust3986@example.com,0106728152
3988,Customer_3988,Alexandria,cust3987@example.com,
3989,Customer_3989,Cairo,cust3988@example.com,0123007425
3990,Customer_3990,Alexandria,cust3989@example.com,
3991,Customer_3991,CAIRO,cust3990@example.com,
3992,Customer_3992,Giza,cust3991@example.com,0123210328
3993,Customer_3993,Alexandria,cust3992@example.com,0121842186
3994,Customer_3994,Cairo,cust3993@example.com,0124781689
3995,Customer_3995,EGYPT,cust3994@example.com,0127461398
3996,Customer_3996,Giza,cust3995@example.com,0102733798
3997,Customer_3997,CAIRO,cust3996@example.com,0108944308
3998,Customer_3998,Alexandria,cust3997@example.com,0116661513
3999,Customer_3999,EGYPT,cust3998@example.com,0113811787
4000,Customer_4000,Alexandria,,0128499691
4001,Customer_4001,Cairo,cust4000@example.com,0115501339
4002,Customer_4002,alex,cust4001@example.com,0114025177
4003,Customer_4003,giza,cust4002@example.com,0102574219
4004,Customer_4004,cairo,cust4003@example.com,0104496506
4005,Customer_4005,EGYPT,cust4004@example.com,0106650027
4006,Customer_4006,Egypt,cust4005@example.com,0109682231
4007,Customer_4007,Alexandria,cust4006@example.com,0105417734
4008,Customer_4008,Alexandria,cust4007@example.com,0107870112
4009,Customer_4009,cairo,cust4008@example.com,0109457980
4010,Customer_4010,cairo,,0128195532
4011,Customer_4011,Egypt,cust4010@example.com,0115000481
4012,Customer_4012,Cairo,cust4011@example.com,0127655400
4013,Customer_4013,giza,cust4012@example.com,
4014,Customer_4014,alex,cust4013@example.com,0116189641
4015,Customer_4015,alex,cust4014@example.com,0121385629
4016,Customer_4016,CAIRO,cust4015@example.com,0128014651
4017,Customer_4017,CAIRO,,
4018,Customer_4018,Cairo,cust4017@example.com,0124990899
4019,Customer_4019,CAIRO,cust4018@example.com,0106224445
4020,Customer_4020,CAIRO,cust4019@example.com,0119656747
4021,Customer_4021,Egypt,cust4020@example.com,0119142575
4022,Customer_4022,Egypt,cust4021@example.com,0107870887
4023,Customer_4023,CAIRO,cust4022@example.com,0103505625
4024,Customer_4024,Giza,cust4023@example.com,
4025,Customer_4025,Giza,cust4024@example.com,0127782146
4026,Customer_4026,Cairo,cust4025@example.com,0114821839
4027,Customer_4027,alex,cust4026@example.com,0127459729
4028,Customer_4028,cairo,cust4027@example.com,0127209876
4029,Customer_4029,Cairo,cust4028@example.com,
4030,Customer_4030,CAIRO,cust4029@example.com,0128673449
4031,Customer_4031,Egypt,cust4030@example.com,0127567957
4032,Customer_4032,Alexandria,cust4031@example.com,0113749936
4033,Customer_4033,EGYPT,cust4032@example.com,0115847977
4034,Customer_4034,Egypt,cust4033@example.com,0116181570
4035,Customer_4035,Giza,cust4034@example.com,0101630993
4036,Customer_4036,Egypt,cust4035@example.com,0119144042
4037,Customer_4037,cairo,cust4036@example.com,0105377575
4038,Customer_4038,CAIRO,cust4037@example.com,0127875668
4039,Customer_4039,Alexandria,cust4038@example.com,0107806842
4040,Customer_4040,Giza,cust4039@example.com,0106027627
4041,Customer_4041,Giza,,
4042,Customer_4042,giza,cust4041@example.com,0127900328
4043,Customer_4043,alex,cust4042@example.com,0117602568
4044,Customer_4044,cairo,cust4043@example.com,0128534936
4045,Customer_4045,Giza,cust4044@example.com,
4046,Customer_4046,alex,cust4045@example.com,0129759664
4047,Customer_4047,Giza,cust4046@example.com,0126471880
4048,Customer_4048,CAIRO,cust4047@example.com,0129632787
4049,Customer_4049,alex,cust4048@example.com,0115887284
4050,Customer_4050,giza,,
4051,Customer_4051,CAIRO,cust4050@example.com,0112327681
4052,Customer_4052,Alexandria,cust4051@example.com,0129970988
4053,Customer_4053,cairo,cust4052@example.com,0129918399
4054,Customer_4054,cairo,cust4053@example.com,0117434544
4055,Customer_4055,EGYPT,cust4054@example.com,0119026823
4056,Customer_4056,EGYPT,cust4055@example.com,0124597416
4057,Customer_4057,alex,cust4056@example.com,0112220853
4058,Customer_4058,cairo,cust4057@example.com,0128252967
4059,Customer_4059,alex,cust4058@example.com,0112121960
4060,Customer_4060,EGYPT,,0121136352
4061,Customer_4061,Alexandria,cust4060@example.com,0103670113
4062,Customer_4062,Giza,cust4061@example.com,0123007855
4063,Customer_4063,Egypt,cust4062@example.com,0113618872
4064,Customer_4064,alex,cust4063@example.com,0109707789
4065,Customer_4065,Alexandria,cust4064@example.com,0108792651
4066,Customer_4066,cairo,cust4065@example.com,0127369206
4067,Customer_4067,Giza,,0123039776
4068,Customer_4068,giza,cust4067@example.com,0112627817
4069,Customer_4069,EGYPT,cust4068@example.com,0117621543
4070,Customer_4070,Egypt,cust4069@example.com,0117726012
4071,Customer_4071,Alexandria,cust4070@example.com,0129110142
4072,Customer_4072,Giza,cust4071@example.com,0127414522
4073,Customer_4073,CAIRO,cust4072@example.com,0127621416
4074,Customer_4074,Cairo,cust4073@example.com,0109763136
4075,Customer_4075,Egypt,cust4074@example.com,0107020840
4076,Customer_4076,Egypt,cust4075@example.com,0127233790
4077,Customer_4077,Cairo,cust4076@example.com,0102158918
4078,Customer_4078,giza,cust4077@example.com,
4079,Customer_4079,CAIRO,cust4078@example.com,0122505374
4080,Customer_4080,EGYPT,cust4079@example.com,0124449914
4081,Customer_4081,Alexandria,cust4080@example.com,0127527849
4082,Customer_4082,Giza,cust4081@example.com,0102064767
4083,Customer_4083,Alexandria,cust4082@example.com,
4084,Customer_4084,CAIRO,cust4083@example.com,0127307597
4085,Customer_4085,Alexandria,cust4084@example.com,0119826147
4086,Customer_4086,Cairo,cust4085@example.com,0113515311
4087,Customer_4087,Egypt,cust4086@example.com,0116465628
4088,Customer_4088,Alexandria,cust4087@example.com,
4089,Customer_4089,alex,cust4088@example.com,0125186278
4090,Customer_4090,CAIRO,cust4089@example.com,0124894390
4091,Customer_4091,giza,cust4090@example.com,0122031656
4092,Customer_4092,alex,cust4091@example.com,0127917452
4093,Customer_4093,Cairo,cust4092@example.com,0121180132
4094,Customer_4094,cairo,cust4093@example.com,0115746952
4095,Customer_4095,Cairo,cust4094@example.com,0114091952
4096,Customer_4096,giza,cust4095@example.com,0109690953
4097,Customer_4097,giza,cust4096@example.com,0117961851
4098,Customer_4098,alex,cust4097@example.com,0104046601
4099,Customer_4099,CAIRO,cust4098@example.com,0106049104
4100,Customer_4100,EGYPT,cust4099@example.com,0107807734
4101,Customer_4101,Egypt,cust4100@example.com,0116641861
4102,Customer_4102,alex,cust4101@example.com,0127102889
4103,Customer_4103,giza,cust4102@example.com,0117651101
4104,Customer_4104,cairo,cust4103@example.com,0123796581
4105,Customer_4105,Giza,cust4104@example.com,0112695386
4106,Customer_4106,giza,cust4105@example.com,0126436330
4107,Customer_4107,giza,cust4106@example.com,0101976182
4108,Customer_4108,alex,cust4107@example.com,
4109,Customer_4109,giza,cust4108@example.com,0115977271
4110,Customer_4110,giza,cust4109@example.com,
4111,Customer_4111,CAIRO,cust4110@example.com,0109478279
4112,Customer_4112,Egypt,cust4111@example.com,0109595386
4113,Customer_4113,cairo,cust4112@example.com,
4114,Customer_4114,CAIRO,cust4113@example.com,
4115,Customer_4115,EGYPT,,0119231810
4116,Customer_4116,EGYPT,cust4115@example.com,0129478668
4117,Customer_4117,Alexandria,cust4116@example.com,
4118,Customer_4118,alex,cust4117@example.com,0101378766
4119,Customer_4119,alex,cust4118@example.com,0126676670
4120,Customer_4120,Cairo,cust4119@example.com,0107267913
4121,Customer_4121,cairo,cust4120@example.com,0104248422
4122,Customer_4122,giza,cust4121@example.com,0127589112
4123,Customer_4123,cairo,cust4122@example.com,0122333403
4124,Customer_4124,Alexandria,cust4123@example.com,
4125,Customer_4125,Cairo,cust4124@example.com,0122051925
4126,Customer_4126,CAIRO,cust4125@example.com,0102023424
4127,Customer_4127,cairo,cust4126@example.com,0116352244
4128,Customer_4128,CAIRO,cust4127@example.com,0121089095
4129,Customer_4129,EGYPT,cust4128@example.com,
4130,Customer_4130,Alexandria,cust4129@example.com,0112445993
4131,Customer_4131,giza,cust4130@example.com,0108950860
4132,Customer_4132,Egypt,,0109755171
4133,Customer_4133,alex,cust4132@example.com,0113332602
4134,Customer_4134,Alexandria,cust4133@example.com,0128699682
4135,Customer_4135,cairo,cust4134@example.com,
4136,Customer_4136,Giza,cust4135@example.com,0103958833
4137,Customer_4137,alex,cust4136@example.com,0111398898
4138,Customer_4138,alex,cust4137@example.com,0114575173
4139,Customer_4139,Giza,cust4138@example.com,0128884312
4140,Customer_4140,Cairo,cust4139@example.com,
4141,Customer_4141,Cairo,cust4140@example.com,0126139209
4142,Customer_4142,Giza,cust4141@example.com,0127705963
4143,Customer_4143,Egypt,cust4142@example.com,0115532392
4144,Customer_4144,EGYPT,cust4143@example.com,0117857185
4145,Customer_4145,Giza,cust4144@example.com,0101687391
4146,Customer_4146,EGYPT,cust4145@example.com,0121893708
4147,Customer_4147,Egypt,cust4146@example.com,0106696370
4148,Customer_4148,Alexandria,cust4147@example.com,0129349156
4149,Customer_4149,EGYPT,cust4148@example.com,0114597758
4150,Customer_4150,alex,cust4149@example.com,0124232182
4151,Customer_4151,alex,cust4150@example.com,0102254976
4152,Customer_4152,Egypt,cust4151@example.com,0119381996
4153,Customer_4153,EGYPT,cust4152@example.com,0102297606
4154,Customer_4154,CAIRO,cust4153@example.com,0104734321
4155,Customer_4155,Egypt,cust4154@example.com,0103729396
4156,Customer_4156,Egypt,cust4155@example.com,0123033189
4157,Customer_4157,CAIRO,cust4156@example.com,0116775572
4158,Customer_4158,EGYPT,cust4157@example.com,0112332583
4159,Customer_4159,EGYPT,cust4158@example.com,0115331483
4160,Customer_4160,alex,,0123874093
4161,Customer_4161,Egypt,cust4160@example.com,0105009563
4162,Customer_4162,Egypt,cust4161@example.com,0129919511
4163,Customer_4163,giza,cust4162@example.com,0123350714
4164,Customer_4164,Alexandria,,0105782252
4165,Customer_4165,Egypt,cust4164@example.com,0117654666
4166,Customer_4166,cairo,cust4165@example.com,0114182021
4167,Customer_4167,Alexandria,cust4166@example.com,0122156854
4168,Customer_4168,cairo,cust4167@example.com,0113057384
4169,Customer_4169,EGYPT,cust4168@example.com,0112400500
4170,Customer_4170,Alexandria,cust4169@example.com,0115346499
4171,Customer_4171,Egypt,,0116599578
4172,Customer_4172,CAIRO,cust4171@example.com,0107201749
4173,Customer_4173,alex,cust4172@example.com,0106491230
4174,Customer_4174,cairo,cust4173@example.com,
4175,Customer_4175,Alexandria,cust4174@example.com,0128150586
4176,Customer_4176,Egypt,cust4175@example.com,
4177,Customer_4177,Alexandria,cust4176@example.com,
4178,Customer_4178,Egypt,cust4177@example.com,0116876029
4179,Customer_4179,Egypt,cust4178@example.com,0119324469
4180,Customer_4180,Egypt,cust4179@example.com,0123171679
4181,Customer_4181,giza,cust4180@example.com,0118157572
4182,Customer_4182,alex,cust4181@example.com,0126849196
4183,Customer_4183,CAIRO,cust4182@example.com,0127981023
4184,Customer_4184,CAIRO,cust4183@example.com,0124397973
4185,Customer_4185,Alexandria,cust4184@example.com,0117789714
4186,Customer_4186,Alexandria,cust4185@example.com,
4187,Customer_4187,Egypt,cust4186@example.com,
4188,Customer_4188,giza,cust4187@example.com,0106967686
4189,Customer_4189,Egypt,cust4188@example.com,0109120439
4190,Customer_4190,giza,cust4189@example.com,0129829507
4191,Customer_4191,Egypt,cust4190@example.com,0109574262
4192,Customer_4192,cairo,cust4191@example.com,0117417456
4193,Customer_4193,cairo,cust4192@example.com,
4194,Customer_4194,EGYPT,cust4193@example.com,0121856308
4195,Customer_4195,Egypt,cust4194@example.com,0116587554
4196,Customer_4196,alex,cust4195@example.com,0101637116
4197,Customer_4197,EGYPT,cust4196@example.com,0113642451
4198,Customer_4198,Alexandria,cust4197@example.com,0105769074
4199,Customer_4199,Egypt,cust4198@example.com,0124531274
4200,Customer_4200,cairo,,
4201,Customer_4201,giza,cust4200@example.com,0113398598
4202,Customer_4202,alex,cust4201@example.com,
4203,Customer_4203,Egypt,cust4202@example.com,
4204,Customer_4204,CAIRO,cust4203@example.com,0114566805
4205,Customer_4205,CAIRO,cust4204@example.com,0127041355
4206,Customer_4206,giza,cust4205@example.com,0113822870
4207,Customer_4207,EGYPT,cust4206@example.com,0101575522
4208,Customer_4208,CAIRO,cust4207@example.com,0112187028
4209,Customer_4209,EGYPT,cust4208@example.com,
4210,Customer_4210,cairo,cust4209@example.com,0108067240
4211,Customer_4211,Egypt,cust4210@example.com,0125355340
4212,Customer_4212,cairo,cust4211@example.com,0105642165
4213,Customer_4213,cairo,cust4212@example.com,0121705018
4214,Customer_4214,Giza,cust4213@example.com,
4215,Customer_4215,Cairo,cust4214@example.com,0112771473
4216,Customer_4216,alex,cust4215@example.com,0123944329
4217,Customer_4217,EGYPT,cust4216@example.com,0119930120
4218,Customer_4218,Giza,cust4217@example.com,0124248096
4219,Customer_4219,Cairo,cust4218@example.com,0101591710
4220,Customer_4220,alex,cust4219@example.com,0105522448
4221,Customer_4221,EGYPT,cust4220@example.com,
4222,Customer_4222,Egypt,cust4221@example.com,0122016332
4223,Customer_4223,alex,cust4222@example.com,0108699431
4224,Customer_4224,cairo,cust4223@example.com,0113404908
4225,Customer_4225,Cairo,cust4224@example.com,0106884024
4226,Customer_4226,Cairo,cust4225@example.com,0105789959
4227,Customer_4227,Cairo,cust4226@example.com,0105478966
4228,Customer_4228,EGYPT,cust4227@example.com,0108810701
4229,Customer_4229,alex,cust4228@example.com,0101539991
4230,Customer_4230,cairo,cust4229@example.com,0121106864
4231,Customer_4231,Giza,cust4230@example.com,0118356302
4232,Customer_4232,Egypt,cust4231@example.com,0112872807
4233,Customer_4233,CAIRO,cust4232@example.com,0103882608
4234,Customer_4234,Giza,cust4233@example.com,0128286245
4235,Customer_4235,cairo,,0124047650
4236,Customer_4236,CAIRO,,
4237,Customer_4237,CAIRO,cust4236@example.com,0124745821
4238,Customer_4238,Cairo,cust4237@example.com,0124462331
4239,Customer_4239,Alexandria,cust4238@example.com,0126073836
4240,Customer_4240,cairo,cust4239@example.com,0109076624
4241,Customer_4241,Cairo,cust4240@example.com,0112041619
4242,Customer_4242,cairo,cust4241@example.com,0103928196
4243,Customer_4243,Alexandria,cust4242@example.com,0121563649
4244,Customer_4244,Egypt,cust4243@example.com,
4245,Customer_4245,Alexandria,,0102516670
4246,Customer_4246,giza,,0118509104
4247,Customer_4247,Giza,cust4246@example.com,0104559003
4248,Customer_4248,Cairo,cust4247@example.com,0106067619
4249,Customer_4249,Giza,cust4248@example.com,0121017468
4250,Customer_4250,giza,cust4249@example.com,0112309242
4251,Customer_4251,Alexandria,cust4250@example.com,0123963357
4252,Customer_4252,EGYPT,cust4251@example.com,0109873780
4253,Customer_4253,Alexandria,cust4252@example.com,0115297921
4254,Customer_4254,Alexandria,cust4253@example.com,0112299257
4255,Customer_4255,giza,cust4254@example.com,0112897500
4256,Customer_4256,Egypt,cust4255@example.com,0128463198
4257,Customer_4257,cairo,cust4256@example.com,0123828973
4258,Customer_4258,giza,cust4257@example.com,0129164337
4259,Customer_4259,cairo,cust4258@example.com,0105820572
4260,Customer_4260,giza,,0121993611
4261,Customer_4261,cairo,,0117030592
4262,Customer_4262,Giza,cust4261@example.com,0111329488
4263,Customer_4263,giza,cust4262@example.com,
4264,Customer_4264,giza,,0101922993
4265,Customer_4265,giza,cust4264@example.com,0111704986
4266,Customer_4266,cairo,cust4265@example.com,
4267,Customer_4267,Egypt,cust4266@example.com,0111419293
4268,Customer_4268,alex,cust4267@example.com,0105607144
4269,Customer_4269,cairo,cust4268@example.com,0123798977
4270,Customer_4270,Cairo,cust4269@example.com,0128185444
4271,Customer_4271,CAIRO,cust4270@example.com,0124951428
4272,Customer_4272,Egypt,cust4271@example.com,0128043131
4273,Customer_4273,Giza,cust4272@example.com,0129536173
4274,Customer_4274,Alexandria,cust4273@example.com,0106322455
4275,Customer_4275,cairo,,0118281918
4276,Customer_4276,giza,,
4277,Customer_4277,cairo,cust4276@example.com,0116035127
4278,Customer_4278,EGYPT,cust4277@example.com,0103829667
4279,Customer_4279,Egypt,cust4278@example.com,0101154416
4280,Customer_4280,alex,cust4279@example.com,
4281,Customer_4281,Giza,cust4280@example.com,0129709659
4282,Customer_4282,EGYPT,cust4281@example.com,
4283,Customer_4283,EGYPT,cust4282@example.com,0125542184
4284,Customer_4284,cairo,cust4283@example.com,0125401583
4285,Customer_4285,Giza,,0119650376
4286,Customer_4286,cairo,cust4285@example.com,0102944566
4287,Customer_4287,Alexandria,cust4286@example.com,0123999115
4288,Customer_4288,Giza,cust4287@example.com,0129381189
4289,Customer_4289,Alexandria,cust4288@example.com,0103773313
4290,Customer_4290,Egypt,cust4289@example.com,
4291,Customer_4291,Egypt,cust4290@example.com,
4292,Customer_4292,Alexandria,cust4291@example.com,0112340171
4293,Customer_4293,Egypt,cust4292@example.com,0107721185
4294,Customer_4294,Giza,,0129732513
4295,Customer_4295,giza,cust4294@example.com,
4296,Customer_4296,Cairo,cust4295@example.com,0115984703
4297,Customer_4297,Egypt,cust4296@example.com,0124398897
4298,Customer_4298,Egypt,cust4297@example.com,
4299,Customer_4299,cairo,cust4298@example.com,0115476218
4300,Customer_4300,Alexandria,cust4299@example.com,0113315296
4301,Customer_4301,CAIRO,cust4300@example.com,
4302,Customer_4302,alex,cust4301@example.com,0112828223
4303,Customer_4303,EGYPT,cust4302@example.com,0118730529
4304,Customer_4304,Egypt,cust4303@example.com,0109302667
4305,Customer_4305,EGYPT,cust4304@example.com,0129051049
4306,Customer_4306,Giza,cust4305@example.com,0118827624
4307,Customer_4307,CAIRO,cust4306@example.com,0122966291
4308,Customer_4308,alex,cust4307@example.com,0122574203
4309,Customer_4309,Alexandria,cust4308@example.com,
4310,Customer_4310,Cairo,cust4309@example.com,0104189448
4311,Customer_4311,alex,cust4310@example.com,0117868651
4312,Customer_4312,alex,cust4311@example.com,0108114029
4313,Customer_4313,Cairo,cust4312@example.com,0108969093
4314,Customer_4314,giza,cust4313@example.com,0107745548
4315,Customer_4315,Alexandria,cust4314@example.com,
4316,Customer_4316,cairo,cust4315@example.com,0125238109
4317,Customer_4317,EGYPT,cust4316@example.com,0105042691
4318,Customer_4318,Egypt,cust4317@example.com,0124784728
4319,Customer_4319,alex,cust4318@example.com,0119976695
4320,Customer_4320,Giza,cust4319@example.com,0125733104
4321,Customer_4321,Cairo,cust4320@example.com,0117277687
4322,Customer_4322,EGYPT,cust4321@example.com,0119007543
4323,Customer_4323,CAIRO,cust4322@example.com,0129671368
4324,Customer_4324,Cairo,cust4323@example.com,0121004829
4325,Customer_4325,CAIRO,cust4324@example.com,0122618979
4326,Customer_4326,Alexandria,cust4325@example.com,
4327,Customer_4327,alex,cust4326@example.com,0126901902
4328,Customer_4328,Giza,cust4327@example.com,
4329,Customer_4329,Egypt,cust4328@example.com,0107003659
4330,Customer_4330,CAIRO,cust4329@example.com,0114373798
4331,Customer_4331,EGYPT,cust4330@example.com,0102343988
4332,Customer_4332,giza,cust4331@example.com,0113427649
4333,Customer_4333,Alexandria,,0125913859
4334,Customer_4334,giza,cust4333@example.com,0109982395
4335,Customer_4335,Alexandria,cust4334@example.com,0122432780
4336,Customer_4336,cairo,cust4335@example.com,0107172169
4337,Customer_4337,EGYPT,cust4336@example.com,
4338,Customer_4338,giza,cust4337@example.com,
4339,Customer_4339,Giza,cust4338@example.com,0124609364
4340,Customer_4340,alex,cust4339@example.com,0128011278
4341,Customer_4341,Cairo,cust4340@example.com,0114866862
4342,Customer_4342,Egypt,cust4341@example.com,0113090670
4343,Customer_4343,alex,cust4342@example.com,0108883005
4344,Customer_4344,alex,,0115453382
4345,Customer_4345,Alexandria,cust4344@example.com,0121786838
4346,Customer_4346,Giza,cust4345@example.com,0107246143
4347,Customer_4347,Alexandria,cust4346@example.com,
4348,Customer_4348,CAIRO,cust4347@example.com,0129136354
4349,Customer_4349,Egypt,cust4348@example.com,0108674389
4350,Customer_4350,CAIRO,,0109643748
4351,Customer_4351,Cairo,cust4350@example.com,0118316828
4352,Customer_4352,EGYPT,,0115693376
4353,Customer_4353,Cairo,cust4352@example.com,0113455045
4354,Customer_4354,Cairo,,0123617174
4355,Customer_4355,cairo,cust4354@example.com,0112182151
4356,Customer_4356,Egypt,cust4355@example.com,0105765806
4357,Customer_4357,Alexandria,cust4356@example.com,
4358,Customer_4358,Giza,cust4357@example.com,0116671102
4359,Customer_4359,CAIRO,cust4358@example.com,0117523521
4360,Customer_4360,Cairo,,0111320022
4361,Customer_4361,CAIRO,cust4360@example.com,0111899276
4362,Customer_4362,CAIRO,cust4361@example.com,0102002562
4363,Customer_4363,EGYPT,cust4362@example.com,0117094694
4364,Customer_4364,Egypt,cust4363@example.com,
4365,Customer_4365,Egypt,cust4364@example.com,0127027434
4366,Customer_4366,giza,cust4365@example.com,
4367,Customer_4367,alex,cust4366@example.com,0109346314
4368,Customer_4368,Egypt,cust4367@example.com,0126036514
4369,Customer_4369,CAIRO,cust4368@example.com,0113265170
4370,Customer_4370,Alexandria,cust4369@example.com,
4371,Customer_4371,CAIRO,cust4370@example.com,0115422094
4372,Customer_4372,Alexandria,cust4371@example.com,0123932880
4373,Customer_4373,giza,cust4372@example.com,
4374,Customer_4374,Alexandria,cust4373@example.com,0105738558
4375,Customer_4375,Egypt,,0128776952
4376,Customer_4376,EGYPT,cust4375@example.com,0118713249
4377,Customer_4377,Alexandria,,0111668957
4378,Customer_4378,CAIRO,cust4377@example.com,0127744784
4379,Customer_4379,Giza,cust4378@example.com,0114866481
4380,Customer_4380,Egypt,cust4379@example.com,
4381,Customer_4381,Giza,cust4380@example.com,0114147150
4382,Customer_4382,CAIRO,cust4381@example.com,0125371017
4383,Customer_4383,alex,cust4382@example.com,0128597799
4384,Customer_4384,giza,cust4383@example.com,0126806403
4385,Customer_4385,Egypt,cust4384@example.com,0115010934
4386,Customer_4386,Giza,cust4385@example.com,0104869605
4387,Customer_4387,CAIRO,cust4386@example.com,0105533281
4388,Customer_4388,alex,,0105073588
4389,Customer_4389,CAIRO,cust4388@example.com,0107935169
4390,Customer_4390,alex,cust4389@example.com,0125769981
4391,Customer_4391,Alexandria,cust4390@example.com,0115448437
4392,Customer_4392,cairo,cust4391@example.com,0126522579
4393,Customer_4393,CAIRO,cust4392@example.com,0116056075
4394,Customer_4394,Alexandria,cust4393@example.com,0111004598
4395,Customer_4395,Egypt,,0128541940
4396,Customer_4396,Alexandria,cust4395@example.com,0112126482
4397,Customer_4397,Cairo,cust4396@example.com,0108413313
4398,Customer_4398,Cairo,cust4397@example.com,0124373722
4399,Customer_4399,CAIRO,cust4398@example.com,
4400,Customer_4400,Giza,cust4399@example.com,0116159328
4401,Customer_4401,Giza,cust4400@example.com,0114458944
4402,Customer_4402,Egypt,cust4401@example.com,0129553856
4403,Customer_4403,Alexandria,cust4402@example.com,0118373902
4404,Customer_4404,Giza,cust4403@example.com,0122610379
4405,Customer_4405,alex,cust4404@example.com,0113318963
4406,Customer_4406,alex,cust4405@example.com,
4407,Customer_4407,Egypt,cust4406@example.com,
4408,Customer_4408,giza,cust4407@example.com,0121186258
4409,Customer_4409,Alexandria,,0102940624
4410,Customer_4410,CAIRO,cust4409@example.com,0125177215
4411,Customer_4411,EGYPT,cust4410@example.com,0127073800
4412,Customer_4412,EGYPT,cust4411@example.com,0102429249
4413,Customer_4413,EGYPT,cust4412@example.com,0125542704
4414,Customer_4414,Giza,cust4413@example.com,0104152962
4415,Customer_4415,giza,cust4414@example.com,0103894283
4416,Customer_4416,giza,,0113638591
4417,Customer_4417,Alexandria,cust4416@example.com,0113594794
4418,Customer_4418,Alexandria,cust4417@example.com,0108555740
4419,Customer_4419,giza,cust4418@example.com,0122181195
4420,Customer_4420,Egypt,cust4419@example.com,0124896497
4421,Customer_4421,Alexandria,cust4420@example.com,0113304829
4422,Customer_4422,Egypt,cust4421@example.com,0112729678
4423,Customer_4423,Cairo,,0121421916
4424,Customer_4424,alex,cust4423@example.com,
4425,Customer_4425,Alexandria,cust4424@example.com,
4426,Customer_4426,giza,cust4425@example.com,0114185620
4427,Customer_4427,alex,cust4426@example.com,0107286772
4428,Customer_4428,alex,cust4427@example.com,0107801541
4429,Customer_4429,cairo,cust4428@example.com,0109153127
4430,Customer_4430,giza,cust4429@example.com,0125151340
4431,Customer_4431,giza,cust4430@example.com,0107579188
4432,Customer_4432,Alexandria,cust4431@example.com,0111171448
4433,Customer_4433,CAIRO,cust4432@example.com,0109002166
4434,Customer_4434,Cairo,cust4433@example.com,0104494829
4435,Customer_4435,Egypt,cust4434@example.com,0115040370
4436,Customer_4436,CAIRO,cust4435@example.com,0116705927
4437,Customer_4437,Cairo,cust4436@example.com,0101552971
4438,Customer_4438,CAIRO,cust4437@example.com,0122782321
4439,Customer_4439,Egypt,cust4438@example.com,0127317408
4440,Customer_4440,Giza,cust4439@example.com,0105823077
4441,Customer_4441,giza,cust4440@example.com,0116173958
4442,Customer_4442,CAIRO,cust4441@example.com,0103094758
4443,Customer_4443,Alexandria,cust4442@example.com,0128573457
4444,Customer_4444,EGYPT,cust4443@example.com,0118158342
4445,Customer_4445,Alexandria,cust4444@example.com,0111389931
4446,Customer_4446,Egypt,cust4445@example.com,
4447,Customer_4447,Alexandria,cust4446@example.com,0117502402
4448,Customer_4448,alex,cust4447@example.com,0108845374
4449,Customer_4449,giza,cust4448@example.com,0101718237
4450,Customer_4450,alex,,
4451,Customer_4451,Alexandria,cust4450@example.com,0121351966
4452,Customer_4452,Cairo,cust4451@example.com,0127863409
4453,Customer_4453,cairo,cust4452@example.com,0119853843
4454,Customer_4454,Cairo,cust4453@example.com,0108346905
4455,Customer_4455,giza,cust4454@example.com,0116551216
4456,Customer_4456,giza,cust4455@example.com,0124800326
4457,Customer_4457,alex,cust4456@example.com,0118567328
4458,Customer_4458,cairo,cust4457@example.com,0129138984
4459,Customer_4459,Alexandria,,0125538742
4460,Customer_4460,Egypt,cust4459@example.com,0124308440
4461,Customer_4461,Cairo,,0122409810
4462,Customer_4462,Cairo,,0105745840
4463,Customer_4463,EGYPT,cust4462@example.com,0118651884
4464,Customer_4464,cairo,cust4463@example.com,0105395983
4465,Customer_4465,Egypt,cust4464@example.com,
4466,Customer_4466,Cairo,,0124526575
4467,Customer_4467,Egypt,cust4466@example.com,0126998889
4468,Customer_4468,Alexandria,cust4467@example.com,
4469,Customer_4469,Egypt,cust4468@example.com,0104574769
4470,Customer_4470,Cairo,cust4469@example.com,
4471,Customer_4471,alex,cust4470@example.com,0116941460
4472,Customer_4472,cairo,cust4471@example.com,0106122040
4473,Customer_4473,giza,cust4472@example.com,
4474,Customer_4474,CAIRO,cust4473@example.com,0101283583
4475,Customer_4475,Giza,cust4474@example.com,0123598559
4476,Customer_4476,Giza,cust4475@example.com,
4477,Customer_4477,CAIRO,cust4476@example.com,0116146695
4478,Customer_4478,Egypt,cust4477@example.com,0129520702
4479,Customer_4479,cairo,cust4478@example.com,0122714318
4480,Customer_4480,Egypt,cust4479@example.com,0117665742
4481,Customer_4481,giza,cust4480@example.com,
4482,Customer_4482,cairo,cust4481@example.com,0108195694
4483,Customer_4483,CAIRO,cust4482@example.com,
4484,Customer_4484,Egypt,cust4483@example.com,0111570230
4485,Customer_4485,EGYPT,cust4484@example.com,0114396766
4486,Customer_4486,Cairo,cust4485@example.com,0106947462
4487,Customer_4487,alex,cust4486@example.com,0112810368
4488,Customer_4488,alex,,
4489,Customer_4489,giza,cust4488@example.com,0108386301
4490,Customer_4490,Egypt,cust4489@example.com,0107204731
4491,Customer_4491,Alexandria,cust4490@example.com,0123324787
4492,Customer_4492,cairo,cust4491@example.com,0125416617
4493,Customer_4493,Egypt,cust4492@example.com,0103701005
4494,Customer_4494,cairo,cust4493@example.com,0126257477
4495,Customer_4495,EGYPT,cust4494@example.com,0106599632
4496,Customer_4496,alex,,0109689823
4497,Customer_4497,Cairo,cust4496@example.com,0119118402
4498,Customer_4498,alex,cust4497@example.com,0114503619
4499,Customer_4499,Alexandria,cust4498@example.com,
4500,Customer_4500,Alexandria,cust4499@example.com,0109083635
4501,Customer_4501,Giza,cust4500@example.com,
4502,Customer_4502,Giza,cust4501@example.com,0119144720
4503,Customer_4503,Alexandria,cust4502@example.com,0125587065
4504,Customer_4504,CAIRO,cust4503@example.com,0119124869
4505,Customer_4505,EGYPT,cust4504@example.com,0116744089
4506,Customer_4506,cairo,cust4505@example.com,0103891761
4507,Customer_4507,EGYPT,cust4506@example.com,0128120652
4508,Customer_4508,giza,cust4507@example.com,0103230805
4509,Customer_4509,Cairo,cust4508@example.com,0111545782
4510,Customer_4510,EGYPT,cust4509@example.com,
4511,Customer_4511,Alexandria,cust4510@example.com,0112926078
4512,Customer_4512,alex,cust4511@example.com,0127938813
4513,Customer_4513,giza,cust4512@example.com,0118825031
4514,Customer_4514,Alexandria,,0102764274
4515,Customer_4515,EGYPT,cust4514@example.com,0109220483
4516,Customer_4516,alex,,0113161125
4517,Customer_4517,Cairo,,0124975133
4518,Customer_4518,EGYPT,cust4517@example.com,0125124098
4519,Customer_4519,cairo,cust4518@example.com,
4520,Customer_4520,Egypt,cust4519@example.com,0107709403
4521,Customer_4521,alex,cust4520@example.com,
4522,Customer_4522,EGYPT,cust4521@example.com,0112177643
4523,Customer_4523,Alexandria,cust4522@example.com,0118456974
4524,Customer_4524,cairo,cust4523@example.com,0112296030
4525,Customer_4525,CAIRO,cust4524@example.com,0104239999
4526,Customer_4526,alex,cust4525@example.com,0101353359
4527,Customer_4527,cairo,,0126681747
4528,Customer_4528,Alexandria,cust4527@example.com,0113124341
4529,Customer_4529,EGYPT,,0105376552
4530,Customer_4530,Cairo,cust4529@example.com,0116409477
4531,Customer_4531,Egypt,,0116535336
4532,Customer_4532,cairo,cust4531@example.com,0101513489
4533,Customer_4533,Egypt,cust4532@example.com,0114039461
4534,Customer_4534,Cairo,cust4533@example.com,0116041354
4535,Customer_4535,cairo,cust4534@example.com,0113212332
4536,Customer_4536,Giza,cust4535@example.com,0101397380
4537,Customer_4537,Alexandria,cust4536@example.com,0109585918
4538,Customer_4538,cairo,cust4537@example.com,0108055654
4539,Customer_4539,Alexandria,cust4538@example.com,0109528602
4540,Customer_4540,giza,,0124056212
4541,Customer_4541,alex,cust4540@example.com,0118107782
4542,Customer_4542,giza,cust4541@example.com,0124489835
4543,Customer_4543,EGYPT,cust4542@example.com,0128433529
4544,Customer_4544,alex,cust4543@example.com,0113264310
4545,Customer_4545,alex,cust4544@example.com,0122154554
4546,Customer_4546,CAIRO,cust4545@example.com,0118760073
4547,Customer_4547,alex,cust4546@example.com,0103426821
4548,Customer_4548,Cairo,cust4547@example.com,0124232031
4549,Customer_4549,giza,cust4548@example.com,0107455301
4550,Customer_4550,Alexandria,cust4549@example.com,0107447442
4551,Customer_4551,EGYPT,cust4550@example.com,
4552,Customer_4552,alex,cust4551@example.com,0102776095
4553,Customer_4553,EGYPT,cust4552@example.com,
4554,Customer_4554,EGYPT,cust4553@example.com,0127993233
4555,Customer_4555,alex,cust4554@example.com,0116020772
4556,Customer_4556,alex,cust4555@example.com,0122955396
4557,Customer_4557,CAIRO,cust4556@example.com,0129962946
4558,Customer_4558,CAIRO,cust4557@example.com,0121384201
4559,Customer_4559,CAIRO,cust4558@example.com,0124534306
4560,Customer_4560,Alexandria,cust4559@example.com,0105199692
4561,Customer_4561,Alexandria,cust4560@example.com,0126263499
4562,Customer_4562,CAIRO,cust4561@example.com,0114855521
4563,Customer_4563,CAIRO,cust4562@example.com,0124280182
4564,Customer_4564,Giza,cust4563@example.com,0104522236
4565,Customer_4565,Giza,cust4564@example.com,0104396044
4566,Customer_4566,alex,cust4565@example.com,
4567,Customer_4567,Egypt,cust4566@example.com,0111983616
4568,Customer_4568,Egypt,cust4567@example.com,0104511238
4569,Customer_4569,CAIRO,,
4570,Customer_4570,EGYPT,cust4569@example.com,0107373515
4571,Customer_4571,CAIRO,cust4570@example.com,0101657857
4572,Customer_4572,Giza,cust4571@example.com,0105949836
4573,Customer_4573,alex,cust4572@example.com,
4574,Customer_4574,CAIRO,cust4573@example.com,0114129363
4575,Customer_4575,giza,cust4574@example.com,0105828808
4576,Customer_4576,EGYPT,cust4575@example.com,0103432967
4577,Customer_4577,giza,cust4576@example.com,0119446121
4578,Customer_4578,alex,cust4577@example.com,0115862465
4579,Customer_4579,alex,cust4578@example.com,0118178188
4580,Customer_4580,Alexandria,cust4579@example.com,0127070082
4581,Customer_4581,cairo,cust4580@example.com,0124554154
4582,Customer_4582,giza,cust4581@example.com,0107626294
4583,Customer_4583,Alexandria,cust4582@example.com,0108264462
4584,Customer_4584,Giza,cust4583@example.com,0111075414
4585,Customer_4585,Cairo,cust4584@example.com,0118343788
4586,Customer_4586,EGYPT,cust4585@example.com,0108696823
4587,Customer_4587,Cairo,cust4586@example.com,0107472809
4588,Customer_4588,Giza,cust4587@example.com,0106651823
4589,Customer_4589,Giza,cust4588@example.com,
4590,Customer_4590,Cairo,cust4589@example.com,0108624907
4591,Customer_4591,giza,,0109229608
4592,Customer_4592,cairo,cust4591@example.com,0109583150
4593,Customer_4593,giza,cust4592@example.com,
4594,Customer_4594,Cairo,cust4593@example.com,0112752489
4595,Customer_4595,giza,cust4594@example.com,0101560125
4596,Customer_4596,Egypt,cust4595@example.com,
4597,Customer_4597,giza,cust4596@example.com,0115680680
4598,Customer_4598,alex,cust4597@example.com,0108536988
4599,Customer_4599,Alexandria,cust4598@example.com,0113976738
4600,Customer_4600,EGYPT,cust4599@example.com,0108701425
4601,Customer_4601,giza,cust4600@example.com,0119443961
4602,Customer_4602,cairo,cust4601@example.com,0113055482
4603,Customer_4603,cairo,cust4602@example.com,0104601189
4604,Customer_4604,giza,cust4603@example.com,0108916116
4605,Customer_4605,CAIRO,cust4604@example.com,0104075628
4606,Customer_4606,Giza,cust4605@example.com,0125265251
4607,Customer_4607,giza,cust4606@example.com,
4608,Customer_4608,Giza,,0129652999
4609,Customer_4609,Egypt,cust4608@example.com,0129187126
4610,Customer_4610,Cairo,cust4609@example.com,0101329755
4611,Customer_4611,Egypt,cust4610@example.com,0114823024
4612,Customer_4612,giza,,0114746864
4613,Customer_4613,cairo,cust4612@example.com,0122930313
4614,Customer_4614,CAIRO,cust4613@example.com,0116634351
4615,Customer_4615,Giza,cust4614@example.com,0122072116
4616,Customer_4616,Alexandria,cust4615@example.com,0125050760
4617,Customer_4617,Giza,cust4616@example.com,0113156132
4618,Customer_4618,alex,cust4617@example.com,0129746153
4619,Customer_4619,EGYPT,,0108162271
4620,Customer_4620,giza,cust4619@example.com,
4621,Customer_4621,Egypt,cust4620@example.com,0106396959
4622,Customer_4622,Alexandria,cust4621@example.com,0122239206
4623,Customer_4623,cairo,,
4624,Customer_4624,cairo,cust4623@example.com,0108312184
4625,Customer_4625,cairo,,0127888933
4626,Customer_4626,alex,cust4625@example.com,0105496195
4627,Customer_4627,cairo,cust4626@example.com,0111246672
4628,Customer_4628,cairo,cust4627@example.com,0128845780
4629,Customer_4629,giza,cust4628@example.com,
4630,Customer_4630,alex,cust4629@example.com,0111293475
4631,Customer_4631,CAIRO,cust4630@example.com,0124760879
4632,Customer_4632,CAIRO,cust4631@example.com,0102443492
4633,Customer_4633,alex,cust4632@example.com,0118186476
4634,Customer_4634,EGYPT,cust4633@example.com,0114855258
4635,Customer_4635,Alexandria,cust4634@example.com,
4636,Customer_4636,Giza,cust4635@example.com,0115814265
4637,Customer_4637,giza,,0126137718
4638,Customer_4638,Cairo,cust4637@example.com,
4639,Customer_4639,CAIRO,cust4638@example.com,0125063771
4640,Customer_4640,alex,cust4639@example.com,0104484917
4641,Customer_4641,Alexandria,,0114628001
4642,Customer_4642,alex,cust4641@example.com,0101869413
4643,Customer_4643,Giza,,0128498758
4644,Customer_4644,Alexandria,cust4643@example.com,0108180041
4645,Customer_4645,CAIRO,cust4644@example.com,0102704283
4646,Customer_4646,cairo,cust4645@example.com,0123948780
4647,Customer_4647,alex,cust4646@example.com,0113470105
4648,Customer_4648,Cairo,cust4647@example.com,0113443448
4649,Customer_4649,CAIRO,,0118497759
4650,Customer_4650,Egypt,cust4649@example.com,0101273927
4651,Customer_4651,Cairo,cust4650@example.com,0114352759
4652,Customer_4652,EGYPT,cust4651@example.com,0123228390
4653,Customer_4653,CAIRO,cust4652@example.com,0107470909
4654,Customer_4654,cairo,cust4653@example.com,
4655,Customer_4655,CAIRO,cust4654@example.com,0113782186
4656,Customer_4656,Giza,cust4655@example.com,0103630686
4657,Customer_4657,Alexandria,cust4656@example.com,0129481987
4658,Customer_4658,alex,cust4657@example.com,0129500049
4659,Customer_4659,Alexandria,cust4658@example.com,
4660,Customer_4660,Alexandria,cust4659@example.com,0101246418
4661,Customer_4661,CAIRO,cust4660@example.com,0105403468
4662,Customer_4662,Giza,cust4661@example.com,0113813883
4663,Customer_4663,alex,cust4662@example.com,
4664,Customer_4664,alex,cust4663@example.com,0127149068
4665,Customer_4665,Alexandria,cust4664@example.com,0109711267
4666,Customer_4666,EGYPT,cust4665@example.com,0118785530
4667,Customer_4667,Giza,cust4666@example.com,0112138804
4668,Customer_4668,EGYPT,cust4667@example.com,0124398770
4669,Customer_4669,giza,cust4668@example.com,0105706666
4670,Customer_4670,giza,cust4669@example.com,0123669765
4671,Customer_4671,Cairo,cust4670@example.com,
4672,Customer_4672,Alexandria,cust4671@example.com,0106815140
4673,Customer_4673,alex,cust4672@example.com,0115894685
4674,Customer_4674,CAIRO,cust4673@example.com,0127281392
4675,Customer_4675,alex,cust4674@example.com,0121396069
4676,Customer_4676,alex,cust4675@example.com,0112400600
4677,Customer_4677,cairo,cust4676@example.com,0109126884
4678,Customer_4678,alex,cust4677@example.com,
4679,Customer_4679,Cairo,cust4678@example.com,0118910301
4680,Customer_4680,EGYPT,cust4679@example.com,0113777534
4681,Customer_4681,giza,,0124976768
4682,Customer_4682,alex,cust4681@example.com,0114535110
4683,Customer_4683,alex,cust4682@example.com,
4684,Customer_4684,cairo,cust4683@example.com,0116052086
4685,Customer_4685,Giza,cust4684@example.com,0104706534
4686,Customer_4686,CAIRO,cust4685@example.com,0119320339
4687,Customer_4687,Giza,cust4686@example.com,0123154888
4688,Customer_4688,CAIRO,cust4687@example.com,0123684770
4689,Customer_4689,alex,,0109863255
4690,Customer_4690,cairo,cust4689@example.com,0126031824
4691,Customer_4691,Egypt,cust4690@example.com,0107874782
4692,Customer_4692,Alexandria,cust4691@example.com,
4693,Customer_4693,giza,cust4692@example.com,
4694,Customer_4694,EGYPT,,0126411846
4695,Customer_4695,giza,cust4694@example.com,0121966470
4696,Customer_4696,EGYPT,cust4695@example.com,0113475830
4697,Customer_4697,Giza,cust4696@example.com,0104923872
4698,Customer_4698,Cairo,cust4697@example.com,0127306714
4699,Customer_4699,alex,cust4698@example.com,0114958933
4700,Customer_4700,Egypt,cust4699@example.com,0116744365
4701,Customer_4701,EGYPT,cust4700@example.com,0105577302
4702,Customer_4702,Alexandria,cust4701@example.com,0117000953
4703,Customer_4703,EGYPT,cust4702@example.com,0118532040
4704,Customer_4704,Cairo,cust4703@example.com,0102143730
4705,Customer_4705,giza,cust4704@example.com,0128997601
4706,Customer_4706,cairo,cust4705@example.com,0117443456
4707,Customer_4707,giza,cust4706@example.com,0124868116
4708,Customer_4708,cairo,cust4707@example.com,0103416173
4709,Customer_4709,giza,,0117329226
4710,Customer_4710,Alexandria,cust4709@example.com,0105204359
4711,Customer_4711,giza,cust4710@example.com,0129230847
4712,Customer_4712,Alexandria,cust4711@example.com,0115779729
4713,Customer_4713,Alexandria,cust4712@example.com,
4714,Customer_4714,cairo,cust4713@example.com,0105689659
4715,Customer_4715,Giza,cust4714@example.com,0112290565
4716,Customer_4716,CAIRO,cust4715@example.com,0104526086
4717,Customer_4717,alex,cust4716@example.com,0109245157
4718,Customer_4718,EGYPT,cust4717@example.com,
4719,Customer_4719,CAIRO,cust4718@example.com,0108545641
4720,Customer_4720,Cairo,cust4719@example.com,0127771856
4721,Customer_4721,Giza,cust4720@example.com,0113341163
4722,Customer_4722,CAIRO,cust4721@example.com,0117617000
4723,Customer_4723,cairo,cust4722@example.com,0108066633
4724,Customer_4724,Cairo,cust4723@example.com,0106640749
4725,Customer_4725,Egypt,cust4724@example.com,0101463512
4726,Customer_4726,Giza,cust4725@example.com,0103742280
4727,Customer_4727,CAIRO,cust4726@example.com,0127314106
4728,Customer_4728,Cairo,cust4727@example.com,0105029943
4729,Customer_4729,Egypt,cust4728@example.com,0124646566
4730,Customer_4730,giza,cust4729@example.com,0118847596
4731,Customer_4731,Cairo,cust4730@example.com,0106636605
4732,Customer_4732,cairo,cust4731@example.com,0125908100
4733,Customer_4733,giza,cust4732@example.com,0113085495
4734,Customer_4734,cairo,cust4733@example.com,
4735,Customer_4735,CAIRO,cust4734@example.com,0115109214
4736,Customer_4736,alex,cust4735@example.com,0114803167
4737,Customer_4737,CAIRO,cust4736@example.com,0107817889
4738,Customer_4738,giza,cust4737@example.com,0103178790
4739,Customer_4739,Alexandria,cust4738@example.com,0108572829
4740,Customer_4740,CAIRO,cust4739@example.com,
4741,Customer_4741,giza,cust4740@example.com,0114075959
4742,Customer_4742,Cairo,cust4741@example.com,0102181484
4743,Customer_4743,CAIRO,cust4742@example.com,0117481155
4744,Customer_4744,Cairo,cust4743@example.com,0125096495
4745,Customer_4745,cairo,cust4744@example.com,0111448506
4746,Customer_4746,Giza,cust4745@example.com,0112844485
4747,Customer_4747,alex,cust4746@example.com,0101151573
4748,Customer_4748,cairo,cust4747@example.com,0124621420
4749,Customer_4749,cairo,,0101438054
4750,Customer_4750,giza,cust4749@example.com,
4751,Customer_4751,Alexandria,cust4750@example.com,
4752,Customer_4752,EGYPT,cust4751@example.com,0101261770
4753,Customer_4753,Alexandria,cust4752@example.com,0111356585
4754,Customer_4754,giza,cust4753@example.com,0118101025
4755,Customer_4755,alex,,0126377060
4756,Customer_4756,giza,cust4755@example.com,0106690999
4757,Customer_4757,Egypt,,
4758,Customer_4758,cairo,cust4757@example.com,0114090016
4759,Customer_4759,Giza,cust4758@example.com,0115371360
4760,Customer_4760,Egypt,cust4759@example.com,0127306811
4761,Customer_4761,giza,cust4760@example.com,0101952524
4762,Customer_4762,Egypt,cust4761@example.com,0109832098
4763,Customer_4763,Giza,cust4762@example.com,0128091548
4764,Customer_4764,giza,cust4763@example.com,0124123396
4765,Customer_4765,giza,cust4764@example.com,0112501103
4766,Customer_4766,Egypt,cust4765@example.com,0126905945
4767,Customer_4767,Cairo,cust4766@example.com,0112081553
4768,Customer_4768,CAIRO,cust4767@example.com,
4769,Customer_4769,giza,cust4768@example.com,0112430855
4770,Customer_4770,Egypt,cust4769@example.com,0112272538
4771,Customer_4771,EGYPT,cust4770@example.com,0127817313
4772,Customer_4772,alex,cust4771@example.com,
4773,Customer_4773,EGYPT,cust4772@example.com,0128605774
4774,Customer_4774,Egypt,cust4773@example.com,
4775,Customer_4775,cairo,,0102665913
4776,Customer_4776,cairo,cust4775@example.com,
4777,Customer_4777,Egypt,cust4776@example.com,0121328370
4778,Customer_4778,giza,cust4777@example.com,0104179803
4779,Customer_4779,Giza,cust4778@example.com,0114696040
4780,Customer_4780,CAIRO,cust4779@example.com,0113178312
4781,Customer_4781,giza,cust4780@example.com,0124495191
4782,Customer_4782,EGYPT,cust4781@example.com,0121950989
4783,Customer_4783,CAIRO,,0105865045
4784,Customer_4784,EGYPT,cust4783@example.com,
4785,Customer_4785,Egypt,cust4784@example.com,
4786,Customer_4786,Giza,cust4785@example.com,0128293972
4787,Customer_4787,EGYPT,cust4786@example.com,0121561707
4788,Customer_4788,Giza,cust4787@example.com,0105121321
4789,Customer_4789,giza,cust4788@example.com,0113876487
4790,Customer_4790,Egypt,cust4789@example.com,0123073632
4791,Customer_4791,alex,cust4790@example.com,0112198294
4792,Customer_4792,cairo,cust4791@example.com,0105633928
4793,Customer_4793,Alexandria,cust4792@example.com,0113687844
4794,Customer_4794,Giza,cust4793@example.com,0108340991
4795,Customer_4795,alex,cust4794@example.com,0116314587
4796,Customer_4796,alex,,0108797728
4797,Customer_4797,Giza,cust4796@example.com,0125251050
4798,Customer_4798,alex,cust4797@example.com,0127296879
4799,Customer_4799,EGYPT,cust4798@example.com,0101907640
4800,Customer_4800,alex,cust4799@example.com,0101260489
4801,Customer_4801,CAIRO,cust4800@example.com,0117155320
4802,Customer_4802,EGYPT,cust4801@example.com,0102720770
4803,Customer_4803,alex,cust4802@example.com,0123664525
4804,Customer_4804,giza,cust4803@example.com,0125959394
4805,Customer_4805,cairo,cust4804@example.com,0118569996
4806,Customer_4806,Egypt,cust4805@example.com,
4807,Customer_4807,alex,,0101310855
4808,Customer_4808,Cairo,,
4809,Customer_4809,cairo,cust4808@example.com,0128918435
4810,Customer_4810,giza,cust4809@example.com,0128719641
4811,Customer_4811,alex,cust4810@example.com,
4812,Customer_4812,alex,cust4811@example.com,
4813,Customer_4813,Alexandria,cust4812@example.com,0118273148
4814,Customer_4814,CAIRO,cust4813@example.com,0106203432
4815,Customer_4815,CAIRO,cust4814@example.com,0113700109
4816,Customer_4816,cairo,cust4815@example.com,0101443148
4817,Customer_4817,Alexandria,,0112002871
4818,Customer_4818,Egypt,,0119734973
4819,Customer_4819,EGYPT,cust4818@example.com,0115519397
4820,Customer_4820,CAIRO,cust4819@example.com,0121212233
4821,Customer_4821,Alexandria,cust4820@example.com,
4822,Customer_4822,CAIRO,cust4821@example.com,0119965924
4823,Customer_4823,Giza,cust4822@example.com,0103187200
4824,Customer_4824,giza,cust4823@example.com,0117542873
4825,Customer_4825,Egypt,cust4824@example.com,0103764385
4826,Customer_4826,giza,cust4825@example.com,0113016151
4827,Customer_4827,alex,cust4826@example.com,0102519597
4828,Customer_4828,CAIRO,cust4827@example.com,0106350700
4829,Customer_4829,alex,cust4828@example.com,0105644912
4830,Customer_4830,Cairo,cust4829@example.com,0124938819
4831,Customer_4831,CAIRO,cust4830@example.com,0122085442
4832,Customer_4832,Alexandria,cust4831@example.com,0122982944
4833,Customer_4833,Egypt,cust4832@example.com,0129906556
4834,Customer_4834,alex,cust4833@example.com,0124154909
4835,Customer_4835,CAIRO,cust4834@example.com,0114862636
4836,Customer_4836,Cairo,cust4835@example.com,0116774305
4837,Customer_4837,giza,cust4836@example.com,0113729891
4838,Customer_4838,Alexandria,cust4837@example.com,0123820341
4839,Customer_4839,Giza,cust4838@example.com,0105537011
4840,Customer_4840,CAIRO,cust4839@example.com,0105932278
4841,Customer_4841,Giza,cust4840@example.com,0127539157
4842,Customer_4842,cairo,cust4841@example.com,0121812325
4843,Customer_4843,Egypt,cust4842@example.com,0114641436
4844,Customer_4844,CAIRO,cust4843@example.com,0105903511
4845,Customer_4845,Cairo,cust4844@example.com,
4846,Customer_4846,alex,cust4845@example.com,0104148208
4847,Customer_4847,cairo,,0119572114
4848,Customer_4848,Egypt,cust4847@example.com,0112927992
4849,Customer_4849,giza,cust4848@example.com,0126667750
4850,Customer_4850,Alexandria,cust4849@example.com,0108361773
4851,Customer_4851,Giza,,0102658941
4852,Customer_4852,cairo,cust4851@example.com,0102812672
4853,Customer_4853,alex,cust4852@example.com,0128949242
4854,Customer_4854,Alexandria,cust4853@example.com,0115630366
4855,Customer_4855,giza,cust4854@example.com,0103624140
4856,Customer_4856,alex,cust4855@example.com,0109088380
4857,Customer_4857,Cairo,cust4856@example.com,0123495844
4858,Customer_4858,Giza,cust4857@example.com,0124748786
4859,Customer_4859,CAIRO,cust4858@example.com,0102771087
4860,Customer_4860,cairo,cust4859@example.com,0127364405
4861,Customer_4861,CAIRO,cust4860@example.com,0114514599
4862,Customer_4862,Alexandria,cust4861@example.com,0103880630
4863,Customer_4863,CAIRO,cust4862@example.com,0112942164
4864,Customer_4864,EGYPT,cust4863@example.com,0123798791
4865,Customer_4865,Alexandria,cust4864@example.com,0103186723
4866,Customer_4866,Giza,cust4865@example.com,0125357935
4867,Customer_4867,alex,cust4866@example.com,0104584836
4868,Customer_4868,Giza,cust4867@example.com,0119226005
4869,Customer_4869,CAIRO,cust4868@example.com,0117693188
4870,Customer_4870,Egypt,cust4869@example.com,0106259614
4871,Customer_4871,Alexandria,cust4870@example.com,0106318020
4872,Customer_4872,alex,cust4871@example.com,0114801031
4873,Customer_4873,giza,cust4872@example.com,0121791971
4874,Customer_4874,Cairo,cust4873@example.com,0125573671
4875,Customer_4875,Giza,cust4874@example.com,0119119804
4876,Customer_4876,Giza,cust4875@example.com,
4877,Customer_4877,Alexandria,cust4876@example.com,0108367607
4878,Customer_4878,Egypt,cust4877@example.com,0124394381
4879,Customer_4879,CAIRO,cust4878@example.com,0104843038
4880,Customer_4880,CAIRO,cust4879@example.com,
4881,Customer_4881,Alexandria,cust4880@example.com,0115867942
4882,Customer_4882,Giza,cust4881@example.com,0103289933
4883,Customer_4883,alex,cust4882@example.com,0122148072
4884,Customer_4884,Cairo,cust4883@example.com,0118072744
4885,Customer_4885,Alexandria,cust4884@example.com,
4886,Customer_4886,alex,cust4885@example.com,
4887,Customer_4887,alex,cust4886@example.com,0104468092
4888,Customer_4888,giza,cust4887@example.com,0125261147
4889,Customer_4889,EGYPT,cust4888@example.com,0123737804
4890,Customer_4890,Cairo,cust4889@example.com,0112396997
4891,Customer_4891,cairo,cust4890@example.com,0117211404
4892,Customer_4892,Egypt,cust4891@example.com,0126457536
4893,Customer_4893,EGYPT,,0103124939
4894,Customer_4894,giza,cust4893@example.com,0108351012
4895,Customer_4895,Cairo,cust4894@example.com,
4896,Customer_4896,CAIRO,cust4895@example.com,0111050642
4897,Customer_4897,EGYPT,cust4896@example.com,0122547005
4898,Customer_4898,CAIRO,cust4897@example.com,0111272329
4899,Customer_4899,Egypt,,0106260060
4900,Customer_4900,CAIRO,,0116759614
4901,Customer_4901,Egypt,cust4900@example.com,0123295523
4902,Customer_4902,Cairo,,0109933783
4903,Customer_4903,Giza,cust4902@example.com,0101926975
4904,Customer_4904,Egypt,,0104387464
4905,Customer_4905,alex,cust4904@example.com,0103063140
4906,Customer_4906,cairo,cust4905@example.com,
4907,Customer_4907,cairo,,0123727558
4908,Customer_4908,Alexandria,cust4907@example.com,0104993027
4909,Customer_4909,cairo,cust4908@example.com,0121101286
4910,Customer_4910,Alexandria,cust4909@example.com,0113537296
4911,Customer_4911,cairo,cust4910@example.com,0103501698
4912,Customer_4912,Egypt,cust4911@example.com,0101096607
4913,Customer_4913,alex,cust4912@example.com,
4914,Customer_4914,Giza,,0125323624
4915,Customer_4915,CAIRO,cust4914@example.com,0105401214
4916,Customer_4916,giza,cust4915@example.com,0119360231
4917,Customer_4917,cairo,cust4916@example.com,0101797406
4918,Customer_4918,Giza,cust4917@example.com,0125707972
4919,Customer_4919,Giza,cust4918@example.com,0128332308
4920,Customer_4920,Egypt,cust4919@example.com,0127384739
4921,Customer_4921,Cairo,cust4920@example.com,
4922,Customer_4922,Cairo,cust4921@example.com,0124992268
4923,Customer_4923,cairo,cust4922@example.com,0102266291
4924,Customer_4924,giza,cust4923@example.com,0101836702
4925,Customer_4925,cairo,cust4924@example.com,0102805113
4926,Customer_4926,cairo,cust4925@example.com,0123229207
4927,Customer_4927,Alexandria,cust4926@example.com,0102513843
4928,Customer_4928,alex,cust4927@example.com,
4929,Customer_4929,alex,cust4928@example.com,
4930,Customer_4930,giza,cust4929@example.com,0119761299
4931,Customer_4931,Alexandria,cust4930@example.com,0128806765
4932,Customer_4932,Giza,cust4931@example.com,
4933,Customer_4933,Alexandria,cust4932@example.com,0108394597
4934,Customer_4934,cairo,cust4933@example.com,0123822578
4935,Customer_4935,Cairo,cust4934@example.com,0108882019
4936,Customer_4936,EGYPT,cust4935@example.com,
4937,Customer_4937,giza,cust4936@example.com,0117518482
4938,Customer_4938,Giza,cust4937@example.com,0116852826
4939,Customer_4939,Egypt,cust4938@example.com,0117344014
4940,Customer_4940,EGYPT,cust4939@example.com,0105047788
4941,Customer_4941,EGYPT,cust4940@example.com,0107608101
4942,Customer_4942,Alexandria,cust4941@example.com,0113749522
4943,Customer_4943,CAIRO,cust4942@example.com,0105356433
4944,Customer_4944,EGYPT,cust4943@example.com,0109735237
4945,Customer_4945,cairo,cust4944@example.com,0119688193
4946,Customer_4946,Cairo,cust4945@example.com,0119523543
4947,Customer_4947,Cairo,,0107668373
4948,Customer_4948,alex,cust4947@example.com,0112196229
4949,Customer_4949,cairo,cust4948@example.com,0111843911
4950,Customer_4950,Egypt,cust4949@example.com,
4951,Customer_4951,EGYPT,cust4950@example.com,0102919158
4952,Customer_4952,alex,cust4951@example.com,
4953,Customer_4953,cairo,cust4952@example.com,0129772664
4954,Customer_4954,Alexandria,cust4953@example.com,0108451392
4955,Customer_4955,Cairo,cust4954@example.com,
4956,Customer_4956,alex,cust4955@example.com,0119897575
4957,Customer_4957,giza,cust4956@example.com,0109351596
4958,Customer_4958,EGYPT,cust4957@example.com,0122962434
4959,Customer_4959,EGYPT,cust4958@example.com,0104561094
4960,Customer_4960,Egypt,cust4959@example.com,0126603043
4961,Customer_4961,CAIRO,cust4960@example.com,0118346836
4962,Customer_4962,giza,cust4961@example.com,0104661108
4963,Customer_4963,EGYPT,cust4962@example.com,0118119365
4964,Customer_4964,Giza,cust4963@example.com,0121764219
4965,Customer_4965,giza,cust4964@example.com,
4966,Customer_4966,EGYPT,cust4965@example.com,0109117067
4967,Customer_4967,giza,cust4966@example.com,0122058364
4968,Customer_4968,cairo,cust4967@example.com,0105666884
4969,Customer_4969,giza,cust4968@example.com,0108620786
4970,Customer_4970,Egypt,cust4969@example.com,0124022491
4971,Customer_4971,Alexandria,cust4970@example.com,0108537896
4972,Customer_4972,Alexandria,cust4971@example.com,0127403827
4973,Customer_4973,Alexandria,cust4972@example.com,0107341526
4974,Customer_4974,cairo,cust4973@example.com,0116561284
4975,Customer_4975,alex,cust4974@example.com,
4976,Customer_4976,Alexandria,cust4975@example.com,0121295775
4977,Customer_4977,Cairo,cust4976@example.com,0122427558
4978,Customer_4978,cairo,cust4977@example.com,0114917851
4979,Customer_4979,alex,cust4978@example.com,0119600352
4980,Customer_4980,Cairo,cust4979@example.com,0117078651
4981,Customer_4981,Cairo,cust4980@example.com,
4982,Customer_4982,Cairo,cust4981@example.com,0117066231
4983,Customer_4983,Giza,cust4982@example.com,0118311440
4984,Customer_4984,Egypt,cust4983@example.com,0101451324
4985,Customer_4985,Egypt,cust4984@example.com,0119142652
4986,Customer_4986,cairo,cust4985@example.com,0122202443
4987,Customer_4987,Cairo,cust4986@example.com,0105535895
4988,Customer_4988,giza,cust4987@example.com,0122430506
4989,Customer_4989,alex,cust4988@example.com,0125738334
4990,Customer_4990,Egypt,cust4989@example.com,0104539405
4991,Customer_4991,Alexandria,cust4990@example.com,0115982432
4992,Customer_4992,cairo,cust4991@example.com,0122190147
4993,Customer_4993,alex,cust4992@example.com,0107473933
4994,Customer_4994,cairo,cust4993@example.com,0106085214
4995,Customer_4995,Giza,,0117499100
4996,Customer_4996,Giza,cust4995@example.com,0114072362
4997,Customer_4997,Cairo,cust4996@example.com,0118937007
4998,Customer_4998,Giza,,0118335057
4999,Customer_4999,cairo,cust4998@example.com,
5000,Customer_5000,Alexandria,cust4999@example.com,0101346592
5001,Customer_5001,Cairo,cust5000@example.com,0101992731
5002,Customer_5002,EGYPT,cust5001@example.com,0107541625
5003,Customer_5003,alex,cust5002@example.com,0115995780
5004,Customer_5004,Cairo,cust5003@example.com,0106814792
5005,Customer_5005,cairo,cust5004@example.com,0125846815
5006,Customer_5006,alex,cust5005@example.com,0122297175
5007,Customer_5007,Alexandria,cust5006@example.com,0111759743
5008,Customer_5008,CAIRO,cust5007@example.com,0105726191
5009,Customer_5009,cairo,cust5008@example.com,0103216138
5010,Customer_5010,Egypt,cust5009@example.com,0118200649
5011,Customer_5011,CAIRO,cust5010@example.com,0117018881
5012,Customer_5012,alex,cust5011@example.com,0104274527
5013,Customer_5013,Giza,cust5012@example.com,0118379031
5014,Customer_5014,cairo,cust5013@example.com,0114451304
5015,Customer_5015,alex,cust5014@example.com,0109095242
5016,Customer_5016,Giza,cust5015@example.com,0113748880
5017,Customer_5017,Alexandria,cust5016@example.com,0111449081
5018,Customer_5018,Alexandria,cust5017@example.com,0119701549
5019,Customer_5019,Cairo,cust5018@example.com,0123618844
5020,Customer_5020,Egypt,cust5019@example.com,0118721889
5021,Customer_5021,Cairo,cust5020@example.com,0127754223
5022,Customer_5022,Egypt,cust5021@example.com,0125821369
5023,Customer_5023,cairo,cust5022@example.com,0102408686
5024,Customer_5024,EGYPT,cust5023@example.com,0122541544
5025,Customer_5025,giza,cust5024@example.com,
5026,Customer_5026,CAIRO,cust5025@example.com,0115636346
5027,Customer_5027,Giza,cust5026@example.com,0115639907
5028,Customer_5028,CAIRO,cust5027@example.com,0117210936
5029,Customer_5029,Alexandria,cust5028@example.com,
5030,Customer_5030,Egypt,cust5029@example.com,0113182703
5031,Customer_5031,Giza,cust5030@example.com,0122782439
5032,Customer_5032,Alexandria,cust5031@example.com,0108568816
5033,Customer_5033,Giza,cust5032@example.com,0128094063
5034,Customer_5034,Cairo,cust5033@example.com,0126268131
5035,Customer_5035,Alexandria,cust5034@example.com,0105401823
5036,Customer_5036,Cairo,cust5035@example.com,
5037,Customer_5037,Cairo,cust5036@example.com,
5038,Customer_5038,Giza,cust5037@example.com,
5039,Customer_5039,alex,cust5038@example.com,0125088519
5040,Customer_5040,CAIRO,cust5039@example.com,0116624932
5041,Customer_5041,Alexandria,cust5040@example.com,0104903190
5042,Customer_5042,giza,,0118008775
5043,Customer_5043,alex,cust5042@example.com,0127244179
5044,Customer_5044,CAIRO,,0106093562
5045,Customer_5045,Alexandria,cust5044@example.com,0105983507
5046,Customer_5046,Egypt,cust5045@example.com,0125036086
5047,Customer_5047,CAIRO,cust5046@example.com,0113811451
5048,Customer_5048,giza,cust5047@example.com,0123542226
5049,Customer_5049,cairo,,0122611603
5050,Customer_5050,Cairo,cust5049@example.com,0113700712
5051,Customer_5051,cairo,cust5050@example.com,0115469387
5052,Customer_5052,alex,cust5051@example.com,0112965489
5053,Customer_5053,Cairo,cust5052@example.com,0107371238
5054,Customer_5054,Alexandria,cust5053@example.com,0106944516
5055,Customer_5055,alex,cust5054@example.com,0108520818
5056,Customer_5056,giza,cust5055@example.com,0119634357
5057,Customer_5057,Giza,cust5056@example.com,0128801781
5058,Customer_5058,Alexandria,cust5057@example.com,
5059,Customer_5059,CAIRO,cust5058@example.com,0128606926
5060,Customer_5060,Giza,cust5059@example.com,0117145862
5061,Customer_5061,alex,cust5060@example.com,0129855169
5062,Customer_5062,CAIRO,cust5061@example.com,0106035465
5063,Customer_5063,giza,cust5062@example.com,0109485725
5064,Customer_5064,cairo,cust5063@example.com,
5065,Customer_5065,CAIRO,cust5064@example.com,0102944236
5066,Customer_5066,cairo,cust5065@example.com,0116760548
5067,Customer_5067,Cairo,cust5066@example.com,0112104946
5068,Customer_5068,Egypt,cust5067@example.com,0104462627
5069,Customer_5069,EGYPT,cust5068@example.com,0109870815
5070,Customer_5070,Alexandria,cust5069@example.com,0114990508
5071,Customer_5071,EGYPT,cust5070@example.com,0124534446
5072,Customer_5072,Cairo,cust5071@example.com,0104165955
5073,Customer_5073,CAIRO,cust5072@example.com,
5074,Customer_5074,Cairo,cust5073@example.com,0123430877
5075,Customer_5075,EGYPT,cust5074@example.com,
5076,Customer_5076,EGYPT,cust5075@example.com,0125014923
5077,Customer_5077,Alexandria,cust5076@example.com,
5078,Customer_5078,Giza,cust5077@example.com,0118864001
5079,Customer_5079,Cairo,cust5078@example.com,0129416071
5080,Customer_5080,Egypt,cust5079@example.com,0126963380
5081,Customer_5081,Cairo,cust5080@example.com,0113745145
5082,Customer_5082,giza,cust5081@example.com,0118534203
5083,Customer_5083,alex,cust5082@example.com,0104306757
5084,Customer_5084,alex,cust5083@example.com,0123590371
5085,Customer_5085,EGYPT,cust5084@example.com,0103845349
5086,Customer_5086,alex,cust5085@example.com,0112332469
5087,Customer_5087,cairo,cust5086@example.com,0122403786
5088,Customer_5088,Egypt,cust5087@example.com,0106708317
5089,Customer_5089,alex,,0103070862
5090,Customer_5090,CAIRO,cust5089@example.com,
5091,Customer_5091,cairo,cust5090@example.com,0112294122
5092,Customer_5092,cairo,cust5091@example.com,0125958040
5093,Customer_5093,Cairo,cust5092@example.com,0106468881
5094,Customer_5094,EGYPT,cust5093@example.com,0122879472
5095,Customer_5095,Alexandria,cust5094@example.com,0102115136
5096,Customer_5096,Alexandria,cust5095@example.com,0121638124
5097,Customer_5097,giza,,0114491915
5098,Customer_5098,Egypt,,0107803977
5099,Customer_5099,Cairo,cust5098@example.com,0105233305
5100,Customer_5100,Alexandria,,0105151764
5101,Customer_5101,EGYPT,cust5100@example.com,0111364721
5102,Customer_5102,Alexandria,cust5101@example.com,0101984383
5103,Customer_5103,CAIRO,cust5102@example.com,0101178768
5104,Customer_5104,cairo,cust5103@example.com,0117888275
5105,Customer_5105,Alexandria,cust5104@example.com,0129922881
5106,Customer_5106,Cairo,cust5105@example.com,0115948994
5107,Customer_5107,alex,cust5106@example.com,
5108,Customer_5108,alex,cust5107@example.com,0125086944
5109,Customer_5109,alex,cust5108@example.com,0116624571
5110,Customer_5110,Cairo,cust5109@example.com,0102892109
5111,Customer_5111,Egypt,,0125504113
5112,Customer_5112,alex,cust5111@example.com,0122507007
5113,Customer_5113,giza,,0115931588
5114,Customer_5114,EGYPT,cust5113@example.com,0119277813
5115,Customer_5115,cairo,cust5114@example.com,0101129114
5116,Customer_5116,alex,cust5115@example.com,0109370240
5117,Customer_5117,Cairo,cust5116@example.com,0106539304
5118,Customer_5118,alex,cust5117@example.com,0111559585
5119,Customer_5119,Alexandria,cust5118@example.com,0115743697
5120,Customer_5120,alex,cust5119@example.com,
5121,Customer_5121,CAIRO,cust5120@example.com,0119832075
5122,Customer_5122,CAIRO,cust5121@example.com,0115268540
5123,Customer_5123,alex,cust5122@example.com,0117812265
5124,Customer_5124,cairo,cust5123@example.com,0101954426
5125,Customer_5125,Cairo,cust5124@example.com,0105772120
5126,Customer_5126,giza,cust5125@example.com,
5127,Customer_5127,giza,,0113207634
5128,Customer_5128,alex,cust5127@example.com,0117066899
5129,Customer_5129,alex,cust5128@example.com,
5130,Customer_5130,CAIRO,cust5129@example.com,0129444746
5131,Customer_5131,cairo,cust5130@example.com,0122802091
5132,Customer_5132,alex,cust5131@example.com,0104071387
5133,Customer_5133,giza,cust5132@example.com,0126107888
5134,Customer_5134,Cairo,cust5133@example.com,0111856765
5135,Customer_5135,Egypt,cust5134@example.com,0101855569
5136,Customer_5136,Alexandria,cust5135@example.com,0106307697
5137,Customer_5137,alex,cust5136@example.com,0128106842
5138,Customer_5138,alex,cust5137@example.com,
5139,Customer_5139,cairo,,0123735707
5140,Customer_5140,Egypt,cust5139@example.com,0112970265
5141,Customer_5141,EGYPT,cust5140@example.com,
5142,Customer_5142,Cairo,cust5141@example.com,0127716279
5143,Customer_5143,Cairo,cust5142@example.com,0113331091
5144,Customer_5144,CAIRO,cust5143@example.com,0128289138
5145,Customer_5145,CAIRO,cust5144@example.com,0127738022
5146,Customer_5146,Giza,cust5145@example.com,0101108536
5147,Customer_5147,giza,cust5146@example.com,0106807581
5148,Customer_5148,Cairo,cust5147@example.com,0111864612
5149,Customer_5149,cairo,cust5148@example.com,0112240740
5150,Customer_5150,cairo,cust5149@example.com,
5151,Customer_5151,Egypt,cust5150@example.com,0115912259
5152,Customer_5152,cairo,cust5151@example.com,0103672432
5153,Customer_5153,alex,cust5152@example.com,0103611857
5154,Customer_5154,giza,,0107666431
5155,Customer_5155,alex,cust5154@example.com,0111587516
5156,Customer_5156,Alexandria,cust5155@example.com,0109030469
5157,Customer_5157,Cairo,cust5156@example.com,0129548750
5158,Customer_5158,giza,cust5157@example.com,0121256617
5159,Customer_5159,EGYPT,cust5158@example.com,0126029550
5160,Customer_5160,EGYPT,cust5159@example.com,0128176095
5161,Customer_5161,Alexandria,cust5160@example.com,0101479886
5162,Customer_5162,giza,cust5161@example.com,0111785196
5163,Customer_5163,Giza,cust5162@example.com,0108184215
5164,Customer_5164,Giza,cust5163@example.com,
5165,Customer_5165,Giza,,0108287055
5166,Customer_5166,Cairo,,0123267416
5167,Customer_5167,Cairo,cust5166@example.com,0124665902
5168,Customer_5168,Giza,cust5167@example.com,0129373118
5169,Customer_5169,EGYPT,cust5168@example.com,0104199233
5170,Customer_5170,giza,cust5169@example.com,0104041484
5171,Customer_5171,cairo,cust5170@example.com,0116055001
5172,Customer_5172,giza,cust5171@example.com,0114913385
5173,Customer_5173,Giza,cust5172@example.com,
5174,Customer_5174,giza,cust5173@example.com,0127357916
5175,Customer_5175,Egypt,cust5174@example.com,
5176,Customer_5176,Cairo,cust5175@example.com,0129064464
5177,Customer_5177,Cairo,cust5176@example.com,
5178,Customer_5178,EGYPT,cust5177@example.com,0107470222
5179,Customer_5179,cairo,cust5178@example.com,0119658127
5180,Customer_5180,Giza,cust5179@example.com,0103128371
5181,Customer_5181,EGYPT,cust5180@example.com,0113576411
5182,Customer_5182,EGYPT,,0103539443
5183,Customer_5183,cairo,cust5182@example.com,0108864524
5184,Customer_5184,alex,,
5185,Customer_5185,Giza,cust5184@example.com,0108023390
5186,Customer_5186,Cairo,cust5185@example.com,0124715626
5187,Customer_5187,cairo,cust5186@example.com,0103153613
5188,Customer_5188,Egypt,cust5187@example.com,0108693888
5189,Customer_5189,EGYPT,cust5188@example.com,0113078743
5190,Customer_5190,cairo,cust5189@example.com,0108393303
5191,Customer_5191,Cairo,cust5190@example.com,0117006973
5192,Customer_5192,giza,cust5191@example.com,0124583005
5193,Customer_5193,Cairo,cust5192@example.com,0113329053
5194,Customer_5194,Egypt,cust5193@example.com,0112311393
5195,Customer_5195,cairo,cust5194@example.com,0109180753
5196,Customer_5196,Egypt,cust5195@example.com,0117237156
5197,Customer_5197,Giza,cust5196@example.com,
5198,Customer_5198,Giza,cust5197@example.com,0124505045
5199,Customer_5199,giza,,0108817356
5200,Customer_5200,EGYPT,cust5199@example.com,0102538491
5201,Customer_5201,alex,cust5200@example.com,0107965998
5202,Customer_5202,CAIRO,cust5201@example.com,
5203,Customer_5203,Egypt,,
5204,Customer_5204,giza,cust5203@example.com,0114410682
5205,Customer_5205,Cairo,,0121082991
5206,Customer_5206,cairo,cust5205@example.com,0124751442
5207,Customer_5207,EGYPT,cust5206@example.com,0102757878
5208,Customer_5208,CAIRO,cust5207@example.com,
5209,Customer_5209,cairo,cust5208@example.com,0102766478
5210,Customer_5210,Cairo,cust5209@example.com,0112619760
5211,Customer_5211,CAIRO,cust5210@example.com,0128610541
5212,Customer_5212,Cairo,cust5211@example.com,0119980415
5213,Customer_5213,Cairo,cust5212@example.com,0126021195
5214,Customer_5214,Cairo,cust5213@example.com,0129628435
5215,Customer_5215,Giza,cust5214@example.com,0124262029
5216,Customer_5216,CAIRO,cust5215@example.com,0104890270
5217,Customer_5217,Cairo,cust5216@example.com,0126373465
5218,Customer_5218,alex,cust5217@example.com,0101553632
5219,Customer_5219,CAIRO,cust5218@example.com,
5220,Customer_5220,Giza,cust5219@example.com,
5221,Customer_5221,Egypt,cust5220@example.com,0111923220
5222,Customer_5222,Egypt,cust5221@example.com,
5223,Customer_5223,EGYPT,,
5224,Customer_5224,Alexandria,,0117846703
5225,Customer_5225,alex,cust5224@example.com,0123729780
5226,Customer_5226,Egypt,cust5225@example.com,
5227,Customer_5227,Giza,cust5226@example.com,0117685939
5228,Customer_5228,Alexandria,cust5227@example.com,0122132951
5229,Customer_5229,Cairo,cust5228@example.com,
5230,Customer_5230,Cairo,cust5229@example.com,0103879137
5231,Customer_5231,giza,cust5230@example.com,0122149114
5232,Customer_5232,Alexandria,cust5231@example.com,0115996867
5233,Customer_5233,Giza,cust5232@example.com,0111831807
5234,Customer_5234,alex,cust5233@example.com,0104305028
5235,Customer_5235,Alexandria,,0129849817
5236,Customer_5236,Egypt,cust5235@example.com,0103682014
5237,Customer_5237,alex,cust5236@example.com,0101262722
5238,Customer_5238,giza,cust5237@example.com,
5239,Customer_5239,alex,cust5238@example.com,0103898971
5240,Customer_5240,Cairo,cust5239@example.com,0109741975
5241,Customer_5241,giza,cust5240@example.com,0103168774
5242,Customer_5242,Egypt,,0121738335
5243,Customer_5243,CAIRO,cust5242@example.com,0106707617
5244,Customer_5244,Egypt,cust5243@example.com,0112192099
5245,Customer_5245,Egypt,cust5244@example.com,0108531263
5246,Customer_5246,cairo,cust5245@example.com,0112122015
5247,Customer_5247,Cairo,cust5246@example.com,
5248,Customer_5248,Cairo,cust5247@example.com,0103327118
5249,Customer_5249,Giza,cust5248@example.com,
5250,Customer_5250,cairo,,0129876513
5251,Customer_5251,EGYPT,cust5250@example.com,0105416311
5252,Customer_5252,Egypt,cust5251@example.com,0115184594
5253,Customer_5253,Giza,cust5252@example.com,0116918694
5254,Customer_5254,cairo,cust5253@example.com,0115896340
5255,Customer_5255,giza,cust5254@example.com,0125536962
5256,Customer_5256,alex,cust5255@example.com,0126823001
5257,Customer_5257,alex,cust5256@example.com,0108845822
5258,Customer_5258,Cairo,cust5257@example.com,
5259,Customer_5259,cairo,cust5258@example.com,
5260,Customer_5260,Egypt,cust5259@example.com,0112047068
5261,Customer_5261,Egypt,cust5260@example.com,0117147445
5262,Customer_5262,CAIRO,cust5261@example.com,0126534757
5263,Customer_5263,alex,,0104042405
5264,Customer_5264,Giza,cust5263@example.com,0104424877
5265,Customer_5265,cairo,cust5264@example.com,0122314079
5266,Customer_5266,Egypt,cust5265@example.com,0105857083
5267,Customer_5267,CAIRO,cust5266@example.com,0122794657
5268,Customer_5268,cairo,cust5267@example.com,0112413936
5269,Customer_5269,Alexandria,cust5268@example.com,0117896209
5270,Customer_5270,Egypt,cust5269@example.com,0119060645
5271,Customer_5271,Alexandria,cust5270@example.com,0128657703
5272,Customer_5272,cairo,,0126142425
5273,Customer_5273,Egypt,cust5272@example.com,0108640070
5274,Customer_5274,Alexandria,cust5273@example.com,0122852544
5275,Customer_5275,EGYPT,cust5274@example.com,0124369360
5276,Customer_5276,CAIRO,cust5275@example.com,0118721266
5277,Customer_5277,Giza,,0119512118
5278,Customer_5278,alex,cust5277@example.com,0104108464
5279,Customer_5279,CAIRO,cust5278@example.com,0128662692
5280,Customer_5280,Alexandria,cust5279@example.com,0106315540
5281,Customer_5281,Egypt,cust5280@example.com,0125511710
5282,Customer_5282,EGYPT,cust5281@example.com,0106321174
5283,Customer_5283,EGYPT,cust5282@example.com,0108188815
5284,Customer_5284,alex,cust5283@example.com,0124302440
5285,Customer_5285,EGYPT,cust5284@example.com,0106695977
5286,Customer_5286,CAIRO,cust5285@example.com,0107999937
5287,Customer_5287,EGYPT,cust5286@example.com,0117726440
5288,Customer_5288,alex,cust5287@example.com,0106123032
5289,Customer_5289,EGYPT,cust5288@example.com,
5290,Customer_5290,EGYPT,cust5289@example.com,0102776143
5291,Customer_5291,giza,cust5290@example.com,0114456009
5292,Customer_5292,CAIRO,cust5291@example.com,0114315605
5293,Customer_5293,Alexandria,cust5292@example.com,
5294,Customer_5294,Cairo,cust5293@example.com,0115739881
5295,Customer_5295,EGYPT,cust5294@example.com,0129579765
5296,Customer_5296,Giza,cust5295@example.com,0113436568
5297,Customer_5297,EGYPT,cust5296@example.com,
5298,Customer_5298,giza,cust5297@example.com,0122990211
5299,Customer_5299,Alexandria,cust5298@example.com,
5300,Customer_5300,Giza,cust5299@example.com,0111104621
5301,Customer_5301,Giza,cust5300@example.com,0102706430
5302,Customer_5302,CAIRO,cust5301@example.com,0107768419
5303,Customer_5303,alex,,0121820071
5304,Customer_5304,alex,cust5303@example.com,0103834042
5305,Customer_5305,Alexandria,cust5304@example.com,
5306,Customer_5306,alex,cust5305@example.com,0124943758
5307,Customer_5307,cairo,cust5306@example.com,0111021738
5308,Customer_5308,giza,cust5307@example.com,0113265507
5309,Customer_5309,Cairo,cust5308@example.com,0128261737
5310,Customer_5310,Cairo,,0105634453
5311,Customer_5311,CAIRO,cust5310@example.com,0109182486
5312,Customer_5312,CAIRO,cust5311@example.com,0128843945
5313,Customer_5313,Cairo,cust5312@example.com,0111994200
5314,Customer_5314,alex,,0105316694
5315,Customer_5315,Egypt,cust5314@example.com,
5316,Customer_5316,cairo,cust5315@example.com,0129851398
5317,Customer_5317,EGYPT,cust5316@example.com,0117254558
5318,Customer_5318,Alexandria,cust5317@example.com,0113678652
5319,Customer_5319,giza,cust5318@example.com,0107658850
5320,Customer_5320,Egypt,cust5319@example.com,0104495803
5321,Customer_5321,cairo,,0123526972
5322,Customer_5322,EGYPT,cust5321@example.com,
5323,Customer_5323,CAIRO,cust5322@example.com,0123578974
5324,Customer_5324,cairo,cust5323@example.com,0113917096
5325,Customer_5325,Cairo,cust5324@example.com,0129805572
5326,Customer_5326,cairo,cust5325@example.com,0127945390
5327,Customer_5327,Alexandria,cust5326@example.com,0115092434
5328,Customer_5328,Giza,cust5327@example.com,
5329,Customer_5329,CAIRO,cust5328@example.com,0103598892
5330,Customer_5330,giza,cust5329@example.com,0111356103
5331,Customer_5331,giza,cust5330@example.com,
5332,Customer_5332,cairo,cust5331@example.com,0122963951
5333,Customer_5333,Giza,cust5332@example.com,0118959750
5334,Customer_5334,EGYPT,cust5333@example.com,0108421873
5335,Customer_5335,Egypt,cust5334@example.com,0116502146
5336,Customer_5336,EGYPT,cust5335@example.com,0111185426
5337,Customer_5337,Egypt,cust5336@example.com,0119787630
5338,Customer_5338,Giza,cust5337@example.com,0104842014
5339,Customer_5339,Egypt,cust5338@example.com,
5340,Customer_5340,Alexandria,cust5339@example.com,0117365402
5341,Customer_5341,cairo,cust5340@example.com,0119598003
5342,Customer_5342,EGYPT,cust5341@example.com,0108250497
5343,Customer_5343,Alexandria,cust5342@example.com,0115565108
5344,Customer_5344,EGYPT,cust5343@example.com,0109064792
5345,Customer_5345,cairo,cust5344@example.com,0122400403
5346,Customer_5346,alex,cust5345@example.com,
5347,Customer_5347,Egypt,cust5346@example.com,0122173850
5348,Customer_5348,Giza,cust5347@example.com,0123565209
5349,Customer_5349,alex,cust5348@example.com,0129444668
5350,Customer_5350,alex,cust5349@example.com,0109437467
5351,Customer_5351,giza,cust5350@example.com,0117791371
5352,Customer_5352,Cairo,cust5351@example.com,0129189505
5353,Customer_5353,Alexandria,cust5352@example.com,0117648243
5354,Customer_5354,Alexandria,cust5353@example.com,0106904321
5355,Customer_5355,Alexandria,cust5354@example.com,0117434075
5356,Customer_5356,Alexandria,cust5355@example.com,0114269427
5357,Customer_5357,alex,cust5356@example.com,
5358,Customer_5358,Alexandria,cust5357@example.com,0108968658
5359,Customer_5359,Cairo,cust5358@example.com,0114021782
5360,Customer_5360,CAIRO,cust5359@example.com,0114097465
5361,Customer_5361,cairo,,0123541125
5362,Customer_5362,Alexandria,cust5361@example.com,0116804651
5363,Customer_5363,Giza,cust5362@example.com,
5364,Customer_5364,CAIRO,cust5363@example.com,0107674441
5365,Customer_5365,Giza,cust5364@example.com,
5366,Customer_5366,Giza,,
5367,Customer_5367,EGYPT,cust5366@example.com,0117975630
5368,Customer_5368,Giza,cust5367@example.com,0109101109
5369,Customer_5369,Alexandria,cust5368@example.com,0112304598
5370,Customer_5370,EGYPT,cust5369@example.com,0114561556
5371,Customer_5371,giza,,0106713538
5372,Customer_5372,alex,cust5371@example.com,0105283575
5373,Customer_5373,Giza,cust5372@example.com,
5374,Customer_5374,Cairo,cust5373@example.com,0104381100
5375,Customer_5375,cairo,cust5374@example.com,
5376,Customer_5376,Giza,,0128270812
5377,Customer_5377,giza,cust5376@example.com,0114522383
5378,Customer_5378,Egypt,cust5377@example.com,
5379,Customer_5379,giza,cust5378@example.com,
5380,Customer_5380,Egypt,cust5379@example.com,0102981145
5381,Customer_5381,giza,cust5380@example.com,0115923188
5382,Customer_5382,alex,,0109433931
5383,Customer_5383,cairo,cust5382@example.com,0119653091
5384,Customer_5384,giza,,0103299379
5385,Customer_5385,Egypt,cust5384@example.com,0106577989
5386,Customer_5386,Giza,cust5385@example.com,0113286469
5387,Customer_5387,alex,cust5386@example.com,0105676075
5388,Customer_5388,alex,cust5387@example.com,0103683351
5389,Customer_5389,Giza,cust5388@example.com,0123879251
5390,Customer_5390,Cairo,cust5389@example.com,
5391,Customer_5391,EGYPT,cust5390@example.com,0103083388
5392,Customer_5392,cairo,cust5391@example.com,0105992955
5393,Customer_5393,cairo,,0129838369
5394,Customer_5394,Cairo,cust5393@example.com,0103584816
5395,Customer_5395,EGYPT,cust5394@example.com,0101185619
5396,Customer_5396,cairo,cust5395@example.com,
5397,Customer_5397,Egypt,cust5396@example.com,0111734369
5398,Customer_5398,CAIRO,cust5397@example.com,0112840642
5399,Customer_5399,CAIRO,cust5398@example.com,0126310897
5400,Customer_5400,cairo,cust5399@example.com,0109371652
5401,Customer_5401,Alexandria,cust5400@example.com,0114085812
5402,Customer_5402,cairo,cust5401@example.com,0127172502
5403,Customer_5403,Giza,cust5402@example.com,
5404,Customer_5404,Giza,,0101963905
5405,Customer_5405,EGYPT,cust5404@example.com,0104450302
5406,Customer_5406,alex,cust5405@example.com,0103426076
5407,Customer_5407,Egypt,cust5406@example.com,0113295366
5408,Customer_5408,Cairo,,0128024355
5409,Customer_5409,cairo,cust5408@example.com,0114437446
5410,Customer_5410,Egypt,cust5409@example.com,0116604925
5411,Customer_5411,Cairo,cust5410@example.com,0126425397
5412,Customer_5412,Giza,,0119122148
5413,Customer_5413,giza,cust5412@example.com,0126550272
5414,Customer_5414,Egypt,cust5413@example.com,
5415,Customer_5415,CAIRO,cust5414@example.com,0128580313
5416,Customer_5416,cairo,cust5415@example.com,0116762042
5417,Customer_5417,EGYPT,cust5416@example.com,0126096338
5418,Customer_5418,CAIRO,,0103329260
5419,Customer_5419,alex,,0111004693
5420,Customer_5420,Alexandria,cust5419@example.com,0106029538
5421,Customer_5421,Cairo,cust5420@example.com,
5422,Customer_5422,Giza,cust5421@example.com,0121225482
5423,Customer_5423,cairo,cust5422@example.com,
5424,Customer_5424,EGYPT,cust5423@example.com,0112290160
5425,Customer_5425,giza,cust5424@example.com,0122303972
5426,Customer_5426,Giza,cust5425@example.com,0104963777
5427,Customer_5427,cairo,cust5426@example.com,0102754518
5428,Customer_5428,giza,cust5427@example.com,0104864926
5429,Customer_5429,EGYPT,cust5428@example.com,0102901702
5430,Customer_5430,Alexandria,cust5429@example.com,0108841455
5431,Customer_5431,CAIRO,cust5430@example.com,0118207390
5432,Customer_5432,CAIRO,cust5431@example.com,0123492531
5433,Customer_5433,Giza,cust5432@example.com,0126735971
5434,Customer_5434,cairo,cust5433@example.com,0103974613
5435,Customer_5435,cairo,cust5434@example.com,0108624302
5436,Customer_5436,EGYPT,cust5435@example.com,0126739759
5437,Customer_5437,Alexandria,cust5436@example.com,
5438,Customer_5438,cairo,cust5437@example.com,0119025663
5439,Customer_5439,EGYPT,cust5438@example.com,0128967051
5440,Customer_5440,alex,cust5439@example.com,0105799245
5441,Customer_5441,Giza,cust5440@example.com,0103466528
5442,Customer_5442,alex,cust5441@example.com,0105633699
5443,Customer_5443,Giza,cust5442@example.com,0114894449
5444,Customer_5444,giza,cust5443@example.com,0107795490
5445,Customer_5445,EGYPT,cust5444@example.com,0117618239
5446,Customer_5446,EGYPT,cust5445@example.com,0103905069
5447,Customer_5447,Egypt,cust5446@example.com,0106877228
5448,Customer_5448,giza,cust5447@example.com,0119032623
5449,Customer_5449,EGYPT,cust5448@example.com,0129489508
5450,Customer_5450,cairo,,
5451,Customer_5451,Giza,,0103574659
5452,Customer_5452,alex,cust5451@example.com,0117607755
5453,Customer_5453,Giza,cust5452@example.com,0111706386
5454,Customer_5454,CAIRO,cust5453@example.com,0128155805
5455,Customer_5455,Egypt,cust5454@example.com,0117322841
5456,Customer_5456,EGYPT,cust5455@example.com,
5457,Customer_5457,Alexandria,cust5456@example.com,0128605258
5458,Customer_5458,Cairo,cust5457@example.com,0109482305
5459,Customer_5459,Egypt,cust5458@example.com,0104606995
5460,Customer_5460,EGYPT,cust5459@example.com,
5461,Customer_5461,alex,cust5460@example.com,0128788370
5462,Customer_5462,EGYPT,cust5461@example.com,0101457617
5463,Customer_5463,Cairo,cust5462@example.com,0103488603
5464,Customer_5464,alex,cust5463@example.com,0118261258
5465,Customer_5465,Giza,cust5464@example.com,
5466,Customer_5466,alex,cust5465@example.com,0108116646
5467,Customer_5467,Egypt,cust5466@example.com,0127015400
5468,Customer_5468,Giza,cust5467@example.com,
5469,Customer_5469,EGYPT,cust5468@example.com,0127306515
5470,Customer_5470,giza,cust5469@example.com,0103294155
5471,Customer_5471,EGYPT,cust5470@example.com,0112973784
5472,Customer_5472,Cairo,cust5471@example.com,0121462062
5473,Customer_5473,giza,,0113761814
5474,Customer_5474,EGYPT,cust5473@example.com,0112463636
5475,Customer_5475,Alexandria,cust5474@example.com,0126363201
5476,Customer_5476,Egypt,,0121435706
5477,Customer_5477,Alexandria,,0106915619
5478,Customer_5478,Giza,cust5477@example.com,0117260860
5479,Customer_5479,CAIRO,cust5478@example.com,0109536896
5480,Customer_5480,EGYPT,,0112791983
5481,Customer_5481,cairo,cust5480@example.com,
5482,Customer_5482,cairo,cust5481@example.com,0123367024
5483,Customer_5483,alex,cust5482@example.com,0119719190
5484,Customer_5484,Alexandria,cust5483@example.com,0104920680
5485,Customer_5485,Egypt,cust5484@example.com,0107524929
5486,Customer_5486,EGYPT,cust5485@example.com,0121730386
5487,Customer_5487,Cairo,cust5486@example.com,0107946654
5488,Customer_5488,alex,cust5487@example.com,0116948848
5489,Customer_5489,Giza,cust5488@example.com,0111571386
5490,Customer_5490,giza,cust5489@example.com,
5491,Customer_5491,Giza,cust5490@example.com,0117648020
5492,Customer_5492,EGYPT,cust5491@example.com,0122554147
5493,Customer_5493,CAIRO,cust5492@example.com,0125000122
5494,Customer_5494,giza,cust5493@example.com,0122234157
5495,Customer_5495,Alexandria,cust5494@example.com,0126614042
5496,Customer_5496,EGYPT,,0125290111
5497,Customer_5497,CAIRO,cust5496@example.com,0116855745
5498,Customer_5498,Alexandria,cust5497@example.com,0125584710
5499,Customer_5499,CAIRO,cust5498@example.com,0121775098
5500,Customer_5500,Alexandria,cust5499@example.com,0129553507
5501,Customer_5501,Egypt,cust5500@example.com,0123829248
5502,Customer_5502,cairo,cust5501@example.com,0102471789
5503,Customer_5503,Giza,cust5502@example.com,0113782344
5504,Customer_5504,Egypt,cust5503@example.com,
5505,Customer_5505,giza,cust5504@example.com,0102915406
5506,Customer_5506,alex,cust5505@example.com,
5507,Customer_5507,cairo,cust5506@example.com,0102403834
5508,Customer_5508,Egypt,cust5507@example.com,0116228425
5509,Customer_5509,EGYPT,cust5508@example.com,0119363321
5510,Customer_5510,CAIRO,cust5509@example.com,0106212070
5511,Customer_5511,giza,cust5510@example.com,
5512,Customer_5512,EGYPT,,
5513,Customer_5513,cairo,cust5512@example.com,0111650904
5514,Customer_5514,CAIRO,cust5513@example.com,
5515,Customer_5515,giza,cust5514@example.com,0122966814
5516,Customer_5516,alex,cust5515@example.com,
5517,Customer_5517,cairo,cust5516@example.com,0119972616
5518,Customer_5518,giza,cust5517@example.com,
5519,Customer_5519,Egypt,cust5518@example.com,0103821598
5520,Customer_5520,giza,cust5519@example.com,0121293439
5521,Customer_5521,cairo,,0101884094
5522,Customer_5522,Egypt,cust5521@example.com,0103149050
5523,Customer_5523,EGYPT,cust5522@example.com,0108838353
5524,Customer_5524,cairo,cust5523@example.com,
5525,Customer_5525,Cairo,cust5524@example.com,0112487649
5526,Customer_5526,alex,cust5525@example.com,0121436725
5527,Customer_5527,Cairo,cust5526@example.com,0129302690
5528,Customer_5528,Giza,cust5527@example.com,0124347489
5529,Customer_5529,CAIRO,cust5528@example.com,0119745356
5530,Customer_5530,Alexandria,cust5529@example.com,0114741445
5531,Customer_5531,alex,cust5530@example.com,0114185968
5532,Customer_5532,Cairo,cust5531@example.com,0122772615
5533,Customer_5533,Alexandria,cust5532@example.com,0106822642
5534,Customer_5534,alex,cust5533@example.com,0101599071
5535,Customer_5535,Alexandria,cust5534@example.com,0111764315
5536,Customer_5536,Egypt,cust5535@example.com,0107560785
5537,Customer_5537,Cairo,cust5536@example.com,
5538,Customer_5538,giza,cust5537@example.com,0124048388
5539,Customer_5539,Egypt,cust5538@example.com,0104158661
5540,Customer_5540,alex,cust5539@example.com,0125728424
5541,Customer_5541,alex,cust5540@example.com,0123152608
5542,Customer_5542,cairo,cust5541@example.com,
5543,Customer_5543,Cairo,cust5542@example.com,0117295534
5544,Customer_5544,Giza,cust5543@example.com,0102032991
5545,Customer_5545,Giza,cust5544@example.com,0119764975
5546,Customer_5546,alex,cust5545@example.com,0123555271
5547,Customer_5547,Giza,cust5546@example.com,0118166942
5548,Customer_5548,CAIRO,cust5547@example.com,0108046025
5549,Customer_5549,cairo,cust5548@example.com,0102062687
5550,Customer_5550,alex,,0105285811
5551,Customer_5551,Giza,cust5550@example.com,0124587554
5552,Customer_5552,Cairo,cust5551@example.com,0103079244
5553,Customer_5553,giza,cust5552@example.com,0104269632
5554,Customer_5554,Egypt,,0113693584
5555,Customer_5555,Egypt,cust5554@example.com,0104413096
5556,Customer_5556,CAIRO,,0128859658
5557,Customer_5557,Alexandria,cust5556@example.com,0121624544
5558,Customer_5558,Cairo,cust5557@example.com,0106912541
5559,Customer_5559,Alexandria,cust5558@example.com,0118190507
5560,Customer_5560,cairo,cust5559@example.com,0121575893
5561,Customer_5561,giza,,0102863996
5562,Customer_5562,cairo,cust5561@example.com,0101127307
5563,Customer_5563,alex,cust5562@example.com,0106886898
5564,Customer_5564,Cairo,cust5563@example.com,0101980606
5565,Customer_5565,alex,cust5564@example.com,0118949670
5566,Customer_5566,EGYPT,cust5565@example.com,0118502101
5567,Customer_5567,Giza,cust5566@example.com,0111346462
5568,Customer_5568,Egypt,cust5567@example.com,0117890864
5569,Customer_5569,alex,cust5568@example.com,0123351804
5570,Customer_5570,Alexandria,cust5569@example.com,0106694906
5571,Customer_5571,EGYPT,,0102686655
5572,Customer_5572,Egypt,cust5571@example.com,
5573,Customer_5573,alex,cust5572@example.com,0114470691
5574,Customer_5574,EGYPT,cust5573@example.com,0126448426
5575,Customer_5575,EGYPT,cust5574@example.com,0101055722
5576,Customer_5576,Cairo,cust5575@example.com,0105324297
5577,Customer_5577,cairo,cust5576@example.com,0125408103
5578,Customer_5578,EGYPT,,0114599051
5579,Customer_5579,CAIRO,cust5578@example.com,0103649211
5580,Customer_5580,cairo,cust5579@example.com,0127897916
5581,Customer_5581,Egypt,cust5580@example.com,0127396819
5582,Customer_5582,Egypt,cust5581@example.com,0101656962
5583,Customer_5583,Egypt,,0129064935
5584,Customer_5584,Egypt,cust5583@example.com,0126423775
5585,Customer_5585,CAIRO,,0126204564
5586,Customer_5586,alex,cust5585@example.com,0127668929
5587,Customer_5587,giza,cust5586@example.com,0105614811
5588,Customer_5588,EGYPT,cust5587@example.com,0127219626
5589,Customer_5589,Egypt,,0117144314
5590,Customer_5590,cairo,cust5589@example.com,
5591,Customer_5591,cairo,cust5590@example.com,0119615370
5592,Customer_5592,EGYPT,,0103051425
5593,Customer_5593,alex,cust5592@example.com,
5594,Customer_5594,giza,cust5593@example.com,0105812472
5595,Customer_5595,alex,cust5594@example.com,0113731928
5596,Customer_5596,EGYPT,,0109982772
5597,Customer_5597,Alexandria,cust5596@example.com,0126577246
5598,Customer_5598,CAIRO,cust5597@example.com,0101078055
5599,Customer_5599,EGYPT,cust5598@example.com,0128274904
5600,Customer_5600,Giza,cust5599@example.com,0122312062
5601,Customer_5601,Cairo,cust5600@example.com,0123521955
5602,Customer_5602,Cairo,cust5601@example.com,0114264881
5603,Customer_5603,alex,cust5602@example.com,
5604,Customer_5604,EGYPT,cust5603@example.com,0107333412
5605,Customer_5605,EGYPT,cust5604@example.com,0113882640
5606,Customer_5606,Cairo,cust5605@example.com,0115808577
5607,Customer_5607,giza,,
5608,Customer_5608,Cairo,cust5607@example.com,0112646891
5609,Customer_5609,EGYPT,cust5608@example.com,0111502563
5610,Customer_5610,giza,,0108171946
5611,Customer_5611,Egypt,cust5610@example.com,0126308340
5612,Customer_5612,Giza,cust5611@example.com,0118048845
5613,Customer_5613,Alexandria,cust5612@example.com,0102203525
5614,Customer_5614,CAIRO,cust5613@example.com,0127115705
5615,Customer_5615,Egypt,cust5614@example.com,
5616,Customer_5616,cairo,cust5615@example.com,0103884942
5617,Customer_5617,Cairo,cust5616@example.com,0118874311
5618,Customer_5618,Giza,cust5617@example.com,0102001188
5619,Customer_5619,Cairo,cust5618@example.com,
5620,Customer_5620,Cairo,,0105758730
5621,Customer_5621,Egypt,cust5620@example.com,0129500369
5622,Customer_5622,Alexandria,cust5621@example.com,0108963702
5623,Customer_5623,giza,cust5622@example.com,
5624,Customer_5624,Cairo,cust5623@example.com,0104620966
5625,Customer_5625,alex,cust5624@example.com,0105505193
5626,Customer_5626,EGYPT,cust5625@example.com,0107352319
5627,Customer_5627,Giza,cust5626@example.com,0102282909
5628,Customer_5628,alex,cust5627@example.com,0111737080
5629,Customer_5629,Egypt,cust5628@example.com,0107208598
5630,Customer_5630,Egypt,cust5629@example.com,
5631,Customer_5631,Alexandria,cust5630@example.com,0123654972
5632,Customer_5632,Alexandria,cust5631@example.com,0127173073
5633,Customer_5633,giza,cust5632@example.com,0124544388
5634,Customer_5634,EGYPT,cust5633@example.com,0103622316
5635,Customer_5635,Giza,,0109138442
5636,Customer_5636,EGYPT,cust5635@example.com,0104407229
5637,Customer_5637,cairo,cust5636@example.com,0104776536
5638,Customer_5638,Alexandria,cust5637@example.com,0107913748
5639,Customer_5639,giza,cust5638@example.com,0128308818
5640,Customer_5640,CAIRO,cust5639@example.com,0105591462
5641,Customer_5641,Cairo,,0125257000
5642,Customer_5642,Cairo,cust5641@example.com,0128892638
5643,Customer_5643,CAIRO,cust5642@example.com,0119524012
5644,Customer_5644,EGYPT,cust5643@example.com,
5645,Customer_5645,CAIRO,,0104295795
5646,Customer_5646,giza,cust5645@example.com,
5647,Customer_5647,Giza,cust5646@example.com,0108601966
5648,Customer_5648,CAIRO,cust5647@example.com,0117763508
5649,Customer_5649,giza,cust5648@example.com,0113401540
5650,Customer_5650,Alexandria,cust5649@example.com,0129769458
5651,Customer_5651,alex,cust5650@example.com,0113761452
5652,Customer_5652,Egypt,cust5651@example.com,0129799789
5653,Customer_5653,Egypt,cust5652@example.com,0108786885
5654,Customer_5654,cairo,cust5653@example.com,0106291069
5655,Customer_5655,EGYPT,cust5654@example.com,
5656,Customer_5656,Giza,cust5655@example.com,0119137790
5657,Customer_5657,alex,cust5656@example.com,0108272125
5658,Customer_5658,alex,cust5657@example.com,0116772393
5659,Customer_5659,Alexandria,cust5658@example.com,0105386854
5660,Customer_5660,CAIRO,cust5659@example.com,0122274346
5661,Customer_5661,EGYPT,cust5660@example.com,0121575753
5662,Customer_5662,Cairo,cust5661@example.com,0109988268
5663,Customer_5663,alex,cust5662@example.com,0127768712
5664,Customer_5664,giza,cust5663@example.com,
5665,Customer_5665,Cairo,cust5664@example.com,0101494396
5666,Customer_5666,cairo,cust5665@example.com,0106849130
5667,Customer_5667,CAIRO,cust5666@example.com,0111375308
5668,Customer_5668,CAIRO,cust5667@example.com,0123048914
5669,Customer_5669,Giza,cust5668@example.com,0107516743
5670,Customer_5670,alex,cust5669@example.com,0101358135
5671,Customer_5671,Alexandria,cust5670@example.com,0111835043
5672,Customer_5672,Egypt,cust5671@example.com,0103198630
5673,Customer_5673,giza,cust5672@example.com,
5674,Customer_5674,Cairo,cust5673@example.com,0125422922
5675,Customer_5675,cairo,cust5674@example.com,0118747762
5676,Customer_5676,Egypt,,0108992621
5677,Customer_5677,CAIRO,cust5676@example.com,0112675299
5678,Customer_5678,Cairo,cust5677@example.com,0119886737
5679,Customer_5679,EGYPT,cust5678@example.com,0106812486
5680,Customer_5680,alex,cust5679@example.com,0128679776
5681,Customer_5681,cairo,cust5680@example.com,0124489535
5682,Customer_5682,EGYPT,cust5681@example.com,0101315184
5683,Customer_5683,Alexandria,,0124918143
5684,Customer_5684,alex,cust5683@example.com,
5685,Customer_5685,Cairo,cust5684@example.com,0117559322
5686,Customer_5686,alex,cust5685@example.com,0116672396
5687,Customer_5687,Egypt,cust5686@example.com,
5688,Customer_5688,Giza,cust5687@example.com,0112113221
5689,Customer_5689,Egypt,cust5688@example.com,0113730835
5690,Customer_5690,Alexandria,cust5689@example.com,0113609679
5691,Customer_5691,giza,cust5690@example.com,
5692,Customer_5692,EGYPT,cust5691@example.com,0104489407
5693,Customer_5693,Egypt,cust5692@example.com,0118347090
5694,Customer_5694,Giza,cust5693@example.com,0101481918
5695,Customer_5695,giza,cust5694@example.com,0102881792
5696,Customer_5696,Egypt,cust5695@example.com,0101835326
5697,Customer_5697,CAIRO,cust5696@example.com,0127116106
5698,Customer_5698,Giza,cust5697@example.com,0124051914
5699,Customer_5699,EGYPT,cust5698@example.com,
5700,Customer_5700,cairo,cust5699@example.com,0101122390
5701,Customer_5701,giza,cust5700@example.com,0102547509
5702,Customer_5702,CAIRO,cust5701@example.com,0101841669
5703,Customer_5703,cairo,cust5702@example.com,0107472622
5704,Customer_5704,Cairo,cust5703@example.com,0116441768
5705,Customer_5705,Giza,cust5704@example.com,0104422322
5706,Customer_5706,CAIRO,cust5705@example.com,0122137280
5707,Customer_5707,alex,cust5706@example.com,0106359053
5708,Customer_5708,Cairo,cust5707@example.com,0113675903
5709,Customer_5709,Cairo,cust5708@example.com,0116260636
5710,Customer_5710,giza,cust5709@example.com,0129064296
5711,Customer_5711,Giza,,0108169487
5712,Customer_5712,CAIRO,cust5711@example.com,0114828467
5713,Customer_5713,Alexandria,cust5712@example.com,0106541613
5714,Customer_5714,CAIRO,cust5713@example.com,
5715,Customer_5715,Egypt,cust5714@example.com,0106000068
5716,Customer_5716,Cairo,cust5715@example.com,0102016081
5717,Customer_5717,EGYPT,cust5716@example.com,
5718,Customer_5718,Cairo,cust5717@example.com,
5719,Customer_5719,Cairo,cust5718@example.com,0129732974
5720,Customer_5720,alex,cust5719@example.com,
5721,Customer_5721,Alexandria,cust5720@example.com,0127462687
5722,Customer_5722,cairo,cust5721@example.com,0127945586
5723,Customer_5723,cairo,cust5722@example.com,0122515699
5724,Customer_5724,alex,,0126767601
5725,Customer_5725,Cairo,cust5724@example.com,0104893559
5726,Customer_5726,cairo,cust5725@example.com,
5727,Customer_5727,Giza,cust5726@example.com,0127876507
5728,Customer_5728,Alexandria,cust5727@example.com,0124444106
5729,Customer_5729,cairo,cust5728@example.com,0126340195
5730,Customer_5730,alex,cust5729@example.com,0113542918
5731,Customer_5731,Egypt,cust5730@example.com,0119671473
5732,Customer_5732,cairo,cust5731@example.com,0125800859
5733,Customer_5733,Alexandria,cust5732@example.com,0117280753
5734,Customer_5734,giza,cust5733@example.com,0108245401
5735,Customer_5735,giza,cust5734@example.com,0121391247
5736,Customer_5736,Giza,cust5735@example.com,
5737,Customer_5737,CAIRO,cust5736@example.com,0121570499
5738,Customer_5738,CAIRO,cust5737@example.com,0102676949
5739,Customer_5739,cairo,cust5738@example.com,0106077579
5740,Customer_5740,EGYPT,,0109198491
5741,Customer_5741,Egypt,cust5740@example.com,0111096002
5742,Customer_5742,alex,cust5741@example.com,0119779754
5743,Customer_5743,Egypt,cust5742@example.com,0106705823
5744,Customer_5744,giza,cust5743@example.com,0114484718
5745,Customer_5745,cairo,cust5744@example.com,0113947599
5746,Customer_5746,Alexandria,cust5745@example.com,0126013722
5747,Customer_5747,alex,cust5746@example.com,0121807862
5748,Customer_5748,Egypt,cust5747@example.com,0117019195
5749,Customer_5749,Alexandria,,0115179305
5750,Customer_5750,alex,cust5749@example.com,0101701082
5751,Customer_5751,Egypt,cust5750@example.com,0108639921
5752,Customer_5752,Giza,cust5751@example.com,0117253622
5753,Customer_5753,giza,cust5752@example.com,0113202454
5754,Customer_5754,Cairo,cust5753@example.com,0117917316
5755,Customer_5755,alex,,0109886786
5756,Customer_5756,giza,cust5755@example.com,0119987330
5757,Customer_5757,EGYPT,cust5756@example.com,0101590468
5758,Customer_5758,cairo,,0107718865
5759,Customer_5759,Alexandria,cust5758@example.com,0111685887
5760,Customer_5760,alex,,0129632590
5761,Customer_5761,cairo,cust5760@example.com,0117333352
5762,Customer_5762,cairo,cust5761@example.com,0106459405
5763,Customer_5763,Cairo,,0118304163
5764,Customer_5764,Egypt,cust5763@example.com,0102128066
5765,Customer_5765,alex,,0121599429
5766,Customer_5766,giza,cust5765@example.com,0111032977
5767,Customer_5767,CAIRO,cust5766@example.com,0119492631
5768,Customer_5768,alex,cust5767@example.com,0105275600
5769,Customer_5769,alex,,0107696442
5770,Customer_5770,alex,cust5769@example.com,
5771,Customer_5771,cairo,cust5770@example.com,0128611281
5772,Customer_5772,Alexandria,cust5771@example.com,0103900346
5773,Customer_5773,cairo,cust5772@example.com,0112785405
5774,Customer_5774,Alexandria,cust5773@example.com,
5775,Customer_5775,CAIRO,,0114568429
5776,Customer_5776,cairo,,
5777,Customer_5777,Alexandria,cust5776@example.com,0129197535
5778,Customer_5778,cairo,cust5777@example.com,0125911230
5779,Customer_5779,EGYPT,cust5778@example.com,0104764852
5780,Customer_5780,cairo,cust5779@example.com,0104163148
5781,Customer_5781,CAIRO,cust5780@example.com,0119579156
5782,Customer_5782,CAIRO,cust5781@example.com,0111276228
5783,Customer_5783,Alexandria,cust5782@example.com,
5784,Customer_5784,Alexandria,cust5783@example.com,0117896816
5785,Customer_5785,CAIRO,cust5784@example.com,
5786,Customer_5786,CAIRO,cust5785@example.com,0105846524
5787,Customer_5787,Cairo,,
5788,Customer_5788,alex,cust5787@example.com,0101852865
5789,Customer_5789,Giza,cust5788@example.com,0127357791
5790,Customer_5790,cairo,cust5789@example.com,0116253425
5791,Customer_5791,Egypt,cust5790@example.com,0127064902
5792,Customer_5792,alex,cust5791@example.com,0106265581
5793,Customer_5793,Giza,cust5792@example.com,0127710810
5794,Customer_5794,Cairo,,0106915221
5795,Customer_5795,Egypt,,0121761291
5796,Customer_5796,Alexandria,cust5795@example.com,
5797,Customer_5797,CAIRO,cust5796@example.com,0118410432
5798,Customer_5798,EGYPT,,
5799,Customer_5799,giza,cust5798@example.com,0107169185
5800,Customer_5800,CAIRO,cust5799@example.com,0101893164
5801,Customer_5801,EGYPT,cust5800@example.com,0129491662
5802,Customer_5802,Giza,cust5801@example.com,
5803,Customer_5803,Alexandria,cust5802@example.com,0108523838
5804,Customer_5804,Egypt,cust5803@example.com,0113306312
5805,Customer_5805,Giza,cust5804@example.com,0102336375
5806,Customer_5806,CAIRO,cust5805@example.com,0124904814
5807,Customer_5807,CAIRO,,0122325276
5808,Customer_5808,Egypt,cust5807@example.com,0106523469
5809,Customer_5809,giza,cust5808@example.com,0106607704
5810,Customer_5810,EGYPT,cust5809@example.com,0105866361
5811,Customer_5811,Giza,cust5810@example.com,0107121806
5812,Customer_5812,Alexandria,cust5811@example.com,0127566375
5813,Customer_5813,CAIRO,cust5812@example.com,0109644409
5814,Customer_5814,Giza,cust5813@example.com,0102412299
5815,Customer_5815,giza,cust5814@example.com,0127290592
5816,Customer_5816,Giza,cust5815@example.com,
5817,Customer_5817,Egypt,cust5816@example.com,
5818,Customer_5818,Alexandria,cust5817@example.com,0126214393
5819,Customer_5819,Cairo,cust5818@example.com,0106094004
5820,Customer_5820,Egypt,cust5819@example.com,0118822672
5821,Customer_5821,Giza,cust5820@example.com,0106967977
5822,Customer_5822,Cairo,cust5821@example.com,
5823,Customer_5823,CAIRO,cust5822@example.com,
5824,Customer_5824,Cairo,cust5823@example.com,0122647012
5825,Customer_5825,giza,cust5824@example.com,
5826,Customer_5826,cairo,cust5825@example.com,0104086387
5827,Customer_5827,giza,cust5826@example.com,0117916479
5828,Customer_5828,Egypt,cust5827@example.com,0121131739
5829,Customer_5829,cairo,cust5828@example.com,0117132303
5830,Customer_5830,Egypt,cust5829@example.com,0123114725
5831,Customer_5831,Alexandria,cust5830@example.com,0111282001
5832,Customer_5832,alex,cust5831@example.com,0111355474
5833,Customer_5833,CAIRO,cust5832@example.com,
5834,Customer_5834,CAIRO,cust5833@example.com,0117120680
5835,Customer_5835,Giza,cust5834@example.com,0114448501
5836,Customer_5836,EGYPT,cust5835@example.com,0126909268
5837,Customer_5837,Egypt,cust5836@example.com,0128102670
5838,Customer_5838,alex,cust5837@example.com,0128100862
5839,Customer_5839,alex,cust5838@example.com,0104433713
5840,Customer_5840,giza,cust5839@example.com,0104761489
5841,Customer_5841,giza,cust5840@example.com,0112848349
5842,Customer_5842,EGYPT,cust5841@example.com,0116888413
5843,Customer_5843,Giza,,0109094508
5844,Customer_5844,Cairo,cust5843@example.com,
5845,Customer_5845,giza,cust5844@example.com,0129221451
5846,Customer_5846,Giza,cust5845@example.com,0114314245
5847,Customer_5847,Alexandria,cust5846@example.com,0126915419
5848,Customer_5848,CAIRO,cust5847@example.com,
5849,Customer_5849,CAIRO,cust5848@example.com,0114711756
5850,Customer_5850,Giza,cust5849@example.com,0103813991
5851,Customer_5851,EGYPT,cust5850@example.com,0112204642
5852,Customer_5852,alex,cust5851@example.com,0109902814
5853,Customer_5853,EGYPT,cust5852@example.com,
5854,Customer_5854,Giza,cust5853@example.com,0123906324
5855,Customer_5855,Egypt,cust5854@example.com,0106279418
5856,Customer_5856,cairo,cust5855@example.com,0101758054
5857,Customer_5857,CAIRO,,0128254285
5858,Customer_5858,Giza,cust5857@example.com,0108779403
5859,Customer_5859,alex,cust5858@example.com,0115594873
5860,Customer_5860,cairo,cust5859@example.com,0122968382
5861,Customer_5861,Alexandria,cust5860@example.com,0126642870
5862,Customer_5862,giza,cust5861@example.com,
5863,Customer_5863,Egypt,cust5862@example.com,0101180675
5864,Customer_5864,giza,cust5863@example.com,0107876174
5865,Customer_5865,cairo,cust5864@example.com,0107268544
5866,Customer_5866,cairo,cust5865@example.com,0128109962
5867,Customer_5867,giza,cust5866@example.com,0126107130
5868,Customer_5868,alex,cust5867@example.com,0126528278
5869,Customer_5869,alex,cust5868@example.com,0119725974
5870,Customer_5870,Cairo,cust5869@example.com,0116738144
5871,Customer_5871,Alexandria,cust5870@example.com,0113450088
5872,Customer_5872,alex,cust5871@example.com,0115184670
5873,Customer_5873,Alexandria,cust5872@example.com,0105462643
5874,Customer_5874,Alexandria,cust5873@example.com,0108647406
5875,Customer_5875,cairo,cust5874@example.com,0112233500
5876,Customer_5876,Alexandria,cust5875@example.com,0113675767
5877,Customer_5877,Egypt,cust5876@example.com,0105231445
5878,Customer_5878,giza,cust5877@example.com,0105794625
5879,Customer_5879,Cairo,cust5878@example.com,0112459745
5880,Customer_5880,Giza,cust5879@example.com,0103729769
5881,Customer_5881,EGYPT,cust5880@example.com,0118373275
5882,Customer_5882,Cairo,cust5881@example.com,0115049518
5883,Customer_5883,Egypt,cust5882@example.com,0106346313
5884,Customer_5884,Cairo,cust5883@example.com,0102282380
5885,Customer_5885,Alexandria,cust5884@example.com,0106344300
5886,Customer_5886,cairo,cust5885@example.com,0129250395
5887,Customer_5887,EGYPT,cust5886@example.com,0112630861
5888,Customer_5888,alex,cust5887@example.com,0106245029
5889,Customer_5889,cairo,cust5888@example.com,0128023211
5890,Customer_5890,Alexandria,,0113276801
5891,Customer_5891,Alexandria,cust5890@example.com,0109941500
5892,Customer_5892,EGYPT,cust5891@example.com,0111546026
5893,Customer_5893,EGYPT,cust5892@example.com,0115494459
5894,Customer_5894,CAIRO,cust5893@example.com,0107028366
5895,Customer_5895,cairo,cust5894@example.com,
5896,Customer_5896,alex,,0106892150
5897,Customer_5897,Cairo,cust5896@example.com,0126007903
5898,Customer_5898,Alexandria,cust5897@example.com,0104597018
5899,Customer_5899,Alexandria,cust5898@example.com,0108161991
5900,Customer_5900,CAIRO,cust5899@example.com,0118504782
5901,Customer_5901,cairo,cust5900@example.com,0114116356
5902,Customer_5902,cairo,cust5901@example.com,0105063295
5903,Customer_5903,giza,cust5902@example.com,0104073183
5904,Customer_5904,EGYPT,cust5903@example.com,0108040167
5905,Customer_5905,alex,cust5904@example.com,0107506627
5906,Customer_5906,EGYPT,cust5905@example.com,0116840870
5907,Customer_5907,alex,cust5906@example.com,0106756315
5908,Customer_5908,Egypt,cust5907@example.com,
5909,Customer_5909,Giza,cust5908@example.com,0108575868
5910,Customer_5910,alex,cust5909@example.com,0115140001
5911,Customer_5911,EGYPT,cust5910@example.com,0109884683
5912,Customer_5912,Alexandria,cust5911@example.com,0106504917
5913,Customer_5913,EGYPT,cust5912@example.com,0108292431
5914,Customer_5914,alex,cust5913@example.com,0103489473
5915,Customer_5915,cairo,cust5914@example.com,0102918049
5916,Customer_5916,EGYPT,cust5915@example.com,0107209944
5917,Customer_5917,CAIRO,cust5916@example.com,0102207925
5918,Customer_5918,giza,cust5917@example.com,0121877388
5919,Customer_5919,Alexandria,cust5918@example.com,0116080506
5920,Customer_5920,CAIRO,cust5919@example.com,0128567753
5921,Customer_5921,alex,cust5920@example.com,0101891814
5922,Customer_5922,Egypt,,
5923,Customer_5923,CAIRO,cust5922@example.com,0112157468
5924,Customer_5924,Giza,cust5923@example.com,0114353145
5925,Customer_5925,Egypt,cust5924@example.com,0119758011
5926,Customer_5926,Cairo,,
5927,Customer_5927,Alexandria,cust5926@example.com,0118594713
5928,Customer_5928,Cairo,cust5927@example.com,0118490782
5929,Customer_5929,EGYPT,cust5928@example.com,0123774887
5930,Customer_5930,alex,cust5929@example.com,0114564388
5931,Customer_5931,Alexandria,cust5930@example.com,0107492940
5932,Customer_5932,cairo,cust5931@example.com,
5933,Customer_5933,Egypt,cust5932@example.com,
5934,Customer_5934,cairo,,0102319248
5935,Customer_5935,Cairo,cust5934@example.com,0122770084
5936,Customer_5936,CAIRO,cust5935@example.com,0114846126
5937,Customer_5937,CAIRO,cust5936@example.com,0127819099
5938,Customer_5938,alex,cust5937@example.com,0118242081
5939,Customer_5939,Cairo,cust5938@example.com,0117791955
5940,Customer_5940,giza,cust5939@example.com,0106269473
5941,Customer_5941,Alexandria,,0127445687
5942,Customer_5942,Egypt,,
5943,Customer_5943,CAIRO,cust5942@example.com,0107795534
5944,Customer_5944,CAIRO,cust5943@example.com,0102952726
5945,Customer_5945,cairo,,0129898396
5946,Customer_5946,cairo,cust5945@example.com,0111538276
5947,Customer_5947,EGYPT,cust5946@example.com,0101693136
5948,Customer_5948,giza,cust5947@example.com,0112320055
5949,Customer_5949,cairo,,0125952591
5950,Customer_5950,cairo,cust5949@example.com,0105641835
5951,Customer_5951,Alexandria,cust5950@example.com,0101961964
5952,Customer_5952,cairo,cust5951@example.com,0129280189
5953,Customer_5953,Egypt,cust5952@example.com,0113533105
5954,Customer_5954,Alexandria,,0123565940
5955,Customer_5955,EGYPT,cust5954@example.com,0116291900
5956,Customer_5956,Cairo,cust5955@example.com,0105401112
5957,Customer_5957,Alexandria,,
5958,Customer_5958,Cairo,cust5957@example.com,0115277352
5959,Customer_5959,CAIRO,cust5958@example.com,
5960,Customer_5960,EGYPT,cust5959@example.com,0102049383
5961,Customer_5961,EGYPT,cust5960@example.com,0102721457
5962,Customer_5962,Alexandria,cust5961@example.com,0105264560
5963,Customer_5963,Giza,,
5964,Customer_5964,EGYPT,cust5963@example.com,0105781429
5965,Customer_5965,Cairo,cust5964@example.com,0127660626
5966,Customer_5966,EGYPT,cust5965@example.com,0121526671
5967,Customer_5967,CAIRO,cust5966@example.com,0127611086
5968,Customer_5968,Egypt,cust5967@example.com,0124251567
5969,Customer_5969,Giza,cust5968@example.com,0114600948
5970,Customer_5970,alex,cust5969@example.com,0128418225
5971,Customer_5971,EGYPT,cust5970@example.com,0118803493
5972,Customer_5972,cairo,cust5971@example.com,
5973,Customer_5973,Alexandria,cust5972@example.com,0102467989
5974,Customer_5974,Alexandria,cust5973@example.com,
5975,Customer_5975,Alexandria,cust5974@example.com,0101336993
5976,Customer_5976,giza,cust5975@example.com,0113571839
5977,Customer_5977,Giza,cust5976@example.com,0101007729
5978,Customer_5978,Giza,cust5977@example.com,0101969633
5979,Customer_5979,Cairo,,
5980,Customer_5980,EGYPT,cust5979@example.com,0123223336
5981,Customer_5981,alex,,0117559922
5982,Customer_5982,Alexandria,cust5981@example.com,
5983,Customer_5983,EGYPT,cust5982@example.com,0108961991
5984,Customer_5984,Giza,cust5983@example.com,0128586978
5985,Customer_5985,CAIRO,,0111195407
5986,Customer_5986,Alexandria,cust5985@example.com,
5987,Customer_5987,EGYPT,cust5986@example.com,0106966457
5988,Customer_5988,Giza,,0124878601
5989,Customer_5989,Egypt,cust5988@example.com,0109301401
5990,Customer_5990,Giza,cust5989@example.com,0106450123
5991,Customer_5991,cairo,cust5990@example.com,0127994802
5992,Customer_5992,giza,,0112940188
5993,Customer_5993,giza,cust5992@example.com,0108043744
5994,Customer_5994,Alexandria,,0116039576
5995,Customer_5995,Egypt,cust5994@example.com,0109111813
5996,Customer_5996,Egypt,cust5995@example.com,
5997,Customer_5997,Alexandria,cust5996@example.com,
5998,Customer_5998,EGYPT,cust5997@example.com,0113608402
5999,Customer_5999,Alexandria,cust5998@example.com,0116278178
6000,Customer_6000,alex,,0121315311
6001,Customer_6001,alex,cust6000@example.com,0108565875
6002,Customer_6002,giza,cust6001@example.com,0125301067
6003,Customer_6003,Giza,,0127959855
6004,Customer_6004,Alexandria,cust6003@example.com,0122085106
6005,Customer_6005,Alexandria,cust6004@example.com,0115115876
6006,Customer_6006,EGYPT,cust6005@example.com,0115885985
6007,Customer_6007,Cairo,cust6006@example.com,
6008,Customer_6008,giza,,0107343633
6009,Customer_6009,giza,cust6008@example.com,0107085947
6010,Customer_6010,giza,cust6009@example.com,0122577616
6011,Customer_6011,Giza,cust6010@example.com,0127778859
6012,Customer_6012,CAIRO,cust6011@example.com,0107804928
6013,Customer_6013,Cairo,cust6012@example.com,0128224950
6014,Customer_6014,Giza,cust6013@example.com,0128146838
6015,Customer_6015,alex,,0106193888
6016,Customer_6016,EGYPT,cust6015@example.com,0106312210
6017,Customer_6017,alex,cust6016@example.com,0101896330
6018,Customer_6018,Egypt,cust6017@example.com,0103515069
6019,Customer_6019,giza,cust6018@example.com,
6020,Customer_6020,cairo,cust6019@example.com,0116602578
6021,Customer_6021,giza,cust6020@example.com,0127066805
6022,Customer_6022,giza,cust6021@example.com,0119227385
6023,Customer_6023,EGYPT,cust6022@example.com,0124386268
6024,Customer_6024,Cairo,cust6023@example.com,0114907298
6025,Customer_6025,alex,cust6024@example.com,0108224149
6026,Customer_6026,Egypt,cust6025@example.com,0124695309
6027,Customer_6027,giza,cust6026@example.com,0107776950
6028,Customer_6028,Alexandria,cust6027@example.com,0107989163
6029,Customer_6029,CAIRO,cust6028@example.com,0116102905
6030,Customer_6030,Alexandria,cust6029@example.com,0121700990
6031,Customer_6031,Alexandria,cust6030@example.com,
6032,Customer_6032,EGYPT,,0114712636
6033,Customer_6033,cairo,cust6032@example.com,0119769035
6034,Customer_6034,cairo,cust6033@example.com,0125079570
6035,Customer_6035,alex,cust6034@example.com,0116726528
6036,Customer_6036,cairo,cust6035@example.com,0103591795
6037,Customer_6037,Alexandria,cust6036@example.com,0113226065
6038,Customer_6038,EGYPT,cust6037@example.com,0122008321
6039,Customer_6039,Egypt,cust6038@example.com,0122621866
6040,Customer_6040,alex,cust6039@example.com,
6041,Customer_6041,Giza,cust6040@example.com,0115130627
6042,Customer_6042,Egypt,cust6041@example.com,0112828050
6043,Customer_6043,Cairo,cust6042@example.com,0122875033
6044,Customer_6044,Cairo,cust6043@example.com,0102605445
6045,Customer_6045,Cairo,cust6044@example.com,0126121131
6046,Customer_6046,Cairo,cust6045@example.com,
6047,Customer_6047,EGYPT,cust6046@example.com,0127354768
6048,Customer_6048,Egypt,cust6047@example.com,0129446726
6049,Customer_6049,giza,cust6048@example.com,0117818252
6050,Customer_6050,CAIRO,cust6049@example.com,0108213936
6051,Customer_6051,alex,cust6050@example.com,0121634554
6052,Customer_6052,Giza,cust6051@example.com,0125290248
6053,Customer_6053,Alexandria,cust6052@example.com,0119720084
6054,Customer_6054,Cairo,,0116986715
6055,Customer_6055,Giza,cust6054@example.com,0121121448
6056,Customer_6056,CAIRO,cust6055@example.com,0101004949
6057,Customer_6057,Giza,cust6056@example.com,0125638352
6058,Customer_6058,Egypt,cust6057@example.com,0118937599
6059,Customer_6059,Giza,cust6058@example.com,0109212683
6060,Customer_6060,Cairo,,0101142543
6061,Customer_6061,CAIRO,cust6060@example.com,0109373480
6062,Customer_6062,Alexandria,cust6061@example.com,0107040696
6063,Customer_6063,giza,cust6062@example.com,
6064,Customer_6064,cairo,cust6063@example.com,0117551144
6065,Customer_6065,Cairo,cust6064@example.com,0123923344
6066,Customer_6066,CAIRO,cust6065@example.com,0116536414
6067,Customer_6067,Egypt,cust6066@example.com,
6068,Customer_6068,EGYPT,cust6067@example.com,0106752592
6069,Customer_6069,CAIRO,cust6068@example.com,0123201274
6070,Customer_6070,cairo,cust6069@example.com,0119027074
6071,Customer_6071,cairo,cust6070@example.com,0101330868
6072,Customer_6072,alex,cust6071@example.com,0128394837
6073,Customer_6073,giza,cust6072@example.com,0108612420
6074,Customer_6074,cairo,cust6073@example.com,0128536478
6075,Customer_6075,alex,cust6074@example.com,
6076,Customer_6076,alex,cust6075@example.com,0127251281
6077,Customer_6077,alex,cust6076@example.com,0115658517
6078,Customer_6078,CAIRO,cust6077@example.com,0111948234
6079,Customer_6079,alex,cust6078@example.com,0122941450
6080,Customer_6080,Cairo,cust6079@example.com,0108171535
6081,Customer_6081,Cairo,cust6080@example.com,0113981753
6082,Customer_6082,EGYPT,cust6081@example.com,
6083,Customer_6083,cairo,cust6082@example.com,0118614111
6084,Customer_6084,giza,,0103069465
6085,Customer_6085,alex,cust6084@example.com,0127600233
6086,Customer_6086,Egypt,cust6085@example.com,0108342542
6087,Customer_6087,Egypt,cust6086@example.com,0118434442
6088,Customer_6088,cairo,cust6087@example.com,0108733851
6089,Customer_6089,EGYPT,cust6088@example.com,
6090,Customer_6090,Egypt,,0118843648
6091,Customer_6091,Cairo,cust6090@example.com,0122497293
6092,Customer_6092,Giza,cust6091@example.com,0113935336
6093,Customer_6093,CAIRO,cust6092@example.com,0106688347
6094,Customer_6094,Alexandria,cust6093@example.com,0117135658
6095,Customer_6095,Egypt,cust6094@example.com,0118448302
6096,Customer_6096,giza,cust6095@example.com,0115410153
6097,Customer_6097,alex,cust6096@example.com,0129714673
6098,Customer_6098,giza,,
6099,Customer_6099,CAIRO,cust6098@example.com,0107503668
6100,Customer_6100,Cairo,cust6099@example.com,0128812954
6101,Customer_6101,EGYPT,cust6100@example.com,0129594888
6102,Customer_6102,CAIRO,,0112945743
6103,Customer_6103,Alexandria,cust6102@example.com,0113814965
6104,Customer_6104,Giza,cust6103@example.com,
6105,Customer_6105,Egypt,cust6104@example.com,
6106,Customer_6106,EGYPT,cust6105@example.com,0118708194
6107,Customer_6107,EGYPT,cust6106@example.com,0129731822
6108,Customer_6108,Egypt,cust6107@example.com,0129676365
6109,Customer_6109,Egypt,,0112572999
6110,Customer_6110,Egypt,cust6109@example.com,
6111,Customer_6111,Egypt,cust6110@example.com,0102926768
6112,Customer_6112,Egypt,cust6111@example.com,0122053223
6113,Customer_6113,EGYPT,cust6112@example.com,0114344397
6114,Customer_6114,cairo,cust6113@example.com,0109378478
6115,Customer_6115,cairo,cust6114@example.com,0117899517
6116,Customer_6116,giza,,
6117,Customer_6117,cairo,cust6116@example.com,0125585926
6118,Customer_6118,Alexandria,cust6117@example.com,0112788191
6119,Customer_6119,cairo,cust6118@example.com,0107082168
6120,Customer_6120,EGYPT,cust6119@example.com,0125242618
6121,Customer_6121,Egypt,cust6120@example.com,0104852313
6122,Customer_6122,alex,cust6121@example.com,0107890557
6123,Customer_6123,alex,cust6122@example.com,0119010802
6124,Customer_6124,Alexandria,cust6123@example.com,0102515819
6125,Customer_6125,EGYPT,cust6124@example.com,0104399913
6126,Customer_6126,Cairo,cust6125@example.com,0111922037
6127,Customer_6127,CAIRO,cust6126@example.com,0108553092
6128,Customer_6128,giza,cust6127@example.com,0128642895
6129,Customer_6129,Cairo,cust6128@example.com,0125856815
6130,Customer_6130,EGYPT,cust6129@example.com,0106917871
6131,Customer_6131,cairo,cust6130@example.com,0122900001
6132,Customer_6132,Egypt,cust6131@example.com,0113622563
6133,Customer_6133,Cairo,cust6132@example.com,0117161351
6134,Customer_6134,CAIRO,cust6133@example.com,0101811048
6135,Customer_6135,alex,cust6134@example.com,0129490743
6136,Customer_6136,CAIRO,cust6135@example.com,0117663291
6137,Customer_6137,Egypt,,0125831109
6138,Customer_6138,cairo,cust6137@example.com,
6139,Customer_6139,CAIRO,cust6138@example.com,0128985590
6140,Customer_6140,giza,cust6139@example.com,0113157230
6141,Customer_6141,CAIRO,cust6140@example.com,0108222024
6142,Customer_6142,EGYPT,cust6141@example.com,0109225777
6143,Customer_6143,cairo,cust6142@example.com,0108327727
6144,Customer_6144,Egypt,cust6143@example.com,0117440005
6145,Customer_6145,alex,cust6144@example.com,0123584553
6146,Customer_6146,alex,cust6145@example.com,
6147,Customer_6147,CAIRO,cust6146@example.com,0104577237
6148,Customer_6148,EGYPT,cust6147@example.com,0103053798
6149,Customer_6149,Cairo,cust6148@example.com,0105713092
6150,Customer_6150,Cairo,cust6149@example.com,0128720463
6151,Customer_6151,EGYPT,cust6150@example.com,0103754586
6152,Customer_6152,giza,cust6151@example.com,0112584697
6153,Customer_6153,Cairo,cust6152@example.com,0108670967
6154,Customer_6154,Cairo,,0114798812
6155,Customer_6155,Egypt,cust6154@example.com,0129527801
6156,Customer_6156,Egypt,cust6155@example.com,0116837799
6157,Customer_6157,cairo,cust6156@example.com,0115290312
6158,Customer_6158,giza,cust6157@example.com,0108049200
6159,Customer_6159,giza,cust6158@example.com,0127422773
6160,Customer_6160,cairo,cust6159@example.com,0112273059
6161,Customer_6161,giza,cust6160@example.com,0129653076
6162,Customer_6162,Alexandria,cust6161@example.com,0106660207
6163,Customer_6163,Giza,cust6162@example.com,0102014721
6164,Customer_6164,Egypt,cust6163@example.com,
6165,Customer_6165,cairo,,0106979604
6166,Customer_6166,cairo,cust6165@example.com,0104092187
6167,Customer_6167,giza,cust6166@example.com,0119121136
6168,Customer_6168,Cairo,cust6167@example.com,
6169,Customer_6169,alex,cust6168@example.com,0109691039
6170,Customer_6170,CAIRO,cust6169@example.com,0112022436
6171,Customer_6171,CAIRO,cust6170@example.com,0117903202
6172,Customer_6172,cairo,cust6171@example.com,0126908805
6173,Customer_6173,Alexandria,cust6172@example.com,0105492994
6174,Customer_6174,cairo,,0115469167
6175,Customer_6175,Egypt,,0109614524
6176,Customer_6176,giza,cust6175@example.com,0111163630
6177,Customer_6177,giza,cust6176@example.com,0116154469
6178,Customer_6178,Alexandria,cust6177@example.com,0118955183
6179,Customer_6179,Egypt,cust6178@example.com,0128266399
6180,Customer_6180,alex,cust6179@example.com,0119166992
6181,Customer_6181,Cairo,cust6180@example.com,0105991307
6182,Customer_6182,Egypt,cust6181@example.com,0114841979
6183,Customer_6183,EGYPT,cust6182@example.com,0104584559
6184,Customer_6184,Giza,cust6183@example.com,0129689580
6185,Customer_6185,cairo,cust6184@example.com,0124335899
6186,Customer_6186,EGYPT,,0117014553
6187,Customer_6187,Alexandria,,0116062023
6188,Customer_6188,EGYPT,cust6187@example.com,0125470814
6189,Customer_6189,giza,cust6188@example.com,0129608336
6190,Customer_6190,Cairo,cust6189@example.com,0108077655
6191,Customer_6191,CAIRO,cust6190@example.com,0109926578
6192,Customer_6192,cairo,cust6191@example.com,0108236825
6193,Customer_6193,CAIRO,cust6192@example.com,0113338545
6194,Customer_6194,giza,cust6193@example.com,
6195,Customer_6195,giza,cust6194@example.com,0117128930
6196,Customer_6196,cairo,cust6195@example.com,0123268594
6197,Customer_6197,CAIRO,cust6196@example.com,0102249088
6198,Customer_6198,Egypt,cust6197@example.com,0103941748
6199,Customer_6199,giza,cust6198@example.com,0104140033
6200,Customer_6200,CAIRO,cust6199@example.com,0103522770
6201,Customer_6201,alex,cust6200@example.com,0106761922
6202,Customer_6202,CAIRO,cust6201@example.com,
6203,Customer_6203,alex,cust6202@example.com,0104910445
6204,Customer_6204,alex,,0118331731
6205,Customer_6205,giza,cust6204@example.com,0104499208
6206,Customer_6206,cairo,cust6205@example.com,0127166570
6207,Customer_6207,Alexandria,cust6206@example.com,
6208,Customer_6208,giza,cust6207@example.com,0117727841
6209,Customer_6209,cairo,cust6208@example.com,0108171722
6210,Customer_6210,cairo,cust6209@example.com,
6211,Customer_6211,EGYPT,cust6210@example.com,0108532755
6212,Customer_6212,Giza,cust6211@example.com,0127830469
6213,Customer_6213,giza,cust6212@example.com,0128022824
6214,Customer_6214,cairo,cust6213@example.com,
6215,Customer_6215,EGYPT,,
6216,Customer_6216,alex,cust6215@example.com,0106955665
6217,Customer_6217,Alexandria,cust6216@example.com,0125984286
6218,Customer_6218,Alexandria,,0109674847
6219,Customer_6219,alex,cust6218@example.com,0123974909
6220,Customer_6220,CAIRO,cust6219@example.com,0119650908
6221,Customer_6221,CAIRO,cust6220@example.com,0103283684
6222,Customer_6222,giza,cust6221@example.com,0103026648
6223,Customer_6223,Giza,cust6222@example.com,0111348662
6224,Customer_6224,EGYPT,,0106415838
6225,Customer_6225,Alexandria,cust6224@example.com,
6226,Customer_6226,Cairo,cust6225@example.com,
6227,Customer_6227,Cairo,cust6226@example.com,0108608241
6228,Customer_6228,Egypt,cust6227@example.com,
6229,Customer_6229,cairo,cust6228@example.com,0118796131
6230,Customer_6230,alex,cust6229@example.com,0117712141
6231,Customer_6231,cairo,cust6230@example.com,0126310684
6232,Customer_6232,cairo,cust6231@example.com,0124771399
6233,Customer_6233,EGYPT,cust6232@example.com,0124217775
6234,Customer_6234,Egypt,cust6233@example.com,0123691560
6235,Customer_6235,Giza,cust6234@example.com,0109832979
6236,Customer_6236,Egypt,cust6235@example.com,0102420559
6237,Customer_6237,Alexandria,cust6236@example.com,
6238,Customer_6238,EGYPT,,0121890192
6239,Customer_6239,cairo,cust6238@example.com,0106245482
6240,Customer_6240,Giza,cust6239@example.com,0111267865
6241,Customer_6241,cairo,cust6240@example.com,
6242,Customer_6242,giza,cust6241@example.com,0104565363
6243,Customer_6243,giza,cust6242@example.com,
6244,Customer_6244,CAIRO,cust6243@example.com,0111287709
6245,Customer_6245,Egypt,cust6244@example.com,0113447787
6246,Customer_6246,Giza,cust6245@example.com,0119235941
6247,Customer_6247,giza,cust6246@example.com,0111556101
6248,Customer_6248,CAIRO,cust6247@example.com,0101995700
6249,Customer_6249,EGYPT,cust6248@example.com,
6250,Customer_6250,Giza,cust6249@example.com,0113904704
6251,Customer_6251,CAIRO,cust6250@example.com,0106268674
6252,Customer_6252,alex,cust6251@example.com,0122222696
6253,Customer_6253,Giza,cust6252@example.com,
6254,Customer_6254,CAIRO,cust6253@example.com,
6255,Customer_6255,cairo,cust6254@example.com,0105705728
6256,Customer_6256,alex,cust6255@example.com,0105419515
6257,Customer_6257,giza,cust6256@example.com,
6258,Customer_6258,Cairo,cust6257@example.com,0118448005
6259,Customer_6259,CAIRO,cust6258@example.com,0129186151
6260,Customer_6260,EGYPT,,
6261,Customer_6261,CAIRO,cust6260@example.com,
6262,Customer_6262,Cairo,cust6261@example.com,0108898328
6263,Customer_6263,alex,cust6262@example.com,
6264,Customer_6264,alex,cust6263@example.com,0112481542
6265,Customer_6265,Giza,cust6264@example.com,0115645900
6266,Customer_6266,EGYPT,cust6265@example.com,0102725304
6267,Customer_6267,EGYPT,,0117905131
6268,Customer_6268,EGYPT,cust6267@example.com,0114815704
6269,Customer_6269,Cairo,cust6268@example.com,0114518253
6270,Customer_6270,EGYPT,cust6269@example.com,
6271,Customer_6271,Alexandria,cust6270@example.com,0129978865
6272,Customer_6272,Cairo,cust6271@example.com,0117986998
6273,Customer_6273,alex,cust6272@example.com,0121974011
6274,Customer_6274,Cairo,cust6273@example.com,0117752656
6275,Customer_6275,cairo,cust6274@example.com,0128730656
6276,Customer_6276,cairo,cust6275@example.com,0127430349
6277,Customer_6277,EGYPT,,0128004419
6278,Customer_6278,alex,cust6277@example.com,0107154698
6279,Customer_6279,Cairo,cust6278@example.com,0106778366
6280,Customer_6280,Cairo,cust6279@example.com,0115386375
6281,Customer_6281,Cairo,cust6280@example.com,
6282,Customer_6282,Alexandria,cust6281@example.com,0108010950
6283,Customer_6283,cairo,cust6282@example.com,0116290807
6284,Customer_6284,Cairo,cust6283@example.com,0122136522
6285,Customer_6285,Alexandria,,0103230865
6286,Customer_6286,cairo,cust6285@example.com,0114141714
6287,Customer_6287,Alexandria,cust6286@example.com,0111388778
6288,Customer_6288,Giza,cust6287@example.com,0128002983
6289,Customer_6289,cairo,cust6288@example.com,0119840699
6290,Customer_6290,giza,cust6289@example.com,0108393894
6291,Customer_6291,Giza,,0105412230
6292,Customer_6292,Cairo,cust6291@example.com,0127448947
6293,Customer_6293,alex,cust6292@example.com,0102438434
6294,Customer_6294,Alexandria,cust6293@example.com,0113799251
6295,Customer_6295,Alexandria,cust6294@example.com,0113065392
6296,Customer_6296,Alexandria,cust6295@example.com,0117169310
6297,Customer_6297,Alexandria,cust6296@example.com,0118757460
6298,Customer_6298,alex,cust6297@example.com,0101174822
6299,Customer_6299,CAIRO,cust6298@example.com,0109708888
6300,Customer_6300,Alexandria,cust6299@example.com,0111785450
6301,Customer_6301,CAIRO,cust6300@example.com,0109071528
6302,Customer_6302,alex,cust6301@example.com,
6303,Customer_6303,alex,cust6302@example.com,
6304,Customer_6304,Giza,cust6303@example.com,0108407193
6305,Customer_6305,cairo,cust6304@example.com,0114307557
6306,Customer_6306,giza,cust6305@example.com,0117310349
6307,Customer_6307,EGYPT,cust6306@example.com,
6308,Customer_6308,giza,cust6307@example.com,0114213530
6309,Customer_6309,EGYPT,cust6308@example.com,0118649189
6310,Customer_6310,alex,cust6309@example.com,0127836555
6311,Customer_6311,giza,cust6310@example.com,0126966978
6312,Customer_6312,Egypt,cust6311@example.com,0113062039
6313,Customer_6313,cairo,cust6312@example.com,0116086346
6314,Customer_6314,giza,cust6313@example.com,0116351384
6315,Customer_6315,cairo,cust6314@example.com,
6316,Customer_6316,CAIRO,cust6315@example.com,0103523189
6317,Customer_6317,cairo,,0105582505
6318,Customer_6318,CAIRO,cust6317@example.com,0101168145
6319,Customer_6319,Alexandria,cust6318@example.com,0107096822
6320,Customer_6320,CAIRO,cust6319@example.com,0102613319
6321,Customer_6321,Giza,cust6320@example.com,
6322,Customer_6322,Alexandria,cust6321@example.com,0107833199
6323,Customer_6323,alex,cust6322@example.com,0122753625
6324,Customer_6324,Cairo,cust6323@example.com,0106805640
6325,Customer_6325,CAIRO,cust6324@example.com,0125943587
6326,Customer_6326,CAIRO,cust6325@example.com,0117660794
6327,Customer_6327,cairo,cust6326@example.com,0116934102
6328,Customer_6328,alex,cust6327@example.com,0115479261
6329,Customer_6329,giza,cust6328@example.com,0118098866
6330,Customer_6330,Egypt,cust6329@example.com,0127770142
6331,Customer_6331,EGYPT,,0126621777
6332,Customer_6332,CAIRO,cust6331@example.com,0111022351
6333,Customer_6333,giza,,0109900027
6334,Customer_6334,Egypt,cust6333@example.com,0119812340
6335,Customer_6335,EGYPT,cust6334@example.com,0104009347
6336,Customer_6336,Cairo,cust6335@example.com,0115323052
6337,Customer_6337,cairo,cust6336@example.com,0106873267
6338,Customer_6338,giza,cust6337@example.com,0123532900
6339,Customer_6339,cairo,cust6338@example.com,0124024561
6340,Customer_6340,EGYPT,cust6339@example.com,0122284237
6341,Customer_6341,Giza,cust6340@example.com,0129925594
6342,Customer_6342,CAIRO,cust6341@example.com,0129531811
6343,Customer_6343,Alexandria,cust6342@example.com,0116257900
6344,Customer_6344,Egypt,,0102419938
6345,Customer_6345,alex,cust6344@example.com,0112638047
6346,Customer_6346,CAIRO,cust6345@example.com,0107802472
6347,Customer_6347,Alexandria,cust6346@example.com,
6348,Customer_6348,giza,cust6347@example.com,0106311679
6349,Customer_6349,Cairo,cust6348@example.com,0103370597
6350,Customer_6350,CAIRO,cust6349@example.com,0119403925
6351,Customer_6351,cairo,cust6350@example.com,0128491206
6352,Customer_6352,Giza,cust6351@example.com,0103566836
6353,Customer_6353,alex,cust6352@example.com,0114725268
6354,Customer_6354,cairo,,
6355,Customer_6355,Alexandria,cust6354@example.com,0126746387
6356,Customer_6356,CAIRO,cust6355@example.com,0101435421
6357,Customer_6357,Giza,cust6356@example.com,
6358,Customer_6358,CAIRO,cust6357@example.com,0111121116
6359,Customer_6359,giza,cust6358@example.com,0107659222
6360,Customer_6360,Cairo,,0108412093
6361,Customer_6361,EGYPT,cust6360@example.com,0121289310
6362,Customer_6362,CAIRO,cust6361@example.com,0123498057
6363,Customer_6363,Alexandria,cust6362@example.com,0127663364
6364,Customer_6364,cairo,cust6363@example.com,0125131618
6365,Customer_6365,giza,cust6364@example.com,0121405569
6366,Customer_6366,Alexandria,cust6365@example.com,0106533387
6367,Customer_6367,alex,cust6366@example.com,0101544311
6368,Customer_6368,EGYPT,cust6367@example.com,0117318306
6369,Customer_6369,giza,cust6368@example.com,
6370,Customer_6370,Cairo,cust6369@example.com,0114983778
6371,Customer_6371,EGYPT,cust6370@example.com,0104059403
6372,Customer_6372,Alexandria,cust6371@example.com,0119241853
6373,Customer_6373,alex,cust6372@example.com,0102940841
6374,Customer_6374,Egypt,cust6373@example.com,
6375,Customer_6375,Cairo,cust6374@example.com,0104369176
6376,Customer_6376,Giza,cust6375@example.com,0104429372
6377,Customer_6377,Egypt,cust6376@example.com,0107498571
6378,Customer_6378,CAIRO,cust6377@example.com,0116783177
6379,Customer_6379,alex,,0122538930
6380,Customer_6380,cairo,cust6379@example.com,0125210838
6381,Customer_6381,Giza,cust6380@example.com,0123688066
6382,Customer_6382,Alexandria,cust6381@example.com,0115265277
6383,Customer_6383,alex,cust6382@example.com,0108192235
6384,Customer_6384,EGYPT,cust6383@example.com,0111756867
6385,Customer_6385,giza,cust6384@example.com,
6386,Customer_6386,EGYPT,cust6385@example.com,0101168819
6387,Customer_6387,EGYPT,cust6386@example.com,0115550594
6388,Customer_6388,CAIRO,cust6387@example.com,0108621568
6389,Customer_6389,Cairo,cust6388@example.com,
6390,Customer_6390,cairo,cust6389@example.com,0102177310
6391,Customer_6391,Giza,cust6390@example.com,
6392,Customer_6392,Cairo,cust6391@example.com,
6393,Customer_6393,alex,cust6392@example.com,
6394,Customer_6394,EGYPT,cust6393@example.com,0124256035
6395,Customer_6395,CAIRO,cust6394@example.com,
6396,Customer_6396,alex,cust6395@example.com,0117362604
6397,Customer_6397,giza,cust6396@example.com,0127000015
6398,Customer_6398,cairo,,0121032536
6399,Customer_6399,Giza,cust6398@example.com,0114441498
6400,Customer_6400,giza,cust6399@example.com,0126027690
6401,Customer_6401,CAIRO,cust6400@example.com,
6402,Customer_6402,cairo,cust6401@example.com,0119523877
6403,Customer_6403,alex,cust6402@example.com,0121518962
6404,Customer_6404,EGYPT,cust6403@example.com,0103519930
6405,Customer_6405,EGYPT,cust6404@example.com,0106407385
6406,Customer_6406,EGYPT,cust6405@example.com,0104360124
6407,Customer_6407,Egypt,cust6406@example.com,0102137727
6408,Customer_6408,EGYPT,cust6407@example.com,0129780890
6409,Customer_6409,Egypt,cust6408@example.com,0113474081
6410,Customer_6410,Alexandria,cust6409@example.com,0121131756
6411,Customer_6411,Egypt,cust6410@example.com,0122334101
6412,Customer_6412,cairo,cust6411@example.com,0127004093
6413,Customer_6413,giza,cust6412@example.com,0127814813
6414,Customer_6414,cairo,cust6413@example.com,0122295221
6415,Customer_6415,giza,cust6414@example.com,0124473802
6416,Customer_6416,Alexandria,cust6415@example.com,
6417,Customer_6417,giza,cust6416@example.com,0108612726
6418,Customer_6418,giza,cust6417@example.com,
6419,Customer_6419,CAIRO,cust6418@example.com,0103475030
6420,Customer_6420,Cairo,,0109274118
6421,Customer_6421,Cairo,cust6420@example.com,0114997831
6422,Customer_6422,CAIRO,cust6421@example.com,0109217049
6423,Customer_6423,EGYPT,cust6422@example.com,0128198044
6424,Customer_6424,CAIRO,cust6423@example.com,0104528903
6425,Customer_6425,giza,cust6424@example.com,0101486369
6426,Customer_6426,giza,cust6425@example.com,0107889709
6427,Customer_6427,CAIRO,cust6426@example.com,0123216154
6428,Customer_6428,CAIRO,cust6427@example.com,0104354340
6429,Customer_6429,EGYPT,,0126180345
6430,Customer_6430,cairo,cust6429@example.com,0127173117
6431,Customer_6431,Alexandria,cust6430@example.com,0113280179
6432,Customer_6432,alex,cust6431@example.com,0102248524
6433,Customer_6433,giza,cust6432@example.com,0124482767
6434,Customer_6434,Alexandria,cust6433@example.com,0127253695
6435,Customer_6435,CAIRO,,0117754469
6436,Customer_6436,EGYPT,,
6437,Customer_6437,Egypt,cust6436@example.com,0105672314
6438,Customer_6438,EGYPT,cust6437@example.com,0101574487
6439,Customer_6439,Giza,cust6438@example.com,0103882834
6440,Customer_6440,Giza,cust6439@example.com,0123728141
6441,Customer_6441,Alexandria,cust6440@example.com,0125985360
6442,Customer_6442,Cairo,cust6441@example.com,0103589875
6443,Customer_6443,Giza,cust6442@example.com,
6444,Customer_6444,Giza,cust6443@example.com,0111191753
6445,Customer_6445,cairo,,0118369245
6446,Customer_6446,Egypt,cust6445@example.com,0112053733
6447,Customer_6447,cairo,cust6446@example.com,
6448,Customer_6448,Egypt,cust6447@example.com,0109023450
6449,Customer_6449,alex,cust6448@example.com,0113889461
6450,Customer_6450,giza,cust6449@example.com,0103037375
6451,Customer_6451,Giza,cust6450@example.com,0129819899
6452,Customer_6452,giza,cust6451@example.com,0101018394
6453,Customer_6453,Giza,cust6452@example.com,0113632575
6454,Customer_6454,cairo,cust6453@example.com,0114385044
6455,Customer_6455,alex,cust6454@example.com,0103823389
6456,Customer_6456,cairo,cust6455@example.com,0102806293
6457,Customer_6457,cairo,cust6456@example.com,0106157620
6458,Customer_6458,Egypt,cust6457@example.com,0129275512
6459,Customer_6459,Cairo,cust6458@example.com,0114713224
6460,Customer_6460,EGYPT,cust6459@example.com,0105824227
6461,Customer_6461,Alexandria,cust6460@example.com,0123509635
6462,Customer_6462,giza,cust6461@example.com,0118649905
6463,Customer_6463,Giza,cust6462@example.com,0118164324
6464,Customer_6464,cairo,cust6463@example.com,0129657688
6465,Customer_6465,Cairo,cust6464@example.com,
6466,Customer_6466,cairo,cust6465@example.com,0109710736
6467,Customer_6467,alex,cust6466@example.com,0118076109
6468,Customer_6468,Egypt,cust6467@example.com,0114598697
6469,Customer_6469,EGYPT,cust6468@example.com,0109888467
6470,Customer_6470,alex,,
6471,Customer_6471,CAIRO,cust6470@example.com,0101801035
6472,Customer_6472,cairo,cust6471@example.com,0111937899
6473,Customer_6473,alex,cust6472@example.com,0126987900
6474,Customer_6474,EGYPT,cust6473@example.com,0116058710
6475,Customer_6475,Cairo,cust6474@example.com,0123393010
6476,Customer_6476,Cairo,cust6475@example.com,0125425588
6477,Customer_6477,giza,cust6476@example.com,0114347807
6478,Customer_6478,EGYPT,cust6477@example.com,0125595371
6479,Customer_6479,Cairo,cust6478@example.com,0128417294
6480,Customer_6480,alex,cust6479@example.com,0127457401
6481,Customer_6481,giza,cust6480@example.com,0112873850
6482,Customer_6482,Cairo,cust6481@example.com,0116530403
6483,Customer_6483,Egypt,cust6482@example.com,0113353224
6484,Customer_6484,CAIRO,cust6483@example.com,
6485,Customer_6485,EGYPT,cust6484@example.com,0108865903
6486,Customer_6486,alex,cust6485@example.com,
6487,Customer_6487,Giza,cust6486@example.com,0126629074
6488,Customer_6488,cairo,cust6487@example.com,0122502755
6489,Customer_6489,alex,cust6488@example.com,
6490,Customer_6490,Cairo,cust6489@example.com,0121352149
6491,Customer_6491,alex,cust6490@example.com,0107838313
6492,Customer_6492,Giza,cust6491@example.com,0102443564
6493,Customer_6493,cairo,cust6492@example.com,0118853233
6494,Customer_6494,giza,cust6493@example.com,
6495,Customer_6495,Cairo,cust6494@example.com,0109954399
6496,Customer_6496,Alexandria,cust6495@example.com,
6497,Customer_6497,Cairo,cust6496@example.com,0116621934
6498,Customer_6498,CAIRO,cust6497@example.com,
6499,Customer_6499,Alexandria,cust6498@example.com,0105333438
6500,Customer_6500,CAIRO,cust6499@example.com,0125513085
6501,Customer_6501,Giza,cust6500@example.com,
6502,Customer_6502,EGYPT,cust6501@example.com,0101888339
6503,Customer_6503,cairo,cust6502@example.com,0107458649
6504,Customer_6504,Egypt,cust6503@example.com,0121575243
6505,Customer_6505,giza,cust6504@example.com,0125451222
6506,Customer_6506,Egypt,,0105568175
6507,Customer_6507,Giza,cust6506@example.com,0118952940
6508,Customer_6508,EGYPT,,0119947648
6509,Customer_6509,Cairo,cust6508@example.com,0129466856
6510,Customer_6510,alex,cust6509@example.com,0112943934
6511,Customer_6511,CAIRO,cust6510@example.com,0118633455
6512,Customer_6512,Giza,cust6511@example.com,0107737072
6513,Customer_6513,CAIRO,cust6512@example.com,
6514,Customer_6514,Cairo,cust6513@example.com,0126046198
6515,Customer_6515,EGYPT,cust6514@example.com,
6516,Customer_6516,cairo,cust6515@example.com,0108877637
6517,Customer_6517,Egypt,cust6516@example.com,0104133991
6518,Customer_6518,Cairo,cust6517@example.com,0119042380
6519,Customer_6519,giza,cust6518@example.com,0122655045
6520,Customer_6520,Alexandria,cust6519@example.com,
6521,Customer_6521,Giza,cust6520@example.com,
6522,Customer_6522,Egypt,cust6521@example.com,0129768843
6523,Customer_6523,giza,cust6522@example.com,0103483572
6524,Customer_6524,cairo,cust6523@example.com,0108409204
6525,Customer_6525,giza,cust6524@example.com,0107280756
6526,Customer_6526,EGYPT,,
6527,Customer_6527,Alexandria,cust6526@example.com,0115744532
6528,Customer_6528,CAIRO,cust6527@example.com,0118707151
6529,Customer_6529,Egypt,cust6528@example.com,0127123069
6530,Customer_6530,Alexandria,cust6529@example.com,0101944500
6531,Customer_6531,alex,cust6530@example.com,
6532,Customer_6532,Cairo,cust6531@example.com,0124235750
6533,Customer_6533,alex,cust6532@example.com,0114605927
6534,Customer_6534,Cairo,cust6533@example.com,0112192017
6535,Customer_6535,EGYPT,cust6534@example.com,0117861121
6536,Customer_6536,Alexandria,cust6535@example.com,0116096554
6537,Customer_6537,cairo,cust6536@example.com,0127628399
6538,Customer_6538,giza,cust6537@example.com,0108127286
6539,Customer_6539,Alexandria,cust6538@example.com,0104297623
6540,Customer_6540,alex,cust6539@example.com,0106714255
6541,Customer_6541,Giza,cust6540@example.com,0124790116
6542,Customer_6542,Cairo,cust6541@example.com,
6543,Customer_6543,Giza,cust6542@example.com,0105226078
6544,Customer_6544,Egypt,cust6543@example.com,0109631500
6545,Customer_6545,Giza,,0128807540
6546,Customer_6546,Alexandria,cust6545@example.com,0104513735
6547,Customer_6547,giza,cust6546@example.com,0114918477
6548,Customer_6548,Egypt,cust6547@example.com,
6549,Customer_6549,cairo,cust6548@example.com,0112212618
6550,Customer_6550,cairo,cust6549@example.com,0118820070
6551,Customer_6551,EGYPT,cust6550@example.com,0108165656
6552,Customer_6552,giza,cust6551@example.com,0123643384
6553,Customer_6553,CAIRO,cust6552@example.com,0125997449
6554,Customer_6554,Giza,cust6553@example.com,0123102434
6555,Customer_6555,Egypt,,0114079099
6556,Customer_6556,Alexandria,cust6555@example.com,0114306311
6557,Customer_6557,Alexandria,cust6556@example.com,0113144617
6558,Customer_6558,CAIRO,cust6557@example.com,0124572905
6559,Customer_6559,EGYPT,cust6558@example.com,0129247179
6560,Customer_6560,CAIRO,cust6559@example.com,0111385860
6561,Customer_6561,Cairo,cust6560@example.com,0129389800
6562,Customer_6562,alex,cust6561@example.com,
6563,Customer_6563,Egypt,cust6562@example.com,0123751306
6564,Customer_6564,alex,cust6563@example.com,0103445279
6565,Customer_6565,CAIRO,cust6564@example.com,
6566,Customer_6566,EGYPT,cust6565@example.com,0101397179
6567,Customer_6567,EGYPT,cust6566@example.com,0126471598
6568,Customer_6568,cairo,cust6567@example.com,0129343437
6569,Customer_6569,cairo,cust6568@example.com,
6570,Customer_6570,Egypt,cust6569@example.com,0128515132
6571,Customer_6571,Egypt,,0102062962
6572,Customer_6572,Egypt,cust6571@example.com,0121299741
6573,Customer_6573,Alexandria,cust6572@example.com,0115234317
6574,Customer_6574,cairo,cust6573@example.com,0103343881
6575,Customer_6575,Alexandria,cust6574@example.com,0116403436
6576,Customer_6576,alex,cust6575@example.com,0119104916
6577,Customer_6577,CAIRO,cust6576@example.com,0122773646
6578,Customer_6578,Giza,cust6577@example.com,0125332347
6579,Customer_6579,cairo,cust6578@example.com,0105906148
6580,Customer_6580,Giza,cust6579@example.com,0109869719
6581,Customer_6581,EGYPT,cust6580@example.com,0122902692
6582,Customer_6582,cairo,cust6581@example.com,
6583,Customer_6583,alex,cust6582@example.com,
6584,Customer_6584,cairo,cust6583@example.com,0108831802
6585,Customer_6585,Alexandria,,0115439251
6586,Customer_6586,CAIRO,cust6585@example.com,0111375910
6587,Customer_6587,giza,,0122220827
6588,Customer_6588,CAIRO,cust6587@example.com,0108378556
6589,Customer_6589,CAIRO,cust6588@example.com,0114697984
6590,Customer_6590,EGYPT,cust6589@example.com,0125586672
6591,Customer_6591,alex,cust6590@example.com,0121862515
6592,Customer_6592,Giza,cust6591@example.com,
6593,Customer_6593,alex,cust6592@example.com,0111310783
6594,Customer_6594,giza,cust6593@example.com,0119570566
6595,Customer_6595,EGYPT,cust6594@example.com,
6596,Customer_6596,CAIRO,cust6595@example.com,0109982878
6597,Customer_6597,Alexandria,cust6596@example.com,
6598,Customer_6598,EGYPT,cust6597@example.com,
6599,Customer_6599,Egypt,cust6598@example.com,0104187770
6600,Customer_6600,cairo,cust6599@example.com,0106932273
6601,Customer_6601,alex,,0106773905
6602,Customer_6602,EGYPT,cust6601@example.com,0118767320
6603,Customer_6603,Egypt,cust6602@example.com,0109562820
6604,Customer_6604,Giza,cust6603@example.com,0119716930
6605,Customer_6605,giza,cust6604@example.com,0123375201
6606,Customer_6606,giza,cust6605@example.com,
6607,Customer_6607,CAIRO,cust6606@example.com,
6608,Customer_6608,CAIRO,cust6607@example.com,0104511946
6609,Customer_6609,EGYPT,cust6608@example.com,0116372758
6610,Customer_6610,EGYPT,cust6609@example.com,0125977473
6611,Customer_6611,cairo,cust6610@example.com,0113775740
6612,Customer_6612,Cairo,cust6611@example.com,0116750671
6613,Customer_6613,Giza,cust6612@example.com,0127153285
6614,Customer_6614,CAIRO,cust6613@example.com,
6615,Customer_6615,Cairo,cust6614@example.com,
6616,Customer_6616,Cairo,cust6615@example.com,0112791791
6617,Customer_6617,cairo,cust6616@example.com,0104798560
6618,Customer_6618,Alexandria,cust6617@example.com,0123359769
6619,Customer_6619,Alexandria,cust6618@example.com,0122074987
6620,Customer_6620,CAIRO,,
6621,Customer_6621,Egypt,cust6620@example.com,0114830931
6622,Customer_6622,cairo,cust6621@example.com,0128294630
6623,Customer_6623,cairo,cust6622@example.com,
6624,Customer_6624,alex,cust6623@example.com,0118949150
6625,Customer_6625,Cairo,cust6624@example.com,0126509422
6626,Customer_6626,alex,,0128014655
6627,Customer_6627,Cairo,cust6626@example.com,0116745337
6628,Customer_6628,Alexandria,cust6627@example.com,0116880899
6629,Customer_6629,CAIRO,cust6628@example.com,
6630,Customer_6630,Giza,cust6629@example.com,0118922402
6631,Customer_6631,Alexandria,cust6630@example.com,0105449695
6632,Customer_6632,cairo,,0129319278
6633,Customer_6633,Giza,cust6632@example.com,0106209517
6634,Customer_6634,EGYPT,,0118575135
6635,Customer_6635,Giza,cust6634@example.com,0123613093
6636,Customer_6636,Giza,cust6635@example.com,0116133073
6637,Customer_6637,Alexandria,cust6636@example.com,0116443723
6638,Customer_6638,cairo,cust6637@example.com,
6639,Customer_6639,Giza,cust6638@example.com,0123900483
6640,Customer_6640,Alexandria,,0122644054
6641,Customer_6641,Alexandria,cust6640@example.com,0127292629
6642,Customer_6642,Giza,cust6641@example.com,
6643,Customer_6643,Cairo,cust6642@example.com,0106899682
6644,Customer_6644,cairo,cust6643@example.com,
6645,Customer_6645,giza,cust6644@example.com,0123209228
6646,Customer_6646,Giza,cust6645@example.com,0127799074
6647,Customer_6647,alex,cust6646@example.com,0126187573
6648,Customer_6648,alex,cust6647@example.com,0129838153
6649,Customer_6649,EGYPT,cust6648@example.com,0102226434
6650,Customer_6650,cairo,cust6649@example.com,0103537129
6651,Customer_6651,Alexandria,cust6650@example.com,0115752433
6652,Customer_6652,CAIRO,cust6651@example.com,0121320196
6653,Customer_6653,Egypt,cust6652@example.com,0102847103
6654,Customer_6654,cairo,cust6653@example.com,0115828931
6655,Customer_6655,cairo,cust6654@example.com,0103795354
6656,Customer_6656,Giza,cust6655@example.com,0109912861
6657,Customer_6657,Giza,cust6656@example.com,0106095562
6658,Customer_6658,Alexandria,cust6657@example.com,
6659,Customer_6659,EGYPT,cust6658@example.com,0121805033
6660,Customer_6660,Giza,cust6659@example.com,0113848306
6661,Customer_6661,Egypt,cust6660@example.com,0104147614
6662,Customer_6662,Egypt,cust6661@example.com,
6663,Customer_6663,EGYPT,cust6662@example.com,0112030238
6664,Customer_6664,Cairo,cust6663@example.com,0102767646
6665,Customer_6665,Cairo,cust6664@example.com,0102944018
6666,Customer_6666,cairo,cust6665@example.com,0104051513
6667,Customer_6667,Giza,cust6666@example.com,0117531331
6668,Customer_6668,alex,cust6667@example.com,0108207688
6669,Customer_6669,giza,cust6668@example.com,0102024989
6670,Customer_6670,EGYPT,cust6669@example.com,0107201758
6671,Customer_6671,cairo,cust6670@example.com,0125409737
6672,Customer_6672,alex,cust6671@example.com,0114654221
6673,Customer_6673,Giza,cust6672@example.com,0104016242
6674,Customer_6674,alex,cust6673@example.com,0105485540
6675,Customer_6675,alex,cust6674@example.com,0117997184
6676,Customer_6676,EGYPT,cust6675@example.com,
6677,Customer_6677,cairo,,0106019875
6678,Customer_6678,Alexandria,cust6677@example.com,0104944027
6679,Customer_6679,Egypt,cust6678@example.com,0123398477
6680,Customer_6680,cairo,,0117625248
6681,Customer_6681,giza,cust6680@example.com,
6682,Customer_6682,alex,,0109465808
6683,Customer_6683,Alexandria,cust6682@example.com,0105839728
6684,Customer_6684,EGYPT,cust6683@example.com,0125472183
6685,Customer_6685,CAIRO,cust6684@example.com,0122357174
6686,Customer_6686,Egypt,cust6685@example.com,0121313306
6687,Customer_6687,CAIRO,cust6686@example.com,0108007066
6688,Customer_6688,Giza,,0113400011
6689,Customer_6689,CAIRO,,0113233081
6690,Customer_6690,alex,cust6689@example.com,0108625262
6691,Customer_6691,alex,cust6690@example.com,0116251114
6692,Customer_6692,alex,cust6691@example.com,0114179559
6693,Customer_6693,alex,cust6692@example.com,
6694,Customer_6694,cairo,cust6693@example.com,0129288009
6695,Customer_6695,CAIRO,cust6694@example.com,
6696,Customer_6696,giza,cust6695@example.com,0126039958
6697,Customer_6697,CAIRO,cust6696@example.com,
6698,Customer_6698,cairo,,0118802830
6699,Customer_6699,giza,cust6698@example.com,0114193584
6700,Customer_6700,giza,cust6699@example.com,0111268093
6701,Customer_6701,Egypt,cust6700@example.com,0104307201
6702,Customer_6702,giza,cust6701@example.com,
6703,Customer_6703,CAIRO,cust6702@example.com,0121664452
6704,Customer_6704,alex,cust6703@example.com,0115135405
6705,Customer_6705,alex,cust6704@example.com,0102712089
6706,Customer_6706,Giza,cust6705@example.com,0104159518
6707,Customer_6707,Egypt,cust6706@example.com,0109149622
6708,Customer_6708,CAIRO,,0123920473
6709,Customer_6709,CAIRO,cust6708@example.com,0119240573
6710,Customer_6710,EGYPT,cust6709@example.com,0107121205
6711,Customer_6711,Cairo,cust6710@example.com,
6712,Customer_6712,CAIRO,cust6711@example.com,0117930235
6713,Customer_6713,Alexandria,cust6712@example.com,0105844296
6714,Customer_6714,CAIRO,cust6713@example.com,0125997011
6715,Customer_6715,EGYPT,cust6714@example.com,0119020432
6716,Customer_6716,giza,cust6715@example.com,0119135328
6717,Customer_6717,cairo,cust6716@example.com,0129003702
6718,Customer_6718,cairo,cust6717@example.com,0111236590
6719,Customer_6719,Alexandria,cust6718@example.com,
6720,Customer_6720,Alexandria,cust6719@example.com,0105380484
6721,Customer_6721,Giza,cust6720@example.com,0105595372
6722,Customer_6722,cairo,cust6721@example.com,0105959522
6723,Customer_6723,giza,cust6722@example.com,
6724,Customer_6724,cairo,cust6723@example.com,0104625845
6725,Customer_6725,Cairo,cust6724@example.com,0113415437
6726,Customer_6726,cairo,cust6725@example.com,0119930921
6727,Customer_6727,alex,cust6726@example.com,0125409814
6728,Customer_6728,Giza,cust6727@example.com,0112876088
6729,Customer_6729,EGYPT,cust6728@example.com,0117913933
6730,Customer_6730,Alexandria,cust6729@example.com,0107569605
6731,Customer_6731,Cairo,cust6730@example.com,
6732,Customer_6732,Alexandria,cust6731@example.com,0108376482
6733,Customer_6733,Giza,cust6732@example.com,
6734,Customer_6734,CAIRO,cust6733@example.com,0123234663
6735,Customer_6735,Cairo,cust6734@example.com,0122448379
6736,Customer_6736,Egypt,cust6735@example.com,
6737,Customer_6737,Cairo,cust6736@example.com,0113790960
6738,Customer_6738,Giza,cust6737@example.com,0116349671
6739,Customer_6739,EGYPT,cust6738@example.com,
6740,Customer_6740,Cairo,cust6739@example.com,0112156515
6741,Customer_6741,Giza,,0126274508
6742,Customer_6742,giza,,
6743,Customer_6743,cairo,cust6742@example.com,
6744,Customer_6744,giza,cust6743@example.com,0125671181
6745,Customer_6745,Giza,cust6744@example.com,0117422519
6746,Customer_6746,alex,cust6745@example.com,
6747,Customer_6747,CAIRO,cust6746@example.com,0121563187
6748,Customer_6748,cairo,cust6747@example.com,0101934537
6749,Customer_6749,alex,cust6748@example.com,0118603348
6750,Customer_6750,EGYPT,cust6749@example.com,0109774132
6751,Customer_6751,Alexandria,cust6750@example.com,0125111854
6752,Customer_6752,Egypt,cust6751@example.com,0103145240
6753,Customer_6753,cairo,cust6752@example.com,0101281850
6754,Customer_6754,giza,,
6755,Customer_6755,CAIRO,cust6754@example.com,0117749579
6756,Customer_6756,alex,cust6755@example.com,0102459211
6757,Customer_6757,Giza,cust6756@example.com,0105451210
6758,Customer_6758,cairo,cust6757@example.com,0111319688
6759,Customer_6759,Alexandria,cust6758@example.com,0101209027
6760,Customer_6760,Giza,cust6759@example.com,0123069903
6761,Customer_6761,alex,cust6760@example.com,0112368384
6762,Customer_6762,CAIRO,,0115294162
6763,Customer_6763,Cairo,cust6762@example.com,0129586997
6764,Customer_6764,Alexandria,cust6763@example.com,0104831337
6765,Customer_6765,Giza,cust6764@example.com,0117466688
6766,Customer_6766,Alexandria,,0123514722
6767,Customer_6767,EGYPT,cust6766@example.com,
6768,Customer_6768,Giza,cust6767@example.com,0104278849
6769,Customer_6769,cairo,cust6768@example.com,0126783421
6770,Customer_6770,Cairo,cust6769@example.com,0103492700
6771,Customer_6771,Cairo,cust6770@example.com,0113142218
6772,Customer_6772,Egypt,cust6771@example.com,0124257390
6773,Customer_6773,Alexandria,cust6772@example.com,0104574653
6774,Customer_6774,giza,cust6773@example.com,0118556329
6775,Customer_6775,Cairo,cust6774@example.com,0121485501
6776,Customer_6776,Cairo,,0105361647
6777,Customer_6777,EGYPT,cust6776@example.com,
6778,Customer_6778,EGYPT,cust6777@example.com,0116903809
6779,Customer_6779,EGYPT,cust6778@example.com,0125927706
6780,Customer_6780,Alexandria,cust6779@example.com,0106862119
6781,Customer_6781,Giza,cust6780@example.com,0117393715
6782,Customer_6782,CAIRO,,0119913739
6783,Customer_6783,giza,cust6782@example.com,
6784,Customer_6784,Cairo,cust6783@example.com,0129561365
6785,Customer_6785,Egypt,cust6784@example.com,0111396332
6786,Customer_6786,giza,cust6785@example.com,
6787,Customer_6787,Giza,cust6786@example.com,0115754855
6788,Customer_6788,giza,cust6787@example.com,0114713866
6789,Customer_6789,Cairo,cust6788@example.com,0101532572
6790,Customer_6790,giza,cust6789@example.com,
6791,Customer_6791,CAIRO,cust6790@example.com,0122751164
6792,Customer_6792,giza,cust6791@example.com,0114080218
6793,Customer_6793,Cairo,cust6792@example.com,0108111107
6794,Customer_6794,Cairo,cust6793@example.com,0104693493
6795,Customer_6795,giza,cust6794@example.com,0127220551
6796,Customer_6796,Alexandria,cust6795@example.com,0122589135
6797,Customer_6797,Egypt,cust6796@example.com,0104692121
6798,Customer_6798,alex,cust6797@example.com,0104273924
6799,Customer_6799,EGYPT,,0115305775
6800,Customer_6800,alex,cust6799@example.com,0129208645
6801,Customer_6801,Giza,cust6800@example.com,0118990452
6802,Customer_6802,Giza,cust6801@example.com,0128768332
6803,Customer_6803,Cairo,cust6802@example.com,0129892152
6804,Customer_6804,Giza,cust6803@example.com,0127880767
6805,Customer_6805,Alexandria,cust6804@example.com,0128542185
6806,Customer_6806,Egypt,cust6805@example.com,0105832522
6807,Customer_6807,Giza,cust6806@example.com,0126812459
6808,Customer_6808,CAIRO,cust6807@example.com,0117549585
6809,Customer_6809,Egypt,cust6808@example.com,0111023483
6810,Customer_6810,Alexandria,cust6809@example.com,0122071471
6811,Customer_6811,alex,cust6810@example.com,0103049374
6812,Customer_6812,Egypt,cust6811@example.com,0111294776
6813,Customer_6813,Egypt,cust6812@example.com,0101412452
6814,Customer_6814,alex,cust6813@example.com,0109808337
6815,Customer_6815,Alexandria,cust6814@example.com,
6816,Customer_6816,Giza,cust6815@example.com,0125013873
6817,Customer_6817,Cairo,cust6816@example.com,0114269598
6818,Customer_6818,alex,cust6817@example.com,0115623844
6819,Customer_6819,alex,cust6818@example.com,0107728877
6820,Customer_6820,alex,,0119190636
6821,Customer_6821,alex,cust6820@example.com,0124985456
6822,Customer_6822,Giza,cust6821@example.com,0112160626
6823,Customer_6823,giza,cust6822@example.com,0116644742
6824,Customer_6824,giza,cust6823@example.com,0129575529
6825,Customer_6825,cairo,cust6824@example.com,
6826,Customer_6826,alex,cust6825@example.com,
6827,Customer_6827,alex,cust6826@example.com,0101152162
6828,Customer_6828,Egypt,cust6827@example.com,
6829,Customer_6829,giza,cust6828@example.com,0119174261
6830,Customer_6830,Giza,,0113291201
6831,Customer_6831,Cairo,cust6830@example.com,0114459179
6832,Customer_6832,cairo,cust6831@example.com,0117162029
6833,Customer_6833,cairo,cust6832@example.com,0113006609
6834,Customer_6834,Giza,cust6833@example.com,0128798082
6835,Customer_6835,Cairo,cust6834@example.com,0102068960
6836,Customer_6836,Egypt,cust6835@example.com,0111485741
6837,Customer_6837,EGYPT,cust6836@example.com,0104422801
6838,Customer_6838,giza,,0125879705
6839,Customer_6839,alex,,0129784825
6840,Customer_6840,Giza,cust6839@example.com,0118663803
6841,Customer_6841,giza,cust6840@example.com,0128066660
6842,Customer_6842,alex,cust6841@example.com,
6843,Customer_6843,EGYPT,cust6842@example.com,0108488348
6844,Customer_6844,EGYPT,cust6843@example.com,
6845,Customer_6845,Alexandria,cust6844@example.com,0121663882
6846,Customer_6846,EGYPT,cust6845@example.com,
6847,Customer_6847,giza,cust6846@example.com,0115906531
6848,Customer_6848,CAIRO,,0106517606
6849,Customer_6849,CAIRO,cust6848@example.com,0103044205
6850,Customer_6850,alex,cust6849@example.com,0117916459
6851,Customer_6851,alex,cust6850@example.com,0119953714
6852,Customer_6852,Alexandria,,
6853,Customer_6853,CAIRO,cust6852@example.com,0115689823
6854,Customer_6854,alex,cust6853@example.com,0125848726
6855,Customer_6855,EGYPT,cust6854@example.com,0108390269
6856,Customer_6856,alex,cust6855@example.com,0105634789
6857,Customer_6857,cairo,,0112621274
6858,Customer_6858,Alexandria,cust6857@example.com,0127824532
6859,Customer_6859,Giza,,0121884528
6860,Customer_6860,Cairo,cust6859@example.com,0115228331
6861,Customer_6861,Egypt,cust6860@example.com,0114606716
6862,Customer_6862,Cairo,cust6861@example.com,0105777441
6863,Customer_6863,Cairo,cust6862@example.com,0107267697
6864,Customer_6864,Giza,cust6863@example.com,0103476562
6865,Customer_6865,alex,cust6864@example.com,0104934613
6866,Customer_6866,Cairo,cust6865@example.com,
6867,Customer_6867,cairo,cust6866@example.com,0105044199
6868,Customer_6868,Egypt,cust6867@example.com,0102641666
6869,Customer_6869,Cairo,,0124802233
6870,Customer_6870,CAIRO,cust6869@example.com,0129228621
6871,Customer_6871,Giza,,0124588197
6872,Customer_6872,Giza,cust6871@example.com,0129085398
6873,Customer_6873,Giza,cust6872@example.com,0107169965
6874,Customer_6874,Alexandria,cust6873@example.com,0117955069
6875,Customer_6875,Alexandria,cust6874@example.com,0123522066
6876,Customer_6876,EGYPT,cust6875@example.com,0108896732
6877,Customer_6877,giza,cust6876@example.com,0103763470
6878,Customer_6878,Egypt,cust6877@example.com,0123031379
6879,Customer_6879,alex,cust6878@example.com,0116041103
6880,Customer_6880,Cairo,cust6879@example.com,0114782056
6881,Customer_6881,giza,cust6880@example.com,0117658295
6882,Customer_6882,alex,cust6881@example.com,0123794886
6883,Customer_6883,giza,cust6882@example.com,0124240883
6884,Customer_6884,alex,cust6883@example.com,0112749446
6885,Customer_6885,cairo,cust6884@example.com,0101013464
6886,Customer_6886,Alexandria,cust6885@example.com,0111099515
6887,Customer_6887,Egypt,cust6886@example.com,0126138678
6888,Customer_6888,CAIRO,cust6887@example.com,0101396022
6889,Customer_6889,cairo,cust6888@example.com,0108336327
6890,Customer_6890,Alexandria,,
6891,Customer_6891,Giza,cust6890@example.com,0114014140
6892,Customer_6892,Alexandria,cust6891@example.com,0124172748
6893,Customer_6893,giza,cust6892@example.com,0104946003
6894,Customer_6894,EGYPT,,0118256537
6895,Customer_6895,cairo,cust6894@example.com,0103396584
6896,Customer_6896,Giza,cust6895@example.com,0117163489
6897,Customer_6897,giza,cust6896@example.com,0116641969
6898,Customer_6898,Egypt,cust6897@example.com,0111139633
6899,Customer_6899,Alexandria,,0117106473
6900,Customer_6900,Giza,cust6899@example.com,
6901,Customer_6901,giza,cust6900@example.com,0124837227
6902,Customer_6902,EGYPT,cust6901@example.com,0104921691
6903,Customer_6903,Alexandria,cust6902@example.com,0126121114
6904,Customer_6904,Egypt,cust6903@example.com,0113516507
6905,Customer_6905,EGYPT,cust6904@example.com,0112057827
6906,Customer_6906,alex,cust6905@example.com,
6907,Customer_6907,giza,cust6906@example.com,0129312681
6908,Customer_6908,Alexandria,cust6907@example.com,0116756175
6909,Customer_6909,Alexandria,cust6908@example.com,0123111820
6910,Customer_6910,Giza,,
6911,Customer_6911,Egypt,cust6910@example.com,
6912,Customer_6912,CAIRO,cust6911@example.com,0105811787
6913,Customer_6913,alex,cust6912@example.com,0124374720
6914,Customer_6914,EGYPT,cust6913@example.com,0104970945
6915,Customer_6915,cairo,cust6914@example.com,0101337263
6916,Customer_6916,cairo,,0124141718
6917,Customer_6917,Alexandria,cust6916@example.com,0106548024
6918,Customer_6918,Giza,cust6917@example.com,0115375923
6919,Customer_6919,Cairo,cust6918@example.com,0116898915
6920,Customer_6920,Alexandria,cust6919@example.com,0104233600
6921,Customer_6921,cairo,cust6920@example.com,0101877257
6922,Customer_6922,cairo,cust6921@example.com,
6923,Customer_6923,alex,cust6922@example.com,0103574817
6924,Customer_6924,Cairo,cust6923@example.com,0111589465
6925,Customer_6925,Alexandria,,
6926,Customer_6926,alex,cust6925@example.com,0119818768
6927,Customer_6927,Giza,cust6926@example.com,
6928,Customer_6928,alex,cust6927@example.com,
6929,Customer_6929,Alexandria,cust6928@example.com,0109776688
6930,Customer_6930,giza,cust6929@example.com,0128985948
6931,Customer_6931,CAIRO,cust6930@example.com,0114361574
6932,Customer_6932,Alexandria,cust6931@example.com,
6933,Customer_6933,Egypt,cust6932@example.com,
6934,Customer_6934,cairo,cust6933@example.com,
6935,Customer_6935,Cairo,cust6934@example.com,0122128880
6936,Customer_6936,Cairo,cust6935@example.com,0127278287
6937,Customer_6937,CAIRO,cust6936@example.com,
6938,Customer_6938,Egypt,cust6937@example.com,0114223450
6939,Customer_6939,cairo,cust6938@example.com,0124459259
6940,Customer_6940,Cairo,cust6939@example.com,0103230011
6941,Customer_6941,Egypt,cust6940@example.com,0129670079
6942,Customer_6942,alex,cust6941@example.com,0114077648
6943,Customer_6943,Alexandria,cust6942@example.com,
6944,Customer_6944,Alexandria,cust6943@example.com,0104733457
6945,Customer_6945,giza,cust6944@example.com,0108276015
6946,Customer_6946,cairo,cust6945@example.com,0111474739
6947,Customer_6947,Egypt,cust6946@example.com,0115647640
6948,Customer_6948,EGYPT,cust6947@example.com,0125954076
6949,Customer_6949,Cairo,cust6948@example.com,0128653588
6950,Customer_6950,Giza,cust6949@example.com,0105087108
6951,Customer_6951,Giza,cust6950@example.com,0112222404
6952,Customer_6952,Alexandria,cust6951@example.com,0104182350
6953,Customer_6953,EGYPT,cust6952@example.com,0104892443
6954,Customer_6954,Giza,cust6953@example.com,0122361062
6955,Customer_6955,CAIRO,cust6954@example.com,0126507922
6956,Customer_6956,CAIRO,cust6955@example.com,0102318287
6957,Customer_6957,cairo,cust6956@example.com,0105190596
6958,Customer_6958,EGYPT,cust6957@example.com,0121296897
6959,Customer_6959,CAIRO,cust6958@example.com,0113982456
6960,Customer_6960,CAIRO,cust6959@example.com,0116404610
6961,Customer_6961,Alexandria,cust6960@example.com,0116983909
6962,Customer_6962,Giza,cust6961@example.com,0123522358
6963,Customer_6963,cairo,cust6962@example.com,0122183105
6964,Customer_6964,Egypt,cust6963@example.com,0124298382
6965,Customer_6965,alex,cust6964@example.com,0119797881
6966,Customer_6966,Cairo,cust6965@example.com,0101396858
6967,Customer_6967,Cairo,cust6966@example.com,
6968,Customer_6968,alex,cust6967@example.com,
6969,Customer_6969,alex,cust6968@example.com,0125987116
6970,Customer_6970,Cairo,cust6969@example.com,
6971,Customer_6971,Cairo,cust6970@example.com,0128154603
6972,Customer_6972,Egypt,cust6971@example.com,0103175729
6973,Customer_6973,EGYPT,cust6972@example.com,0118932121
6974,Customer_6974,EGYPT,cust6973@example.com,0113936527
6975,Customer_6975,Egypt,,0104683899
6976,Customer_6976,Giza,cust6975@example.com,0124119963
6977,Customer_6977,alex,cust6976@example.com,
6978,Customer_6978,giza,cust6977@example.com,0122670460
6979,Customer_6979,alex,cust6978@example.com,0109642515
6980,Customer_6980,Cairo,cust6979@example.com,0129135912
6981,Customer_6981,alex,cust6980@example.com,0112288510
6982,Customer_6982,Cairo,cust6981@example.com,0126779831
6983,Customer_6983,alex,cust6982@example.com,0119342042
6984,Customer_6984,Giza,cust6983@example.com,0116868592
6985,Customer_6985,giza,,0101137873
6986,Customer_6986,CAIRO,cust6985@example.com,
6987,Customer_6987,Egypt,cust6986@example.com,0129839491
6988,Customer_6988,Egypt,cust6987@example.com,0118528360
6989,Customer_6989,giza,cust6988@example.com,
6990,Customer_6990,alex,cust6989@example.com,0101620417
6991,Customer_6991,CAIRO,cust6990@example.com,0126038281
6992,Customer_6992,EGYPT,cust6991@example.com,0118177648
6993,Customer_6993,alex,cust6992@example.com,
6994,Customer_6994,Giza,cust6993@example.com,0126932954
6995,Customer_6995,Cairo,cust6994@example.com,0128668772
6996,Customer_6996,cairo,cust6995@example.com,0115164159
6997,Customer_6997,alex,,0104975852
6998,Customer_6998,cairo,cust6997@example.com,0112143966
6999,Customer_6999,alex,cust6998@example.com,0109351505
7000,Customer_7000,giza,cust6999@example.com,0111610607
7001,Customer_7001,cairo,,
7002,Customer_7002,alex,cust7001@example.com,0115433345
7003,Customer_7003,Egypt,cust7002@example.com,0101148835
7004,Customer_7004,cairo,cust7003@example.com,0112614615
7005,Customer_7005,alex,cust7004@example.com,
7006,Customer_7006,EGYPT,cust7005@example.com,0105711859
7007,Customer_7007,Cairo,cust7006@example.com,0123679225
7008,Customer_7008,EGYPT,cust7007@example.com,0112657091
7009,Customer_7009,CAIRO,cust7008@example.com,0127944914
7010,Customer_7010,alex,cust7009@example.com,
7011,Customer_7011,Alexandria,cust7010@example.com,0119810821
7012,Customer_7012,Giza,,0114194024
7013,Customer_7013,EGYPT,cust7012@example.com,0127424609
7014,Customer_7014,cairo,cust7013@example.com,0118554660
7015,Customer_7015,giza,cust7014@example.com,0122640706
7016,Customer_7016,Giza,,0101987131
7017,Customer_7017,Alexandria,cust7016@example.com,0115217393
7018,Customer_7018,alex,cust7017@example.com,
7019,Customer_7019,giza,cust7018@example.com,
7020,Customer_7020,alex,cust7019@example.com,0112118964
7021,Customer_7021,CAIRO,cust7020@example.com,0117223783
7022,Customer_7022,Alexandria,cust7021@example.com,0125407693
7023,Customer_7023,alex,cust7022@example.com,0113825799
7024,Customer_7024,cairo,cust7023@example.com,
7025,Customer_7025,CAIRO,cust7024@example.com,
7026,Customer_7026,Egypt,cust7025@example.com,
7027,Customer_7027,Alexandria,,0114332873
7028,Customer_7028,Cairo,cust7027@example.com,0103108290
7029,Customer_7029,giza,cust7028@example.com,0119239846
7030,Customer_7030,EGYPT,cust7029@example.com,0122820163
7031,Customer_7031,alex,cust7030@example.com,0115345034
7032,Customer_7032,giza,cust7031@example.com,
7033,Customer_7033,giza,,0106807850
7034,Customer_7034,Cairo,cust7033@example.com,0108148897
7035,Customer_7035,Cairo,cust7034@example.com,
7036,Customer_7036,CAIRO,cust7035@example.com,0114223245
7037,Customer_7037,Alexandria,cust7036@example.com,0128620908
7038,Customer_7038,cairo,cust7037@example.com,
7039,Customer_7039,Cairo,cust7038@example.com,0105803283
7040,Customer_7040,Cairo,cust7039@example.com,0105888699
7041,Customer_7041,EGYPT,,0112210830
7042,Customer_7042,Egypt,cust7041@example.com,0101886072
7043,Customer_7043,Cairo,cust7042@example.com,0112366368
7044,Customer_7044,Egypt,cust7043@example.com,0102488962
7045,Customer_7045,CAIRO,cust7044@example.com,0125009115
7046,Customer_7046,cairo,cust7045@example.com,0122479073
7047,Customer_7047,giza,cust7046@example.com,0104645859
7048,Customer_7048,Cairo,cust7047@example.com,0118582733
7049,Customer_7049,alex,cust7048@example.com,0127401788
7050,Customer_7050,Egypt,cust7049@example.com,0122012696
7051,Customer_7051,EGYPT,,0126972825
7052,Customer_7052,EGYPT,,0102863691
7053,Customer_7053,Cairo,cust7052@example.com,0125904192
7054,Customer_7054,Alexandria,cust7053@example.com,0129450889
7055,Customer_7055,giza,cust7054@example.com,0128752890
7056,Customer_7056,cairo,cust7055@example.com,0101234940
7057,Customer_7057,alex,cust7056@example.com,0104773395
7058,Customer_7058,Alexandria,cust7057@example.com,0128363689
7059,Customer_7059,EGYPT,cust7058@example.com,0115791124
7060,Customer_7060,Egypt,cust7059@example.com,
7061,Customer_7061,Egypt,cust7060@example.com,
7062,Customer_7062,Alexandria,cust7061@example.com,
7063,Customer_7063,Egypt,,0104930772
7064,Customer_7064,EGYPT,cust7063@example.com,0126241796
7065,Customer_7065,Alexandria,cust7064@example.com,0114047305
7066,Customer_7066,EGYPT,cust7065@example.com,0128241587
7067,Customer_7067,alex,cust7066@example.com,0113800171
7068,Customer_7068,giza,,0118424879
7069,Customer_7069,alex,,0126299292
7070,Customer_7070,alex,cust7069@example.com,0108907491
7071,Customer_7071,Egypt,cust7070@example.com,0101634679
7072,Customer_7072,Cairo,cust7071@example.com,0107534953
7073,Customer_7073,Giza,cust7072@example.com,0115757664
7074,Customer_7074,Egypt,cust7073@example.com,0105526865
7075,Customer_7075,Cairo,cust7074@example.com,0116538578
7076,Customer_7076,EGYPT,cust7075@example.com,0113942580
7077,Customer_7077,Giza,cust7076@example.com,0115686812
7078,Customer_7078,Egypt,cust7077@example.com,0123494820
7079,Customer_7079,Giza,cust7078@example.com,0122378677
7080,Customer_7080,Giza,cust7079@example.com,0113281713
7081,Customer_7081,CAIRO,cust7080@example.com,0113912218
7082,Customer_7082,giza,cust7081@example.com,0102694412
7083,Customer_7083,CAIRO,cust7082@example.com,
7084,Customer_7084,Cairo,cust7083@example.com,0113095937
7085,Customer_7085,cairo,cust7084@example.com,0119858948
7086,Customer_7086,Alexandria,cust7085@example.com,0119611219
7087,Customer_7087,cairo,cust7086@example.com,0124557812
7088,Customer_7088,Alexandria,cust7087@example.com,0102805313
7089,Customer_7089,Cairo,cust7088@example.com,0117813968
7090,Customer_7090,Cairo,,0126745774
7091,Customer_7091,EGYPT,cust7090@example.com,0106822086
7092,Customer_7092,giza,cust7091@example.com,0105614235
7093,Customer_7093,Giza,,0106158912
7094,Customer_7094,CAIRO,cust7093@example.com,0107906689
7095,Customer_7095,CAIRO,cust7094@example.com,0116646462
7096,Customer_7096,Cairo,cust7095@example.com,0109551964
7097,Customer_7097,CAIRO,cust7096@example.com,
7098,Customer_7098,Cairo,cust7097@example.com,0107139550
7099,Customer_7099,Giza,cust7098@example.com,0122129706
7100,Customer_7100,Cairo,cust7099@example.com,0106753164
7101,Customer_7101,EGYPT,cust7100@example.com,0122170715
7102,Customer_7102,giza,cust7101@example.com,0119512113
7103,Customer_7103,alex,cust7102@example.com,0122372049
7104,Customer_7104,Egypt,cust7103@example.com,0114944395
7105,Customer_7105,giza,cust7104@example.com,0117986180
7106,Customer_7106,giza,cust7105@example.com,0121491404
7107,Customer_7107,cairo,,0123806197
7108,Customer_7108,Alexandria,cust7107@example.com,0102321244
7109,Customer_7109,Egypt,,0106483115
7110,Customer_7110,Giza,cust7109@example.com,0114408124
7111,Customer_7111,alex,,0125665481
7112,Customer_7112,alex,cust7111@example.com,0109393556
7113,Customer_7113,giza,cust7112@example.com,0114449051
7114,Customer_7114,EGYPT,cust7113@example.com,0103028309
7115,Customer_7115,Alexandria,cust7114@example.com,0112694500
7116,Customer_7116,Cairo,cust7115@example.com,0113053074
7117,Customer_7117,Alexandria,cust7116@example.com,
7118,Customer_7118,cairo,,0118812190
7119,Customer_7119,Alexandria,cust7118@example.com,0101712914
7120,Customer_7120,giza,,
7121,Customer_7121,Giza,,0127105197
7122,Customer_7122,giza,cust7121@example.com,0112659177
7123,Customer_7123,Giza,cust7122@example.com,
7124,Customer_7124,CAIRO,cust7123@example.com,0103369818
7125,Customer_7125,Giza,cust7124@example.com,0101181116
7126,Customer_7126,Alexandria,cust7125@example.com,
7127,Customer_7127,Alexandria,cust7126@example.com,0123530615
7128,Customer_7128,Alexandria,cust7127@example.com,0122756989
7129,Customer_7129,CAIRO,,0125116342
7130,Customer_7130,Cairo,cust7129@example.com,0121387766
7131,Customer_7131,Egypt,cust7130@example.com,0103859398
7132,Customer_7132,Alexandria,cust7131@example.com,0126295270
7133,Customer_7133,cairo,cust7132@example.com,0113182170
7134,Customer_7134,alex,cust7133@example.com,0121991869
7135,Customer_7135,alex,cust7134@example.com,0128985468
7136,Customer_7136,Egypt,cust7135@example.com,0107231830
7137,Customer_7137,Egypt,cust7136@example.com,
7138,Customer_7138,Cairo,cust7137@example.com,0104610613
7139,Customer_7139,cairo,cust7138@example.com,0111091238
7140,Customer_7140,giza,cust7139@example.com,0103941279
7141,Customer_7141,Giza,cust7140@example.com,0123781108
7142,Customer_7142,Giza,cust7141@example.com,0126130067
7143,Customer_7143,giza,cust7142@example.com,0101387002
7144,Customer_7144,alex,cust7143@example.com,0108217676
7145,Customer_7145,giza,cust7144@example.com,0118797487
7146,Customer_7146,cairo,cust7145@example.com,0116731141
7147,Customer_7147,Alexandria,cust7146@example.com,
7148,Customer_7148,CAIRO,cust7147@example.com,0123447181
7149,Customer_7149,Alexandria,cust7148@example.com,0108598090
7150,Customer_7150,CAIRO,cust7149@example.com,0121294181
7151,Customer_7151,Giza,cust7150@example.com,0129196774
7152,Customer_7152,Egypt,,
7153,Customer_7153,Alexandria,cust7152@example.com,0104037989
7154,Customer_7154,giza,cust7153@example.com,
7155,Customer_7155,cairo,,
7156,Customer_7156,cairo,cust7155@example.com,0121815032
7157,Customer_7157,alex,cust7156@example.com,0105140890
7158,Customer_7158,cairo,cust7157@example.com,0112530955
7159,Customer_7159,cairo,,
7160,Customer_7160,Egypt,cust7159@example.com,0123269631
7161,Customer_7161,giza,cust7160@example.com,0114080653
7162,Customer_7162,Giza,cust7161@example.com,
7163,Customer_7163,cairo,cust7162@example.com,0107540767
7164,Customer_7164,Giza,,0101467899
7165,Customer_7165,Egypt,cust7164@example.com,
7166,Customer_7166,cairo,cust7165@example.com,0127144636
7167,Customer_7167,alex,cust7166@example.com,0127382101
7168,Customer_7168,Alexandria,cust7167@example.com,0121371723
7169,Customer_7169,EGYPT,cust7168@example.com,0105113359
7170,Customer_7170,Cairo,,0107721740
7171,Customer_7171,cairo,cust7170@example.com,0107214504
7172,Customer_7172,Giza,cust7171@example.com,0102170571
7173,Customer_7173,Cairo,cust7172@example.com,
7174,Customer_7174,CAIRO,cust7173@example.com,0114966975
7175,Customer_7175,cairo,cust7174@example.com,0128013323
7176,Customer_7176,EGYPT,cust7175@example.com,0111423840
7177,Customer_7177,Egypt,cust7176@example.com,
7178,Customer_7178,alex,cust7177@example.com,0109091675
7179,Customer_7179,EGYPT,,0125186088
7180,Customer_7180,Giza,cust7179@example.com,0112337112
7181,Customer_7181,Egypt,cust7180@example.com,0125832976
7182,Customer_7182,Alexandria,cust7181@example.com,0106851058
7183,Customer_7183,Egypt,,
7184,Customer_7184,cairo,cust7183@example.com,0106195273
7185,Customer_7185,Cairo,cust7184@example.com,0124525354
7186,Customer_7186,Cairo,cust7185@example.com,0105012382
7187,Customer_7187,Giza,cust7186@example.com,0102442386
7188,Customer_7188,Egypt,cust7187@example.com,0125164827
7189,Customer_7189,EGYPT,cust7188@example.com,
7190,Customer_7190,Giza,cust7189@example.com,0108991172
7191,Customer_7191,alex,cust7190@example.com,0122682411
7192,Customer_7192,Giza,cust7191@example.com,0128299180
7193,Customer_7193,Giza,cust7192@example.com,0104780876
7194,Customer_7194,Alexandria,,0114242774
7195,Customer_7195,cairo,cust7194@example.com,0109712757
7196,Customer_7196,Alexandria,cust7195@example.com,0105239202
7197,Customer_7197,Cairo,cust7196@example.com,0119534388
7198,Customer_7198,Cairo,cust7197@example.com,
7199,Customer_7199,CAIRO,cust7198@example.com,0127889490
7200,Customer_7200,CAIRO,cust7199@example.com,0103137616
7201,Customer_7201,EGYPT,cust7200@example.com,
7202,Customer_7202,Cairo,cust7201@example.com,0127184717
7203,Customer_7203,Alexandria,cust7202@example.com,0129926093
7204,Customer_7204,alex,cust7203@example.com,0128457666
7205,Customer_7205,CAIRO,cust7204@example.com,0123454897
7206,Customer_7206,Egypt,cust7205@example.com,0125533998
7207,Customer_7207,CAIRO,cust7206@example.com,0126424012
7208,Customer_7208,Cairo,cust7207@example.com,0115955987
7209,Customer_7209,Giza,cust7208@example.com,
7210,Customer_7210,cairo,cust7209@example.com,0115603617
7211,Customer_7211,Cairo,cust7210@example.com,0113866683
7212,Customer_7212,Giza,cust7211@example.com,0101568739
7213,Customer_7213,alex,cust7212@example.com,0103223562
7214,Customer_7214,alex,cust7213@example.com,0103807707
7215,Customer_7215,Egypt,cust7214@example.com,0101867415
7216,Customer_7216,giza,cust7215@example.com,0128941742
7217,Customer_7217,Alexandria,cust7216@example.com,0103758974
7218,Customer_7218,cairo,cust7217@example.com,0122708548
7219,Customer_7219,Cairo,cust7218@example.com,0104478522
7220,Customer_7220,Cairo,cust7219@example.com,
7221,Customer_7221,giza,cust7220@example.com,0113774214
7222,Customer_7222,Egypt,cust7221@example.com,0111902714
7223,Customer_7223,EGYPT,cust7222@example.com,0124305180
7224,Customer_7224,CAIRO,cust7223@example.com,0109200244
7225,Customer_7225,Egypt,cust7224@example.com,0117895515
7226,Customer_7226,Giza,cust7225@example.com,0121232378
7227,Customer_7227,Egypt,cust7226@example.com,0117331778
7228,Customer_7228,giza,cust7227@example.com,0105837714
7229,Customer_7229,giza,cust7228@example.com,
7230,Customer_7230,Alexandria,cust7229@example.com,
7231,Customer_7231,cairo,cust7230@example.com,0101071234
7232,Customer_7232,alex,cust7231@example.com,0104818696
7233,Customer_7233,giza,cust7232@example.com,
7234,Customer_7234,Alexandria,cust7233@example.com,0102303360
7235,Customer_7235,CAIRO,cust7234@example.com,0124819443
7236,Customer_7236,alex,cust7235@example.com,0118606679
7237,Customer_7237,EGYPT,cust7236@example.com,0121763533
7238,Customer_7238,Cairo,cust7237@example.com,0106432907
7239,Customer_7239,CAIRO,cust7238@example.com,0127297247
7240,Customer_7240,EGYPT,cust7239@example.com,
7241,Customer_7241,alex,cust7240@example.com,0104260821
7242,Customer_7242,CAIRO,,
7243,Customer_7243,Alexandria,cust7242@example.com,0119069470
7244,Customer_7244,EGYPT,cust7243@example.com,0106774094
7245,Customer_7245,Cairo,cust7244@example.com,0121401457
7246,Customer_7246,Alexandria,cust7245@example.com,
7247,Customer_7247,Giza,cust7246@example.com,0124761120
7248,Customer_7248,Cairo,cust7247@example.com,0126792519
7249,Customer_7249,cairo,,
7250,Customer_7250,Egypt,cust7249@example.com,0123844565
7251,Customer_7251,cairo,cust7250@example.com,
7252,Customer_7252,giza,cust7251@example.com,0117082087
7253,Customer_7253,Giza,cust7252@example.com,0112347502
7254,Customer_7254,Giza,cust7253@example.com,
7255,Customer_7255,Egypt,cust7254@example.com,0126835283
7256,Customer_7256,EGYPT,cust7255@example.com,0103283902
7257,Customer_7257,Egypt,cust7256@example.com,0108592399
7258,Customer_7258,giza,cust7257@example.com,0111651978
7259,Customer_7259,cairo,cust7258@example.com,0108046114
7260,Customer_7260,Giza,cust7259@example.com,0124194579
7261,Customer_7261,cairo,cust7260@example.com,0102139122
7262,Customer_7262,Cairo,cust7261@example.com,0108072137
7263,Customer_7263,CAIRO,cust7262@example.com,0117402052
7264,Customer_7264,giza,cust7263@example.com,0114339730
7265,Customer_7265,CAIRO,cust7264@example.com,0104034279
7266,Customer_7266,giza,cust7265@example.com,0114293205
7267,Customer_7267,alex,,0122856923
7268,Customer_7268,Cairo,cust7267@example.com,0125810567
7269,Customer_7269,EGYPT,cust7268@example.com,0119139836
7270,Customer_7270,giza,cust7269@example.com,0113982046
7271,Customer_7271,CAIRO,cust7270@example.com,0105817038
7272,Customer_7272,giza,cust7271@example.com,0104000255
7273,Customer_7273,EGYPT,cust7272@example.com,0118235328
7274,Customer_7274,giza,cust7273@example.com,0103692525
7275,Customer_7275,Alexandria,cust7274@example.com,0125531039
7276,Customer_7276,giza,cust7275@example.com,0128462236
7277,Customer_7277,alex,cust7276@example.com,
7278,Customer_7278,alex,cust7277@example.com,0112363335
7279,Customer_7279,Giza,cust7278@example.com,0107398034
7280,Customer_7280,alex,cust7279@example.com,0108618620
7281,Customer_7281,giza,cust7280@example.com,0102845788
7282,Customer_7282,giza,cust7281@example.com,0125299778
7283,Customer_7283,Alexandria,cust7282@example.com,0125855296
7284,Customer_7284,alex,cust7283@example.com,0128173615
7285,Customer_7285,cairo,cust7284@example.com,
7286,Customer_7286,giza,cust7285@example.com,0107695878
7287,Customer_7287,Cairo,cust7286@example.com,
7288,Customer_7288,Cairo,cust7287@example.com,
7289,Customer_7289,CAIRO,cust7288@example.com,0113822161
7290,Customer_7290,Alexandria,cust7289@example.com,0115722365
7291,Customer_7291,EGYPT,cust7290@example.com,0107848715
7292,Customer_7292,cairo,cust7291@example.com,0106294011
7293,Customer_7293,giza,cust7292@example.com,0115645154
7294,Customer_7294,Egypt,cust7293@example.com,0127529306
7295,Customer_7295,Egypt,cust7294@example.com,0101545647
7296,Customer_7296,EGYPT,cust7295@example.com,
7297,Customer_7297,Giza,cust7296@example.com,
7298,Customer_7298,Egypt,cust7297@example.com,0107342969
7299,Customer_7299,EGYPT,,0104699044
7300,Customer_7300,Egypt,cust7299@example.com,0122364082
7301,Customer_7301,Alexandria,cust7300@example.com,0114787924
7302,Customer_7302,CAIRO,cust7301@example.com,0106708339
7303,Customer_7303,Giza,cust7302@example.com,
7304,Customer_7304,Alexandria,cust7303@example.com,0103392259
7305,Customer_7305,EGYPT,,0128380569
7306,Customer_7306,cairo,cust7305@example.com,0123790260
7307,Customer_7307,alex,cust7306@example.com,0116611981
7308,Customer_7308,cairo,,0105467977
7309,Customer_7309,Cairo,cust7308@example.com,0128653218
7310,Customer_7310,alex,cust7309@example.com,0107572655
7311,Customer_7311,EGYPT,cust7310@example.com,0124227193
7312,Customer_7312,Cairo,cust7311@example.com,0129623998
7313,Customer_7313,Egypt,cust7312@example.com,0123250577
7314,Customer_7314,Egypt,cust7313@example.com,0126999168
7315,Customer_7315,alex,cust7314@example.com,0111650985
7316,Customer_7316,giza,cust7315@example.com,0101159586
7317,Customer_7317,cairo,cust7316@example.com,0112254668
7318,Customer_7318,Cairo,cust7317@example.com,0111411681
7319,Customer_7319,cairo,,0104739170
7320,Customer_7320,alex,cust7319@example.com,0118680313
7321,Customer_7321,Alexandria,cust7320@example.com,0128703901
7322,Customer_7322,Egypt,,0106203960
7323,Customer_7323,Cairo,cust7322@example.com,0127606804
7324,Customer_7324,Cairo,cust7323@example.com,0118063589
7325,Customer_7325,EGYPT,cust7324@example.com,0121055058
7326,Customer_7326,Cairo,cust7325@example.com,0111067124
7327,Customer_7327,alex,cust7326@example.com,0125010001
7328,Customer_7328,Cairo,,0121567849
7329,Customer_7329,Cairo,cust7328@example.com,0115029206
7330,Customer_7330,cairo,cust7329@example.com,0113930082
7331,Customer_7331,CAIRO,cust7330@example.com,0115840550
7332,Customer_7332,Cairo,cust7331@example.com,0107441400
7333,Customer_7333,giza,cust7332@example.com,0125126784
7334,Customer_7334,Giza,cust7333@example.com,0128704953
7335,Customer_7335,EGYPT,cust7334@example.com,0102834173
7336,Customer_7336,cairo,cust7335@example.com,0119330650
7337,Customer_7337,EGYPT,cust7336@example.com,0122077800
7338,Customer_7338,Alexandria,,0116414295
7339,Customer_7339,Cairo,cust7338@example.com,0114068124
7340,Customer_7340,Egypt,cust7339@example.com,
7341,Customer_7341,giza,cust7340@example.com,
7342,Customer_7342,cairo,cust7341@example.com,
7343,Customer_7343,EGYPT,cust7342@example.com,0123570419
7344,Customer_7344,Cairo,cust7343@example.com,0125933159
7345,Customer_7345,Egypt,cust7344@example.com,0104686903
7346,Customer_7346,Egypt,cust7345@example.com,0106476820
7347,Customer_7347,Alexandria,cust7346@example.com,0125443996
7348,Customer_7348,giza,cust7347@example.com,0126413310
7349,Customer_7349,CAIRO,cust7348@example.com,0118530940
7350,Customer_7350,giza,,
7351,Customer_7351,Alexandria,,0105808115
7352,Customer_7352,alex,cust7351@example.com,0101027343
7353,Customer_7353,cairo,cust7352@example.com,0127989191
7354,Customer_7354,Alexandria,cust7353@example.com,0104604757
7355,Customer_7355,Alexandria,cust7354@example.com,0129985599
7356,Customer_7356,cairo,cust7355@example.com,
7357,Customer_7357,cairo,cust7356@example.com,0111092024
7358,Customer_7358,cairo,cust7357@example.com,0101116302
7359,Customer_7359,Cairo,cust7358@example.com,0129576315
7360,Customer_7360,EGYPT,cust7359@example.com,0122446079
7361,Customer_7361,Giza,cust7360@example.com,0109248229
7362,Customer_7362,cairo,cust7361@example.com,0122244270
7363,Customer_7363,EGYPT,cust7362@example.com,0116459636
7364,Customer_7364,Giza,cust7363@example.com,
7365,Customer_7365,EGYPT,cust7364@example.com,0127888412
7366,Customer_7366,cairo,cust7365@example.com,0108498141
7367,Customer_7367,CAIRO,cust7366@example.com,
7368,Customer_7368,Alexandria,cust7367@example.com,0101929625
7369,Customer_7369,EGYPT,cust7368@example.com,
7370,Customer_7370,Egypt,cust7369@example.com,0124064809
7371,Customer_7371,Egypt,cust7370@example.com,0106157667
7372,Customer_7372,EGYPT,cust7371@example.com,
7373,Customer_7373,cairo,,
7374,Customer_7374,giza,cust7373@example.com,
7375,Customer_7375,cairo,cust7374@example.com,0113674807
7376,Customer_7376,cairo,,0101087581
7377,Customer_7377,giza,,0128129531
7378,Customer_7378,CAIRO,cust7377@example.com,
7379,Customer_7379,alex,cust7378@example.com,
7380,Customer_7380,Egypt,cust7379@example.com,0111701644
7381,Customer_7381,Alexandria,cust7380@example.com,0128483530
7382,Customer_7382,Egypt,cust7381@example.com,0104110859
7383,Customer_7383,alex,cust7382@example.com,
7384,Customer_7384,Cairo,cust7383@example.com,0105381387
7385,Customer_7385,CAIRO,cust7384@example.com,0124360192
7386,Customer_7386,CAIRO,cust7385@example.com,
7387,Customer_7387,Cairo,cust7386@example.com,
7388,Customer_7388,Alexandria,cust7387@example.com,0127150052
7389,Customer_7389,giza,cust7388@example.com,
7390,Customer_7390,Giza,cust7389@example.com,0114598194
7391,Customer_7391,alex,cust7390@example.com,
7392,Customer_7392,Giza,cust7391@example.com,0103289250
7393,Customer_7393,Alexandria,cust7392@example.com,0101254996
7394,Customer_7394,giza,cust7393@example.com,
7395,Customer_7395,CAIRO,cust7394@example.com,0112098253
7396,Customer_7396,giza,cust7395@example.com,0118991646
7397,Customer_7397,Egypt,cust7396@example.com,0127255316
7398,Customer_7398,alex,cust7397@example.com,0124130026
7399,Customer_7399,giza,cust7398@example.com,0106063008
7400,Customer_7400,cairo,cust7399@example.com,0106739960
7401,Customer_7401,cairo,cust7400@example.com,
7402,Customer_7402,giza,cust7401@example.com,
7403,Customer_7403,CAIRO,cust7402@example.com,0101636932
7404,Customer_7404,giza,cust7403@example.com,0124369413
7405,Customer_7405,EGYPT,cust7404@example.com,0126929208
7406,Customer_7406,Alexandria,cust7405@example.com,0122996881
7407,Customer_7407,cairo,cust7406@example.com,0106332092
7408,Customer_7408,Giza,cust7407@example.com,0115333920
7409,Customer_7409,giza,,0123184158
7410,Customer_7410,cairo,cust7409@example.com,
7411,Customer_7411,Alexandria,cust7410@example.com,0107149226
7412,Customer_7412,Alexandria,cust7411@example.com,0119880429
7413,Customer_7413,Giza,cust7412@example.com,0104528090
7414,Customer_7414,EGYPT,cust7413@example.com,0101322227
7415,Customer_7415,giza,cust7414@example.com,
7416,Customer_7416,Cairo,cust7415@example.com,0121938057
7417,Customer_7417,giza,,0123250460
7418,Customer_7418,alex,cust7417@example.com,0117719486
7419,Customer_7419,Egypt,cust7418@example.com,
7420,Customer_7420,CAIRO,cust7419@example.com,0115213562
7421,Customer_7421,Alexandria,,0122666156
7422,Customer_7422,Cairo,cust7421@example.com,
7423,Customer_7423,CAIRO,cust7422@example.com,
7424,Customer_7424,cairo,cust7423@example.com,0121125584
7425,Customer_7425,giza,cust7424@example.com,0105553530
7426,Customer_7426,CAIRO,cust7425@example.com,0127946250
7427,Customer_7427,cairo,cust7426@example.com,0106497729
7428,Customer_7428,Egypt,cust7427@example.com,
7429,Customer_7429,cairo,,0126893607
7430,Customer_7430,Cairo,cust7429@example.com,0116804733
7431,Customer_7431,Alexandria,cust7430@example.com,0122757265
7432,Customer_7432,Giza,cust7431@example.com,0116277703
7433,Customer_7433,cairo,cust7432@example.com,0115341143
7434,Customer_7434,giza,cust7433@example.com,0106938806
7435,Customer_7435,CAIRO,cust7434@example.com,
7436,Customer_7436,Giza,cust7435@example.com,0107318729
7437,Customer_7437,Giza,cust7436@example.com,0125650557
7438,Customer_7438,CAIRO,cust7437@example.com,0118701913
7439,Customer_7439,CAIRO,cust7438@example.com,0127180422
7440,Customer_7440,Alexandria,cust7439@example.com,0122144499
7441,Customer_7441,Cairo,cust7440@example.com,0117775695
7442,Customer_7442,Egypt,cust7441@example.com,0113293359
7443,Customer_7443,Cairo,cust7442@example.com,
7444,Customer_7444,CAIRO,cust7443@example.com,0106841488
7445,Customer_7445,giza,cust7444@example.com,
7446,Customer_7446,EGYPT,cust7445@example.com,0126550973
7447,Customer_7447,EGYPT,cust7446@example.com,0117234988
7448,Customer_7448,Egypt,cust7447@example.com,0108209188
7449,Customer_7449,CAIRO,cust7448@example.com,0103871847
7450,Customer_7450,EGYPT,cust7449@example.com,0122834779
7451,Customer_7451,Egypt,cust7450@example.com,0119840641
7452,Customer_7452,Giza,cust7451@example.com,0102746099
7453,Customer_7453,Egypt,cust7452@example.com,0112432137
7454,Customer_7454,Giza,cust7453@example.com,0116722925
7455,Customer_7455,Alexandria,cust7454@example.com,0127808764
7456,Customer_7456,EGYPT,cust7455@example.com,0118696068
7457,Customer_7457,Egypt,cust7456@example.com,0127790728
7458,Customer_7458,Egypt,cust7457@example.com,0114618411
7459,Customer_7459,Egypt,cust7458@example.com,0117435812
7460,Customer_7460,giza,cust7459@example.com,0102476835
7461,Customer_7461,Egypt,cust7460@example.com,0116724322
7462,Customer_7462,giza,,0119139624
7463,Customer_7463,Alexandria,cust7462@example.com,0101874509
7464,Customer_7464,alex,cust7463@example.com,0118989992
7465,Customer_7465,CAIRO,cust7464@example.com,0128943236
7466,Customer_7466,Giza,cust7465@example.com,0102348078
7467,Customer_7467,CAIRO,cust7466@example.com,0129763884
7468,Customer_7468,Cairo,cust7467@example.com,0116268373
7469,Customer_7469,EGYPT,cust7468@example.com,0109427268
7470,Customer_7470,cairo,cust7469@example.com,0126955057
7471,Customer_7471,Alexandria,cust7470@example.com,0109037434
7472,Customer_7472,giza,cust7471@example.com,
7473,Customer_7473,Cairo,cust7472@example.com,0101598178
7474,Customer_7474,Egypt,cust7473@example.com,
7475,Customer_7475,Cairo,cust7474@example.com,0123466777
7476,Customer_7476,Cairo,cust7475@example.com,0114117217
7477,Customer_7477,Giza,cust7476@example.com,
7478,Customer_7478,cairo,cust7477@example.com,0109704548
7479,Customer_7479,Cairo,cust7478@example.com,
7480,Customer_7480,Giza,cust7479@example.com,0105675286
7481,Customer_7481,Egypt,cust7480@example.com,0122574011
7482,Customer_7482,CAIRO,cust7481@example.com,0122832508
7483,Customer_7483,Egypt,,
7484,Customer_7484,EGYPT,cust7483@example.com,0109395096
7485,Customer_7485,Cairo,cust7484@example.com,0111643401
7486,Customer_7486,Cairo,cust7485@example.com,0103195531
7487,Customer_7487,CAIRO,cust7486@example.com,
7488,Customer_7488,Alexandria,cust7487@example.com,0122886699
7489,Customer_7489,Cairo,cust7488@example.com,0109603368
7490,Customer_7490,cairo,cust7489@example.com,0115325714
7491,Customer_7491,alex,cust7490@example.com,0101164412
7492,Customer_7492,Cairo,cust7491@example.com,0116620921
7493,Customer_7493,alex,cust7492@example.com,0115636791
7494,Customer_7494,Egypt,cust7493@example.com,
7495,Customer_7495,Alexandria,cust7494@example.com,0107726072
7496,Customer_7496,Giza,cust7495@example.com,0112621288
7497,Customer_7497,giza,cust7496@example.com,0122304193
7498,Customer_7498,Alexandria,cust7497@example.com,0112893510
7499,Customer_7499,giza,,0115460138
7500,Customer_7500,Egypt,cust7499@example.com,0126642577
7501,Customer_7501,Alexandria,,
7502,Customer_7502,Giza,cust7501@example.com,0119688594
7503,Customer_7503,giza,cust7502@example.com,0129694009
7504,Customer_7504,CAIRO,cust7503@example.com,0112830005
7505,Customer_7505,cairo,,
7506,Customer_7506,Alexandria,cust7505@example.com,0113757397
7507,Customer_7507,Egypt,cust7506@example.com,0126744474
7508,Customer_7508,Cairo,cust7507@example.com,0118000846
7509,Customer_7509,Giza,cust7508@example.com,0123663792
7510,Customer_7510,giza,cust7509@example.com,0103480085
7511,Customer_7511,giza,cust7510@example.com,0104554427
7512,Customer_7512,cairo,cust7511@example.com,0104992941
7513,Customer_7513,giza,cust7512@example.com,0102456743
7514,Customer_7514,alex,cust7513@example.com,0117848056
7515,Customer_7515,EGYPT,cust7514@example.com,0129904878
7516,Customer_7516,alex,cust7515@example.com,0118776260
7517,Customer_7517,giza,cust7516@example.com,0118575455
7518,Customer_7518,Giza,cust7517@example.com,0127947383
7519,Customer_7519,Alexandria,cust7518@example.com,0114351458
7520,Customer_7520,Egypt,cust7519@example.com,0127156049
7521,Customer_7521,Cairo,cust7520@example.com,0108389478
7522,Customer_7522,Alexandria,cust7521@example.com,
7523,Customer_7523,CAIRO,cust7522@example.com,
7524,Customer_7524,Alexandria,cust7523@example.com,0115817691
7525,Customer_7525,Alexandria,cust7524@example.com,0128972981
7526,Customer_7526,Egypt,cust7525@example.com,0115354640
7527,Customer_7527,cairo,cust7526@example.com,0117414614
7528,Customer_7528,giza,cust7527@example.com,
7529,Customer_7529,cairo,cust7528@example.com,0112455859
7530,Customer_7530,CAIRO,cust7529@example.com,0113106277
7531,Customer_7531,Cairo,,0103414376
7532,Customer_7532,alex,cust7531@example.com,
7533,Customer_7533,Cairo,cust7532@example.com,0124305007
7534,Customer_7534,giza,cust7533@example.com,0125553376
7535,Customer_7535,Cairo,cust7534@example.com,0111801880
7536,Customer_7536,EGYPT,cust7535@example.com,0123516783
7537,Customer_7537,alex,,0113269907
7538,Customer_7538,CAIRO,cust7537@example.com,0105006825
7539,Customer_7539,giza,cust7538@example.com,0102824821
7540,Customer_7540,Giza,cust7539@example.com,0109204830
7541,Customer_7541,CAIRO,cust7540@example.com,0125765584
7542,Customer_7542,EGYPT,cust7541@example.com,0125663102
7543,Customer_7543,alex,cust7542@example.com,0101948316
7544,Customer_7544,Egypt,cust7543@example.com,0126309123
7545,Customer_7545,EGYPT,cust7544@example.com,
7546,Customer_7546,CAIRO,cust7545@example.com,0122528205
7547,Customer_7547,giza,cust7546@example.com,0108095276
7548,Customer_7548,giza,cust7547@example.com,0101810453
7549,Customer_7549,alex,,0128057551
7550,Customer_7550,cairo,cust7549@example.com,0106283221
7551,Customer_7551,alex,,
7552,Customer_7552,alex,cust7551@example.com,0127258322
7553,Customer_7553,EGYPT,cust7552@example.com,0106909707
7554,Customer_7554,giza,cust7553@example.com,0119624357
7555,Customer_7555,CAIRO,,0124070917
7556,Customer_7556,Egypt,cust7555@example.com,0118469011
7557,Customer_7557,Cairo,cust7556@example.com,
7558,Customer_7558,Alexandria,cust7557@example.com,0109861693
7559,Customer_7559,Egypt,cust7558@example.com,0128127518
7560,Customer_7560,Cairo,,0108186074
7561,Customer_7561,cairo,cust7560@example.com,0111618427
7562,Customer_7562,CAIRO,cust7561@example.com,0103102359
7563,Customer_7563,giza,cust7562@example.com,
7564,Customer_7564,Giza,,0123406948
7565,Customer_7565,alex,cust7564@example.com,
7566,Customer_7566,Egypt,,0118437910
7567,Customer_7567,Cairo,,0128572530
7568,Customer_7568,Giza,cust7567@example.com,0129485854
7569,Customer_7569,Egypt,cust7568@example.com,0128276544
7570,Customer_7570,CAIRO,cust7569@example.com,0114017533
7571,Customer_7571,giza,cust7570@example.com,0111751493
7572,Customer_7572,Egypt,cust7571@example.com,0112686627
7573,Customer_7573,Egypt,,0114964855
7574,Customer_7574,giza,cust7573@example.com,0122497588
7575,Customer_7575,cairo,cust7574@example.com,0129426800
7576,Customer_7576,EGYPT,cust7575@example.com,0121909400
7577,Customer_7577,Egypt,cust7576@example.com,0118695677
7578,Customer_7578,giza,cust7577@example.com,
7579,Customer_7579,EGYPT,cust7578@example.com,0127304705
7580,Customer_7580,giza,cust7579@example.com,
7581,Customer_7581,giza,cust7580@example.com,0115320252
7582,Customer_7582,cairo,cust7581@example.com,
7583,Customer_7583,giza,cust7582@example.com,0127307071
7584,Customer_7584,CAIRO,cust7583@example.com,0103160057
7585,Customer_7585,Egypt,,0115255048
7586,Customer_7586,Cairo,cust7585@example.com,0107309720
7587,Customer_7587,Cairo,cust7586@example.com,0125160823
7588,Customer_7588,Cairo,cust7587@example.com,0111339296
7589,Customer_7589,giza,,0115991307
7590,Customer_7590,Giza,cust7589@example.com,0116146151
7591,Customer_7591,EGYPT,cust7590@example.com,0109524243
7592,Customer_7592,EGYPT,cust7591@example.com,0112885771
7593,Customer_7593,giza,cust7592@example.com,0119429274
7594,Customer_7594,CAIRO,cust7593@example.com,0126380790
7595,Customer_7595,CAIRO,cust7594@example.com,0123269909
7596,Customer_7596,alex,,0105147845
7597,Customer_7597,giza,cust7596@example.com,0107830510
7598,Customer_7598,Alexandria,cust7597@example.com,0105487195
7599,Customer_7599,cairo,cust7598@example.com,0129063439
7600,Customer_7600,Cairo,cust7599@example.com,
7601,Customer_7601,cairo,cust7600@example.com,0101222920
7602,Customer_7602,Cairo,cust7601@example.com,
7603,Customer_7603,giza,cust7602@example.com,0115871169
7604,Customer_7604,Giza,cust7603@example.com,0109806502
7605,Customer_7605,alex,cust7604@example.com,
7606,Customer_7606,CAIRO,cust7605@example.com,0129104862
7607,Customer_7607,Giza,cust7606@example.com,0125739400
7608,Customer_7608,cairo,cust7607@example.com,0115990432
7609,Customer_7609,cairo,cust7608@example.com,0121461623
7610,Customer_7610,CAIRO,cust7609@example.com,0125203100
7611,Customer_7611,alex,,0102095778
7612,Customer_7612,Cairo,cust7611@example.com,0113371619
7613,Customer_7613,Giza,cust7612@example.com,0101130809
7614,Customer_7614,alex,cust7613@example.com,0124711716
7615,Customer_7615,Egypt,cust7614@example.com,
7616,Customer_7616,EGYPT,cust7615@example.com,0119445139
7617,Customer_7617,Cairo,cust7616@example.com,0105715669
7618,Customer_7618,Egypt,cust7617@example.com,0122354165
7619,Customer_7619,Cairo,cust7618@example.com,0129262920
7620,Customer_7620,Cairo,cust7619@example.com,0115876942
7621,Customer_7621,Cairo,cust7620@example.com,0104972528
7622,Customer_7622,alex,cust7621@example.com,0119208066
7623,Customer_7623,alex,cust7622@example.com,
7624,Customer_7624,Egypt,cust7623@example.com,
7625,Customer_7625,cairo,cust7624@example.com,0128948899
7626,Customer_7626,CAIRO,,0126883003
7627,Customer_7627,Giza,cust7626@example.com,0106789291
7628,Customer_7628,Giza,cust7627@example.com,0129378825
7629,Customer_7629,Alexandria,cust7628@example.com,0105888243
7630,Customer_7630,giza,cust7629@example.com,
7631,Customer_7631,giza,cust7630@example.com,0127367427
7632,Customer_7632,Egypt,cust7631@example.com,0126731612
7633,Customer_7633,Cairo,cust7632@example.com,0128337612
7634,Customer_7634,Cairo,cust7633@example.com,0108324337
7635,Customer_7635,EGYPT,cust7634@example.com,0113048952
7636,Customer_7636,cairo,cust7635@example.com,
7637,Customer_7637,Alexandria,cust7636@example.com,0113319105
7638,Customer_7638,alex,cust7637@example.com,0103547443
7639,Customer_7639,Cairo,cust7638@example.com,
7640,Customer_7640,Alexandria,cust7639@example.com,0125201381
7641,Customer_7641,Giza,cust7640@example.com,0104670162
7642,Customer_7642,EGYPT,cust7641@example.com,0103682688
7643,Customer_7643,alex,,0106132943
7644,Customer_7644,Alexandria,cust7643@example.com,0109702922
7645,Customer_7645,Egypt,cust7644@example.com,0123765246
7646,Customer_7646,alex,cust7645@example.com,0128316300
7647,Customer_7647,giza,cust7646@example.com,0109217742
7648,Customer_7648,alex,cust7647@example.com,0107965692
7649,Customer_7649,EGYPT,cust7648@example.com,0121783669
7650,Customer_7650,alex,cust7649@example.com,0113102834
7651,Customer_7651,CAIRO,cust7650@example.com,0102307222
7652,Customer_7652,cairo,cust7651@example.com,0124815712
7653,Customer_7653,EGYPT,cust7652@example.com,0115497252
7654,Customer_7654,Egypt,cust7653@example.com,0107139563
7655,Customer_7655,EGYPT,cust7654@example.com,
7656,Customer_7656,Giza,cust7655@example.com,0118124559
7657,Customer_7657,Egypt,cust7656@example.com,0126104501
7658,Customer_7658,giza,cust7657@example.com,0104863902
7659,Customer_7659,alex,cust7658@example.com,0109121571
7660,Customer_7660,alex,cust7659@example.com,0109912392
7661,Customer_7661,Giza,cust7660@example.com,0107873480
7662,Customer_7662,Alexandria,cust7661@example.com,0122796637
7663,Customer_7663,Giza,cust7662@example.com,0106672153
7664,Customer_7664,CAIRO,cust7663@example.com,
7665,Customer_7665,Cairo,cust7664@example.com,0112127469
7666,Customer_7666,Alexandria,cust7665@example.com,0126755293
7667,Customer_7667,Cairo,cust7666@example.com,0126081124
7668,Customer_7668,giza,cust7667@example.com,0125848294
7669,Customer_7669,cairo,cust7668@example.com,0123844628
7670,Customer_7670,cairo,cust7669@example.com,
7671,Customer_7671,alex,cust7670@example.com,0104359953
7672,Customer_7672,cairo,cust7671@example.com,0121361946
7673,Customer_7673,Giza,cust7672@example.com,0126631904
7674,Customer_7674,Alexandria,cust7673@example.com,0117700311
7675,Customer_7675,alex,cust7674@example.com,0109461489
7676,Customer_7676,alex,cust7675@example.com,
7677,Customer_7677,Alexandria,,0106706710
7678,Customer_7678,giza,cust7677@example.com,0121295161
7679,Customer_7679,giza,cust7678@example.com,0114583114
7680,Customer_7680,alex,cust7679@example.com,0107843837
7681,Customer_7681,giza,cust7680@example.com,0122465517
7682,Customer_7682,CAIRO,cust7681@example.com,0126496527
7683,Customer_7683,CAIRO,cust7682@example.com,0102587669
7684,Customer_7684,Cairo,cust7683@example.com,
7685,Customer_7685,EGYPT,cust7684@example.com,
7686,Customer_7686,Egypt,cust7685@example.com,0101996229
7687,Customer_7687,cairo,cust7686@example.com,0106199111
7688,Customer_7688,giza,cust7687@example.com,0126677033
7689,Customer_7689,CAIRO,cust7688@example.com,0105413669
7690,Customer_7690,Giza,cust7689@example.com,0108724478
7691,Customer_7691,Alexandria,cust7690@example.com,0128110042
7692,Customer_7692,EGYPT,cust7691@example.com,0126956207
7693,Customer_7693,Cairo,cust7692@example.com,
7694,Customer_7694,Egypt,,0104598797
7695,Customer_7695,CAIRO,cust7694@example.com,0102760301
7696,Customer_7696,Cairo,,0127665134
7697,Customer_7697,EGYPT,cust7696@example.com,0114295853
7698,Customer_7698,Alexandria,cust7697@example.com,0123962162
7699,Customer_7699,cairo,cust7698@example.com,0119953674
7700,Customer_7700,CAIRO,cust7699@example.com,0103045221
7701,Customer_7701,Alexandria,cust7700@example.com,0101448456
7702,Customer_7702,Egypt,cust7701@example.com,0113608599
7703,Customer_7703,giza,cust7702@example.com,0118596115
7704,Customer_7704,EGYPT,,0101501939
7705,Customer_7705,Egypt,cust7704@example.com,
7706,Customer_7706,cairo,cust7705@example.com,
7707,Customer_7707,Alexandria,cust7706@example.com,0115330757
7708,Customer_7708,cairo,cust7707@example.com,0115873638
7709,Customer_7709,alex,cust7708@example.com,0105845798
7710,Customer_7710,CAIRO,cust7709@example.com,
7711,Customer_7711,giza,cust7710@example.com,0107458679
7712,Customer_7712,EGYPT,cust7711@example.com,0125848378
7713,Customer_7713,Giza,cust7712@example.com,0117543193
7714,Customer_7714,Alexandria,cust7713@example.com,
7715,Customer_7715,Giza,cust7714@example.com,0102590686
7716,Customer_7716,CAIRO,cust7715@example.com,0121018087
7717,Customer_7717,CAIRO,cust7716@example.com,0124135000
7718,Customer_7718,EGYPT,cust7717@example.com,0117317692
7719,Customer_7719,CAIRO,cust7718@example.com,
7720,Customer_7720,Giza,cust7719@example.com,0113892763
7721,Customer_7721,Giza,cust7720@example.com,
7722,Customer_7722,cairo,cust7721@example.com,0128684794
7723,Customer_7723,Egypt,,0123085716
7724,Customer_7724,Cairo,cust7723@example.com,0102523818
7725,Customer_7725,Egypt,cust7724@example.com,0101775662
7726,Customer_7726,Egypt,cust7725@example.com,0105881709
7727,Customer_7727,giza,cust7726@example.com,0126168611
7728,Customer_7728,CAIRO,cust7727@example.com,0106781986
7729,Customer_7729,cairo,cust7728@example.com,0108747344
7730,Customer_7730,giza,cust7729@example.com,0121556565
7731,Customer_7731,giza,cust7730@example.com,0112719182
7732,Customer_7732,Cairo,,0108166506
7733,Customer_7733,Alexandria,cust7732@example.com,0115687274
7734,Customer_7734,Giza,cust7733@example.com,0119764605
7735,Customer_7735,CAIRO,cust7734@example.com,0118591405
7736,Customer_7736,giza,cust7735@example.com,0114935581
7737,Customer_7737,cairo,,0101806324
7738,Customer_7738,Alexandria,cust7737@example.com,0126556366
7739,Customer_7739,Cairo,cust7738@example.com,0105840817
7740,Customer_7740,alex,cust7739@example.com,0105194022
7741,Customer_7741,CAIRO,,0117508461
7742,Customer_7742,alex,,0107314088
7743,Customer_7743,Egypt,cust7742@example.com,0128719404
7744,Customer_7744,giza,cust7743@example.com,0106204667
7745,Customer_7745,EGYPT,cust7744@example.com,0117789648
7746,Customer_7746,CAIRO,cust7745@example.com,0121419200
7747,Customer_7747,Giza,cust7746@example.com,0127723191
7748,Customer_7748,Alexandria,cust7747@example.com,
7749,Customer_7749,cairo,cust7748@example.com,
7750,Customer_7750,CAIRO,cust7749@example.com,0126939511
7751,Customer_7751,Giza,cust7750@example.com,0106625042
7752,Customer_7752,alex,cust7751@example.com,
7753,Customer_7753,Alexandria,cust7752@example.com,0103935935
7754,Customer_7754,Cairo,cust7753@example.com,0117480208
7755,Customer_7755,giza,cust7754@example.com,0122618717
7756,Customer_7756,CAIRO,cust7755@example.com,0105586874
7757,Customer_7757,EGYPT,cust7756@example.com,0116437912
7758,Customer_7758,alex,cust7757@example.com,0105335381
7759,Customer_7759,alex,cust7758@example.com,0126093846
7760,Customer_7760,CAIRO,cust7759@example.com,0128257690
7761,Customer_7761,Egypt,cust7760@example.com,0106052709
7762,Customer_7762,alex,cust7761@example.com,
7763,Customer_7763,Giza,cust7762@example.com,0112187043
7764,Customer_7764,cairo,,0124158368
7765,Customer_7765,giza,cust7764@example.com,
7766,Customer_7766,alex,cust7765@example.com,0108048172
7767,Customer_7767,Giza,cust7766@example.com,0109092313
7768,Customer_7768,Alexandria,cust7767@example.com,0126559697
7769,Customer_7769,Alexandria,cust7768@example.com,0107654678
7770,Customer_7770,giza,cust7769@example.com,
7771,Customer_7771,Egypt,cust7770@example.com,0126505473
7772,Customer_7772,EGYPT,cust7771@example.com,0104795080
7773,Customer_7773,giza,cust7772@example.com,0121221717
7774,Customer_7774,Cairo,cust7773@example.com,0106450900
7775,Customer_7775,Egypt,cust7774@example.com,0128925453
7776,Customer_7776,alex,cust7775@example.com,0121335882
7777,Customer_7777,giza,cust7776@example.com,0124589186
7778,Customer_7778,Alexandria,cust7777@example.com,
7779,Customer_7779,Giza,cust7778@example.com,0121597331
7780,Customer_7780,giza,cust7779@example.com,0108592687
7781,Customer_7781,Egypt,cust7780@example.com,0103038192
7782,Customer_7782,Cairo,cust7781@example.com,0119909526
7783,Customer_7783,Giza,cust7782@example.com,0123124420
7784,Customer_7784,cairo,cust7783@example.com,0127542405
7785,Customer_7785,Cairo,cust7784@example.com,0103927238
7786,Customer_7786,alex,cust7785@example.com,
7787,Customer_7787,giza,cust7786@example.com,0113283137
7788,Customer_7788,giza,cust7787@example.com,
7789,Customer_7789,CAIRO,cust7788@example.com,
7790,Customer_7790,Alexandria,cust7789@example.com,0121340058
7791,Customer_7791,alex,cust7790@example.com,0123133359
7792,Customer_7792,giza,cust7791@example.com,0111773740
7793,Customer_7793,cairo,cust7792@example.com,0128359272
7794,Customer_7794,Giza,cust7793@example.com,0117170015
7795,Customer_7795,alex,cust7794@example.com,0119975468
7796,Customer_7796,Egypt,cust7795@example.com,
7797,Customer_7797,cairo,cust7796@example.com,0114476829
7798,Customer_7798,Giza,cust7797@example.com,0122482758
7799,Customer_7799,EGYPT,cust7798@example.com,0119610346
7800,Customer_7800,Alexandria,cust7799@example.com,0107892714
7801,Customer_7801,alex,cust7800@example.com,0106405100
7802,Customer_7802,Cairo,cust7801@example.com,
7803,Customer_7803,Giza,cust7802@example.com,0128774752
7804,Customer_7804,Egypt,,0109029412
7805,Customer_7805,giza,,0109029135
7806,Customer_7806,Cairo,cust7805@example.com,0117151846
7807,Customer_7807,cairo,cust7806@example.com,0102510427
7808,Customer_7808,Alexandria,cust7807@example.com,0128163937
7809,Customer_7809,Cairo,cust7808@example.com,
7810,Customer_7810,Egypt,cust7809@example.com,0126368686
7811,Customer_7811,Giza,cust7810@example.com,0108348948
7812,Customer_7812,EGYPT,cust7811@example.com,0115575133
7813,Customer_7813,giza,cust7812@example.com,0109547918
7814,Customer_7814,Alexandria,cust7813@example.com,0118202066
7815,Customer_7815,Cairo,cust7814@example.com,0128215406
7816,Customer_7816,Alexandria,cust7815@example.com,0114688667
7817,Customer_7817,Alexandria,cust7816@example.com,0127619068
7818,Customer_7818,Alexandria,cust7817@example.com,0103231722
7819,Customer_7819,Giza,cust7818@example.com,0104813958
7820,Customer_7820,Alexandria,cust7819@example.com,0112343523
7821,Customer_7821,EGYPT,cust7820@example.com,0125682356
7822,Customer_7822,cairo,cust7821@example.com,0121290224
7823,Customer_7823,Egypt,cust7822@example.com,0117577081
7824,Customer_7824,EGYPT,,0111234407
7825,Customer_7825,Egypt,cust7824@example.com,0119069832
7826,Customer_7826,cairo,cust7825@example.com,0107659024
7827,Customer_7827,alex,cust7826@example.com,0106670653
7828,Customer_7828,cairo,cust7827@example.com,
7829,Customer_7829,Cairo,cust7828@example.com,
7830,Customer_7830,EGYPT,cust7829@example.com,0111989257
7831,Customer_7831,Cairo,cust7830@example.com,0126233743
7832,Customer_7832,Cairo,cust7831@example.com,0104582946
7833,Customer_7833,Cairo,cust7832@example.com,0101591777
7834,Customer_7834,Alexandria,cust7833@example.com,
7835,Customer_7835,giza,cust7834@example.com,0114022037
7836,Customer_7836,Cairo,,0124743283
7837,Customer_7837,EGYPT,cust7836@example.com,0107625005
7838,Customer_7838,giza,cust7837@example.com,
7839,Customer_7839,giza,,0126004404
7840,Customer_7840,Cairo,cust7839@example.com,0119985722
7841,Customer_7841,Giza,cust7840@example.com,
7842,Customer_7842,Cairo,cust7841@example.com,0113774502
7843,Customer_7843,Giza,cust7842@example.com,0115871952
7844,Customer_7844,Cairo,cust7843@example.com,0128702017
7845,Customer_7845,EGYPT,cust7844@example.com,0129530385
7846,Customer_7846,Giza,,0117436960
7847,Customer_7847,Alexandria,cust7846@example.com,0118426322
7848,Customer_7848,giza,cust7847@example.com,0124827069
7849,Customer_7849,Cairo,cust7848@example.com,0128513695
7850,Customer_7850,giza,cust7849@example.com,0103633745
7851,Customer_7851,Cairo,cust7850@example.com,0101895537
7852,Customer_7852,CAIRO,cust7851@example.com,0112405538
7853,Customer_7853,Cairo,,0118843606
7854,Customer_7854,CAIRO,cust7853@example.com,0103954816
7855,Customer_7855,cairo,cust7854@example.com,0111524232
7856,Customer_7856,cairo,cust7855@example.com,0105414466
7857,Customer_7857,giza,,0121350641
7858,Customer_7858,Giza,cust7857@example.com,0103135311
7859,Customer_7859,Cairo,cust7858@example.com,0122929510
7860,Customer_7860,Egypt,cust7859@example.com,0118407729
7861,Customer_7861,Cairo,cust7860@example.com,0119038661
7862,Customer_7862,Cairo,cust7861@example.com,0125796596
7863,Customer_7863,Egypt,cust7862@example.com,0122532077
7864,Customer_7864,cairo,cust7863@example.com,0106889741
7865,Customer_7865,CAIRO,cust7864@example.com,0103669440
7866,Customer_7866,giza,cust7865@example.com,0119016692
7867,Customer_7867,cairo,cust7866@example.com,0116985123
7868,Customer_7868,Egypt,cust7867@example.com,0104825940
7869,Customer_7869,Cairo,cust7868@example.com,0124827511
7870,Customer_7870,cairo,cust7869@example.com,0101020281
7871,Customer_7871,EGYPT,cust7870@example.com,0129772308
7872,Customer_7872,Cairo,cust7871@example.com,0114066261
7873,Customer_7873,alex,,
7874,Customer_7874,Egypt,cust7873@example.com,0125090045
7875,Customer_7875,Alexandria,cust7874@example.com,0123423460
7876,Customer_7876,Giza,cust7875@example.com,0107077712
7877,Customer_7877,Alexandria,cust7876@example.com,0106239471
7878,Customer_7878,cairo,cust7877@example.com,0112280021
7879,Customer_7879,Cairo,cust7878@example.com,0112141935
7880,Customer_7880,Giza,cust7879@example.com,0109960034
7881,Customer_7881,Giza,cust7880@example.com,0107431510
7882,Customer_7882,giza,cust7881@example.com,0121650883
7883,Customer_7883,Alexandria,cust7882@example.com,0126970355
7884,Customer_7884,Cairo,cust7883@example.com,
7885,Customer_7885,giza,cust7884@example.com,0119009498
7886,Customer_7886,CAIRO,cust7885@example.com,0105964413
7887,Customer_7887,Alexandria,cust7886@example.com,0123767557
7888,Customer_7888,giza,cust7887@example.com,0107583951
7889,Customer_7889,CAIRO,cust7888@example.com,0109566857
7890,Customer_7890,EGYPT,,0101292826
7891,Customer_7891,EGYPT,cust7890@example.com,0117065136
7892,Customer_7892,alex,cust7891@example.com,0122439241
7893,Customer_7893,Egypt,cust7892@example.com,
7894,Customer_7894,Egypt,cust7893@example.com,0103455832
7895,Customer_7895,alex,cust7894@example.com,0122903646
7896,Customer_7896,giza,cust7895@example.com,0101011365
7897,Customer_7897,Egypt,cust7896@example.com,0122893710
7898,Customer_7898,Egypt,cust7897@example.com,0128378095
7899,Customer_7899,Alexandria,cust7898@example.com,0106357865
7900,Customer_7900,Alexandria,cust7899@example.com,0101551188
7901,Customer_7901,alex,cust7900@example.com,0124081563
7902,Customer_7902,Cairo,cust7901@example.com,0109465420
7903,Customer_7903,CAIRO,cust7902@example.com,0107495412
7904,Customer_7904,giza,cust7903@example.com,0115006079
7905,Customer_7905,Alexandria,cust7904@example.com,0115341747
7906,Customer_7906,Alexandria,cust7905@example.com,0116400060
7907,Customer_7907,EGYPT,cust7906@example.com,0124554467
7908,Customer_7908,CAIRO,cust7907@example.com,0114278941
7909,Customer_7909,EGYPT,cust7908@example.com,0111853699
7910,Customer_7910,Cairo,cust7909@example.com,
7911,Customer_7911,CAIRO,cust7910@example.com,0101965037
7912,Customer_7912,Egypt,cust7911@example.com,
7913,Customer_7913,EGYPT,cust7912@example.com,0124159346
7914,Customer_7914,giza,cust7913@example.com,0123927382
7915,Customer_7915,Egypt,cust7914@example.com,0122447428
7916,Customer_7916,CAIRO,cust7915@example.com,0128632021
7917,Customer_7917,Cairo,cust7916@example.com,0129858388
7918,Customer_7918,Alexandria,cust7917@example.com,0116198452
7919,Customer_7919,alex,cust7918@example.com,0113267699
7920,Customer_7920,Giza,cust7919@example.com,
7921,Customer_7921,Cairo,cust7920@example.com,0117578582
7922,Customer_7922,Egypt,,0123589963
7923,Customer_7923,EGYPT,cust7922@example.com,0108775512
7924,Customer_7924,cairo,cust7923@example.com,0125464461
7925,Customer_7925,Cairo,cust7924@example.com,
7926,Customer_7926,Giza,cust7925@example.com,0128495704
7927,Customer_7927,Alexandria,cust7926@example.com,0117638739
7928,Customer_7928,EGYPT,cust7927@example.com,
7929,Customer_7929,giza,cust7928@example.com,0128698331
7930,Customer_7930,cairo,cust7929@example.com,0116151162
7931,Customer_7931,Giza,cust7930@example.com,
7932,Customer_7932,giza,cust7931@example.com,0106372185
7933,Customer_7933,Cairo,cust7932@example.com,0102296148
7934,Customer_7934,alex,cust7933@example.com,
7935,Customer_7935,Giza,cust7934@example.com,0107745133
7936,Customer_7936,CAIRO,cust7935@example.com,0124743292
7937,Customer_7937,Egypt,cust7936@example.com,
7938,Customer_7938,CAIRO,cust7937@example.com,0124578898
7939,Customer_7939,alex,cust7938@example.com,0103707324
7940,Customer_7940,giza,cust7939@example.com,0113180141
7941,Customer_7941,CAIRO,cust7940@example.com,0127879685
7942,Customer_7942,Alexandria,cust7941@example.com,0127296807
7943,Customer_7943,Giza,cust7942@example.com,
7944,Customer_7944,Alexandria,,
7945,Customer_7945,cairo,cust7944@example.com,0119777394
7946,Customer_7946,alex,cust7945@example.com,0106581498
7947,Customer_7947,cairo,cust7946@example.com,0106825820
7948,Customer_7948,cairo,cust7947@example.com,0126521555
7949,Customer_7949,cairo,cust7948@example.com,0105910294
7950,Customer_7950,Cairo,cust7949@example.com,0111615398
7951,Customer_7951,Cairo,cust7950@example.com,
7952,Customer_7952,alex,,0128053676
7953,Customer_7953,EGYPT,cust7952@example.com,0127387169
7954,Customer_7954,CAIRO,,0125238563
7955,Customer_7955,Cairo,cust7954@example.com,
7956,Customer_7956,Alexandria,cust7955@example.com,0122575818
7957,Customer_7957,Cairo,cust7956@example.com,
7958,Customer_7958,giza,,0128215797
7959,Customer_7959,cairo,cust7958@example.com,0127602069
7960,Customer_7960,Cairo,cust7959@example.com,0112871962
7961,Customer_7961,alex,cust7960@example.com,0105043267
7962,Customer_7962,Alexandria,cust7961@example.com,
7963,Customer_7963,Alexandria,cust7962@example.com,
7964,Customer_7964,EGYPT,cust7963@example.com,0111815966
7965,Customer_7965,Egypt,cust7964@example.com,0109710275
7966,Customer_7966,Egypt,cust7965@example.com,0125263438
7967,Customer_7967,CAIRO,cust7966@example.com,0104429111
7968,Customer_7968,Giza,cust7967@example.com,
7969,Customer_7969,alex,cust7968@example.com,
7970,Customer_7970,giza,cust7969@example.com,0101713942
7971,Customer_7971,Cairo,,0127198276
7972,Customer_7972,alex,cust7971@example.com,
7973,Customer_7973,Egypt,cust7972@example.com,0112446983
7974,Customer_7974,alex,cust7973@example.com,0115009352
7975,Customer_7975,Cairo,cust7974@example.com,0129402453
7976,Customer_7976,EGYPT,,0115340952
7977,Customer_7977,CAIRO,cust7976@example.com,0101834493
7978,Customer_7978,EGYPT,cust7977@example.com,0103900764
7979,Customer_7979,Egypt,,
7980,Customer_7980,cairo,cust7979@example.com,0118908173
7981,Customer_7981,Egypt,cust7980@example.com,
7982,Customer_7982,CAIRO,cust7981@example.com,0125349482
7983,Customer_7983,Cairo,cust7982@example.com,0128791659
7984,Customer_7984,Giza,cust7983@example.com,
7985,Customer_7985,EGYPT,cust7984@example.com,0128069475
7986,Customer_7986,Egypt,cust7985@example.com,0117296421
7987,Customer_7987,EGYPT,cust7986@example.com,0104761475
7988,Customer_7988,Egypt,cust7987@example.com,0101188528
7989,Customer_7989,CAIRO,cust7988@example.com,0117713972
7990,Customer_7990,EGYPT,cust7989@example.com,0103387899
7991,Customer_7991,Egypt,cust7990@example.com,0101589318
7992,Customer_7992,Cairo,cust7991@example.com,0106761416
7993,Customer_7993,CAIRO,cust7992@example.com,0107815425
7994,Customer_7994,Giza,cust7993@example.com,0113561412
7995,Customer_7995,alex,cust7994@example.com,
7996,Customer_7996,cairo,cust7995@example.com,0112709923
7997,Customer_7997,Cairo,cust7996@example.com,0124597513
7998,Customer_7998,CAIRO,,0118242455
7999,Customer_7999,EGYPT,cust7998@example.com,0116312358
8000,Customer_8000,Cairo,cust7999@example.com,0102453051
8001,Customer_8001,CAIRO,cust8000@example.com,0128209780
8002,Customer_8002,CAIRO,cust8001@example.com,0111004410
8003,Customer_8003,EGYPT,,0126985282
8004,Customer_8004,CAIRO,cust8003@example.com,0104826744
8005,Customer_8005,giza,cust8004@example.com,0116378342
8006,Customer_8006,Cairo,cust8005@example.com,0115966681
8007,Customer_8007,Egypt,cust8006@example.com,
8008,Customer_8008,Egypt,cust8007@example.com,
8009,Customer_8009,Cairo,cust8008@example.com,0109692170
8010,Customer_8010,cairo,cust8009@example.com,0127437439
8011,Customer_8011,Cairo,cust8010@example.com,0117581315
8012,Customer_8012,Alexandria,cust8011@example.com,0116123988
8013,Customer_8013,CAIRO,cust8012@example.com,0111295825
8014,Customer_8014,alex,cust8013@example.com,0127554834
8015,Customer_8015,EGYPT,cust8014@example.com,0125259398
8016,Customer_8016,giza,cust8015@example.com,0103754147
8017,Customer_8017,alex,cust8016@example.com,0101220951
8018,Customer_8018,Egypt,cust8017@example.com,0111172202
8019,Customer_8019,EGYPT,cust8018@example.com,0104595575
8020,Customer_8020,EGYPT,cust8019@example.com,0129938302
8021,Customer_8021,EGYPT,cust8020@example.com,0107071873
8022,Customer_8022,giza,cust8021@example.com,0127576037
8023,Customer_8023,CAIRO,cust8022@example.com,0115183022
8024,Customer_8024,Alexandria,cust8023@example.com,0106331794
8025,Customer_8025,Giza,cust8024@example.com,0114179742
8026,Customer_8026,giza,cust8025@example.com,0101814927
8027,Customer_8027,alex,cust8026@example.com,0103486862
8028,Customer_8028,CAIRO,cust8027@example.com,
8029,Customer_8029,Cairo,cust8028@example.com,
8030,Customer_8030,Egypt,cust8029@example.com,0127286845
8031,Customer_8031,Alexandria,,0105466017
8032,Customer_8032,CAIRO,cust8031@example.com,0116350809
8033,Customer_8033,Cairo,cust8032@example.com,0114494009
8034,Customer_8034,Alexandria,cust8033@example.com,0117265286
8035,Customer_8035,Cairo,cust8034@example.com,0127630456
8036,Customer_8036,giza,,0112748060
8037,Customer_8037,Cairo,,0125164369
8038,Customer_8038,Alexandria,cust8037@example.com,
8039,Customer_8039,Cairo,cust8038@example.com,0122874604
8040,Customer_8040,alex,,0108977012
8041,Customer_8041,CAIRO,cust8040@example.com,0103262460
8042,Customer_8042,Alexandria,cust8041@example.com,0107324294
8043,Customer_8043,alex,cust8042@example.com,0115331263
8044,Customer_8044,Cairo,cust8043@example.com,0122187227
8045,Customer_8045,Cairo,cust8044@example.com,
8046,Customer_8046,EGYPT,cust8045@example.com,
8047,Customer_8047,Alexandria,,
8048,Customer_8048,giza,cust8047@example.com,0104234455
8049,Customer_8049,Cairo,cust8048@example.com,0108958372
8050,Customer_8050,Egypt,cust8049@example.com,0109064364
8051,Customer_8051,Giza,cust8050@example.com,0113653029
8052,Customer_8052,giza,cust8051@example.com,0116581266
8053,Customer_8053,CAIRO,cust8052@example.com,0125445536
8054,Customer_8054,cairo,cust8053@example.com,0129985254
8055,Customer_8055,Egypt,cust8054@example.com,0111258007
8056,Customer_8056,cairo,cust8055@example.com,0116676795
8057,Customer_8057,Cairo,cust8056@example.com,0123250156
8058,Customer_8058,CAIRO,cust8057@example.com,0109930239
8059,Customer_8059,alex,cust8058@example.com,0101474859
8060,Customer_8060,Cairo,cust8059@example.com,0124102836
8061,Customer_8061,cairo,,0109104540
8062,Customer_8062,Cairo,cust8061@example.com,
8063,Customer_8063,Giza,cust8062@example.com,0118877228
8064,Customer_8064,EGYPT,cust8063@example.com,0127416026
8065,Customer_8065,Giza,,0108982188
8066,Customer_8066,CAIRO,,
8067,Customer_8067,alex,cust8066@example.com,0126677900
8068,Customer_8068,Giza,cust8067@example.com,0114975103
8069,Customer_8069,Alexandria,,0111596145
8070,Customer_8070,alex,cust8069@example.com,0107269033
8071,Customer_8071,cairo,cust8070@example.com,0101280703
8072,Customer_8072,Giza,cust8071@example.com,0125685479
8073,Customer_8073,EGYPT,cust8072@example.com,
8074,Customer_8074,alex,cust8073@example.com,0116971363
8075,Customer_8075,Cairo,cust8074@example.com,
8076,Customer_8076,EGYPT,cust8075@example.com,
8077,Customer_8077,Cairo,cust8076@example.com,0129161233
8078,Customer_8078,Giza,cust8077@example.com,0109164034
8079,Customer_8079,Egypt,cust8078@example.com,
8080,Customer_8080,Egypt,cust8079@example.com,0108263655
8081,Customer_8081,cairo,cust8080@example.com,0103432183
8082,Customer_8082,EGYPT,cust8081@example.com,0105183178
8083,Customer_8083,Cairo,cust8082@example.com,
8084,Customer_8084,giza,,0121544594
8085,Customer_8085,EGYPT,cust8084@example.com,
8086,Customer_8086,Alexandria,cust8085@example.com,0124080355
8087,Customer_8087,cairo,cust8086@example.com,
8088,Customer_8088,Cairo,cust8087@example.com,0109959985
8089,Customer_8089,Egypt,cust8088@example.com,0101697152
8090,Customer_8090,alex,cust8089@example.com,0127646557
8091,Customer_8091,Alexandria,cust8090@example.com,0115616395
8092,Customer_8092,Cairo,cust8091@example.com,
8093,Customer_8093,Cairo,,0124629743
8094,Customer_8094,Giza,cust8093@example.com,0114967864
8095,Customer_8095,Egypt,cust8094@example.com,0108414297
8096,Customer_8096,EGYPT,cust8095@example.com,
8097,Customer_8097,alex,cust8096@example.com,0112636945
8098,Customer_8098,Giza,cust8097@example.com,
8099,Customer_8099,alex,cust8098@example.com,0106018505
8100,Customer_8100,cairo,cust8099@example.com,0122552888
8101,Customer_8101,Egypt,cust8100@example.com,0122002015
8102,Customer_8102,Cairo,cust8101@example.com,
8103,Customer_8103,giza,cust8102@example.com,
8104,Customer_8104,CAIRO,cust8103@example.com,0104224343
8105,Customer_8105,CAIRO,cust8104@example.com,0126958889
8106,Customer_8106,giza,cust8105@example.com,0103800415
8107,Customer_8107,CAIRO,cust8106@example.com,0116795979
8108,Customer_8108,Giza,cust8107@example.com,0105505052
8109,Customer_8109,cairo,cust8108@example.com,
8110,Customer_8110,CAIRO,cust8109@example.com,0122815024
8111,Customer_8111,cairo,,0113731075
8112,Customer_8112,Cairo,cust8111@example.com,0117398074
8113,Customer_8113,cairo,cust8112@example.com,0123072174
8114,Customer_8114,Giza,,0104834306
8115,Customer_8115,giza,cust8114@example.com,0107644019
8116,Customer_8116,cairo,cust8115@example.com,0124248756
8117,Customer_8117,alex,cust8116@example.com,0125372912
8118,Customer_8118,EGYPT,cust8117@example.com,
8119,Customer_8119,CAIRO,cust8118@example.com,0117511697
8120,Customer_8120,giza,,0104420535
8121,Customer_8121,Alexandria,,0118348161
8122,Customer_8122,Cairo,,0112237521
8123,Customer_8123,EGYPT,cust8122@example.com,0101923342
8124,Customer_8124,alex,cust8123@example.com,0106262057
8125,Customer_8125,Egypt,cust8124@example.com,0115581152
8126,Customer_8126,Giza,cust8125@example.com,0129593109
8127,Customer_8127,EGYPT,cust8126@example.com,0118456137
8128,Customer_8128,giza,cust8127@example.com,0122835446
8129,Customer_8129,giza,cust8128@example.com,0116938829
8130,Customer_8130,giza,cust8129@example.com,0127948439
8131,Customer_8131,Cairo,cust8130@example.com,0128097713
8132,Customer_8132,cairo,cust8131@example.com,0126426864
8133,Customer_8133,CAIRO,cust8132@example.com,0113246502
8134,Customer_8134,Egypt,,
8135,Customer_8135,giza,cust8134@example.com,0124149916
8136,Customer_8136,Alexandria,cust8135@example.com,0119172229
8137,Customer_8137,Cairo,cust8136@example.com,0116283270
8138,Customer_8138,giza,cust8137@example.com,0116075500
8139,Customer_8139,Alexandria,cust8138@example.com,0111593737
8140,Customer_8140,Egypt,cust8139@example.com,0122892764
8141,Customer_8141,Egypt,cust8140@example.com,0107498787
8142,Customer_8142,CAIRO,cust8141@example.com,0128804815
8143,Customer_8143,alex,cust8142@example.com,0128666882
8144,Customer_8144,CAIRO,cust8143@example.com,
8145,Customer_8145,cairo,cust8144@example.com,0108231657
8146,Customer_8146,Giza,cust8145@example.com,0107890017
8147,Customer_8147,Egypt,,0128637227
8148,Customer_8148,Giza,cust8147@example.com,
8149,Customer_8149,Cairo,cust8148@example.com,0122109848
8150,Customer_8150,EGYPT,cust8149@example.com,
8151,Customer_8151,giza,cust8150@example.com,0119768955
8152,Customer_8152,Cairo,cust8151@example.com,0111916251
8153,Customer_8153,Egypt,cust8152@example.com,0102618999
8154,Customer_8154,Alexandria,cust8153@example.com,0117748541
8155,Customer_8155,Giza,cust8154@example.com,0115753295
8156,Customer_8156,CAIRO,cust8155@example.com,0111268779
8157,Customer_8157,EGYPT,,0103906301
8158,Customer_8158,alex,cust8157@example.com,0115798786
8159,Customer_8159,Cairo,cust8158@example.com,0103528798
8160,Customer_8160,alex,cust8159@example.com,0105277225
8161,Customer_8161,Giza,cust8160@example.com,0117837410
8162,Customer_8162,Giza,cust8161@example.com,0111028289
8163,Customer_8163,giza,cust8162@example.com,0127772042
8164,Customer_8164,Alexandria,cust8163@example.com,0117718964
8165,Customer_8165,Alexandria,cust8164@example.com,0112134775
8166,Customer_8166,cairo,cust8165@example.com,
8167,Customer_8167,CAIRO,cust8166@example.com,0127190808
8168,Customer_8168,Egypt,cust8167@example.com,0116505335
8169,Customer_8169,Egypt,cust8168@example.com,
8170,Customer_8170,Giza,,0121416801
8171,Customer_8171,Cairo,cust8170@example.com,0123379140
8172,Customer_8172,Egypt,cust8171@example.com,0104711812
8173,Customer_8173,Egypt,cust8172@example.com,0124712676
8174,Customer_8174,Cairo,cust8173@example.com,0103382336
8175,Customer_8175,CAIRO,cust8174@example.com,0114933448
8176,Customer_8176,EGYPT,cust8175@example.com,0128845639
8177,Customer_8177,Alexandria,,0117576167
8178,Customer_8178,giza,cust8177@example.com,0116732109
8179,Customer_8179,giza,cust8178@example.com,0127980177
8180,Customer_8180,giza,cust8179@example.com,0105476526
8181,Customer_8181,Cairo,cust8180@example.com,0116266208
8182,Customer_8182,giza,cust8181@example.com,0113685256
8183,Customer_8183,Giza,cust8182@example.com,0103061942
8184,Customer_8184,cairo,cust8183@example.com,0104975956
8185,Customer_8185,Cairo,cust8184@example.com,0106645180
8186,Customer_8186,Cairo,cust8185@example.com,0119213089
8187,Customer_8187,Alexandria,cust8186@example.com,0121853614
8188,Customer_8188,giza,cust8187@example.com,0126189022
8189,Customer_8189,alex,cust8188@example.com,0103389174
8190,Customer_8190,EGYPT,cust8189@example.com,
8191,Customer_8191,cairo,cust8190@example.com,0112147786
8192,Customer_8192,Cairo,cust8191@example.com,0108566875
8193,Customer_8193,cairo,cust8192@example.com,
8194,Customer_8194,Cairo,cust8193@example.com,0112467523
8195,Customer_8195,CAIRO,,0103137408
8196,Customer_8196,Alexandria,cust8195@example.com,0105365568
8197,Customer_8197,Giza,cust8196@example.com,0123657400
8198,Customer_8198,CAIRO,cust8197@example.com,0105861271
8199,Customer_8199,giza,cust8198@example.com,0119404079
8200,Customer_8200,EGYPT,cust8199@example.com,0115410939
8201,Customer_8201,alex,cust8200@example.com,0107151587
8202,Customer_8202,Giza,cust8201@example.com,0105845838
8203,Customer_8203,CAIRO,cust8202@example.com,0128331368
8204,Customer_8204,cairo,cust8203@example.com,0105546365
8205,Customer_8205,cairo,cust8204@example.com,0109084812
8206,Customer_8206,EGYPT,cust8205@example.com,0121831899
8207,Customer_8207,Cairo,cust8206@example.com,0117747644
8208,Customer_8208,cairo,cust8207@example.com,0126422894
8209,Customer_8209,giza,cust8208@example.com,0126803232
8210,Customer_8210,alex,cust8209@example.com,0127281303
8211,Customer_8211,Alexandria,cust8210@example.com,
8212,Customer_8212,giza,cust8211@example.com,0121638205
8213,Customer_8213,alex,cust8212@example.com,0127871214
8214,Customer_8214,EGYPT,cust8213@example.com,0104052452
8215,Customer_8215,giza,cust8214@example.com,
8216,Customer_8216,Alexandria,cust8215@example.com,0126418841
8217,Customer_8217,Alexandria,cust8216@example.com,0127716582
8218,Customer_8218,Egypt,cust8217@example.com,0128174615
8219,Customer_8219,Cairo,,0116349177
8220,Customer_8220,EGYPT,cust8219@example.com,0114724342
8221,Customer_8221,giza,cust8220@example.com,0107286848
8222,Customer_8222,Giza,cust8221@example.com,0122934422
8223,Customer_8223,Giza,cust8222@example.com,0119993439
8224,Customer_8224,EGYPT,cust8223@example.com,0122725659
8225,Customer_8225,giza,cust8224@example.com,0109734554
8226,Customer_8226,CAIRO,,0127563687
8227,Customer_8227,CAIRO,cust8226@example.com,0123108514
8228,Customer_8228,Cairo,cust8227@example.com,0113341007
8229,Customer_8229,giza,cust8228@example.com,0102291870
8230,Customer_8230,Alexandria,cust8229@example.com,0108087871
8231,Customer_8231,cairo,cust8230@example.com,
8232,Customer_8232,Giza,cust8231@example.com,
8233,Customer_8233,giza,cust8232@example.com,0127397087
8234,Customer_8234,giza,cust8233@example.com,0114112284
8235,Customer_8235,cairo,cust8234@example.com,0106335961
8236,Customer_8236,cairo,,0121586170
8237,Customer_8237,alex,cust8236@example.com,0123019782
8238,Customer_8238,Egypt,cust8237@example.com,0119706609
8239,Customer_8239,Cairo,cust8238@example.com,0114732822
8240,Customer_8240,Giza,cust8239@example.com,0128061005
8241,Customer_8241,cairo,cust8240@example.com,0118275821
8242,Customer_8242,CAIRO,cust8241@example.com,0107028159
8243,Customer_8243,EGYPT,cust8242@example.com,0113990824
8244,Customer_8244,CAIRO,cust8243@example.com,
8245,Customer_8245,alex,cust8244@example.com,0109936966
8246,Customer_8246,alex,,
8247,Customer_8247,cairo,cust8246@example.com,0105591494
8248,Customer_8248,alex,cust8247@example.com,
8249,Customer_8249,Alexandria,cust8248@example.com,0115763126
8250,Customer_8250,giza,,0117365214
8251,Customer_8251,giza,cust8250@example.com,
8252,Customer_8252,cairo,cust8251@example.com,0105387049
8253,Customer_8253,alex,cust8252@example.com,0107536614
8254,Customer_8254,EGYPT,cust8253@example.com,0107584137
8255,Customer_8255,Alexandria,cust8254@example.com,0111459771
8256,Customer_8256,Cairo,cust8255@example.com,0123604185
8257,Customer_8257,alex,cust8256@example.com,
8258,Customer_8258,Alexandria,cust8257@example.com,0125268723
8259,Customer_8259,Egypt,cust8258@example.com,0128547331
8260,Customer_8260,Cairo,cust8259@example.com,0123402180
8261,Customer_8261,giza,cust8260@example.com,0125397764
8262,Customer_8262,Egypt,cust8261@example.com,0106723064
8263,Customer_8263,cairo,cust8262@example.com,0113827952
8264,Customer_8264,Giza,cust8263@example.com,0105238994
8265,Customer_8265,cairo,cust8264@example.com,0116145716
8266,Customer_8266,EGYPT,cust8265@example.com,0106048681
8267,Customer_8267,Alexandria,,0129793613
8268,Customer_8268,Giza,cust8267@example.com,0122468728
8269,Customer_8269,Cairo,cust8268@example.com,0121294247
8270,Customer_8270,Cairo,cust8269@example.com,0129562980
8271,Customer_8271,Egypt,cust8270@example.com,0109313130
8272,Customer_8272,EGYPT,cust8271@example.com,
8273,Customer_8273,giza,cust8272@example.com,0111631075
8274,Customer_8274,alex,,0103195947
8275,Customer_8275,alex,cust8274@example.com,0126650962
8276,Customer_8276,Giza,cust8275@example.com,
8277,Customer_8277,EGYPT,cust8276@example.com,0126442848
8278,Customer_8278,EGYPT,cust8277@example.com,0104013251
8279,Customer_8279,Cairo,cust8278@example.com,0106260805
8280,Customer_8280,giza,cust8279@example.com,0113625830
8281,Customer_8281,Alexandria,cust8280@example.com,0117765383
8282,Customer_8282,giza,cust8281@example.com,
8283,Customer_8283,CAIRO,,0107533404
8284,Customer_8284,EGYPT,cust8283@example.com,0122577302
8285,Customer_8285,cairo,cust8284@example.com,0125766018
8286,Customer_8286,EGYPT,cust8285@example.com,0128462121
8287,Customer_8287,Giza,,0107745544
8288,Customer_8288,cairo,cust8287@example.com,
8289,Customer_8289,Giza,cust8288@example.com,0118363697
8290,Customer_8290,Egypt,cust8289@example.com,0116767654
8291,Customer_8291,Cairo,cust8290@example.com,0123035510
8292,Customer_8292,EGYPT,,0109495384
8293,Customer_8293,Cairo,cust8292@example.com,0124375005
8294,Customer_8294,alex,,0117687614
8295,Customer_8295,Giza,cust8294@example.com,
8296,Customer_8296,CAIRO,cust8295@example.com,0107410071
8297,Customer_8297,CAIRO,cust8296@example.com,0127138025
8298,Customer_8298,alex,cust8297@example.com,0119529338
8299,Customer_8299,Egypt,cust8298@example.com,0118038896
8300,Customer_8300,CAIRO,cust8299@example.com,0125098485
8301,Customer_8301,Giza,cust8300@example.com,0109018266
8302,Customer_8302,CAIRO,cust8301@example.com,0124746407
8303,Customer_8303,alex,cust8302@example.com,0122641653
8304,Customer_8304,cairo,cust8303@example.com,0115874920
8305,Customer_8305,Cairo,cust8304@example.com,0112941460
8306,Customer_8306,Alexandria,cust8305@example.com,
8307,Customer_8307,Giza,cust8306@example.com,0111939436
8308,Customer_8308,Cairo,cust8307@example.com,0124683994
8309,Customer_8309,giza,cust8308@example.com,
8310,Customer_8310,CAIRO,cust8309@example.com,0111057866
8311,Customer_8311,CAIRO,cust8310@example.com,0119388749
8312,Customer_8312,Egypt,cust8311@example.com,0107274965
8313,Customer_8313,Cairo,cust8312@example.com,0114733921
8314,Customer_8314,giza,cust8313@example.com,
8315,Customer_8315,CAIRO,cust8314@example.com,
8316,Customer_8316,Egypt,cust8315@example.com,0125868832
8317,Customer_8317,Cairo,cust8316@example.com,0125170656
8318,Customer_8318,Egypt,cust8317@example.com,
8319,Customer_8319,Cairo,cust8318@example.com,
8320,Customer_8320,EGYPT,cust8319@example.com,0112868528
8321,Customer_8321,EGYPT,cust8320@example.com,0103675799
8322,Customer_8322,alex,cust8321@example.com,0102603045
8323,Customer_8323,Giza,cust8322@example.com,0119189559
8324,Customer_8324,Egypt,cust8323@example.com,0109579881
8325,Customer_8325,alex,cust8324@example.com,
8326,Customer_8326,Egypt,cust8325@example.com,0107170214
8327,Customer_8327,CAIRO,,
8328,Customer_8328,Alexandria,cust8327@example.com,0106720425
8329,Customer_8329,Egypt,cust8328@example.com,0107391171
8330,Customer_8330,CAIRO,cust8329@example.com,
8331,Customer_8331,giza,,0128231960
8332,Customer_8332,EGYPT,cust8331@example.com,0101151968
8333,Customer_8333,alex,cust8332@example.com,0112493457
8334,Customer_8334,Alexandria,cust8333@example.com,0101298111
8335,Customer_8335,EGYPT,cust8334@example.com,0115910914
8336,Customer_8336,alex,cust8335@example.com,0129199274
8337,Customer_8337,Alexandria,cust8336@example.com,0108336906
8338,Customer_8338,cairo,,0123923124
8339,Customer_8339,CAIRO,cust8338@example.com,0111057763
8340,Customer_8340,cairo,cust8339@example.com,0109106997
8341,Customer_8341,CAIRO,cust8340@example.com,
8342,Customer_8342,Cairo,cust8341@example.com,0119520723
8343,Customer_8343,Giza,cust8342@example.com,0127319256
8344,Customer_8344,Alexandria,cust8343@example.com,0101724625
8345,Customer_8345,cairo,cust8344@example.com,0117974049
8346,Customer_8346,Giza,cust8345@example.com,0126101445
8347,Customer_8347,Alexandria,cust8346@example.com,
8348,Customer_8348,alex,cust8347@example.com,0128502944
8349,Customer_8349,Cairo,cust8348@example.com,0105135425
8350,Customer_8350,alex,,0118439856
8351,Customer_8351,CAIRO,cust8350@example.com,
8352,Customer_8352,Giza,cust8351@example.com,
8353,Customer_8353,Alexandria,cust8352@example.com,0105602049
8354,Customer_8354,Egypt,cust8353@example.com,0123981394
8355,Customer_8355,Giza,cust8354@example.com,0126513891
8356,Customer_8356,giza,cust8355@example.com,0104751435
8357,Customer_8357,cairo,cust8356@example.com,0126997374
8358,Customer_8358,Alexandria,cust8357@example.com,
8359,Customer_8359,EGYPT,cust8358@example.com,0103795957
8360,Customer_8360,EGYPT,cust8359@example.com,0104576185
8361,Customer_8361,CAIRO,cust8360@example.com,0128013064
8362,Customer_8362,Giza,cust8361@example.com,0104513050
8363,Customer_8363,Giza,cust8362@example.com,
8364,Customer_8364,EGYPT,cust8363@example.com,0127462538
8365,Customer_8365,Giza,cust8364@example.com,
8366,Customer_8366,Giza,cust8365@example.com,0112667071
8367,Customer_8367,CAIRO,cust8366@example.com,0118754143
8368,Customer_8368,cairo,cust8367@example.com,0122063485
8369,Customer_8369,giza,,
8370,Customer_8370,cairo,cust8369@example.com,0105705677
8371,Customer_8371,giza,cust8370@example.com,0124064189
8372,Customer_8372,Egypt,cust8371@example.com,0126786342
8373,Customer_8373,cairo,,
8374,Customer_8374,Cairo,cust8373@example.com,0114712559
8375,Customer_8375,Egypt,cust8374@example.com,0106412218
8376,Customer_8376,giza,cust8375@example.com,0103976027
8377,Customer_8377,giza,cust8376@example.com,0102377222
8378,Customer_8378,Egypt,cust8377@example.com,0102962587
8379,Customer_8379,giza,cust8378@example.com,
8380,Customer_8380,Alexandria,cust8379@example.com,0101700330
8381,Customer_8381,Cairo,cust8380@example.com,0118409867
8382,Customer_8382,Alexandria,cust8381@example.com,0121259001
8383,Customer_8383,giza,cust8382@example.com,0112113673
8384,Customer_8384,cairo,cust8383@example.com,0117255396
8385,Customer_8385,Alexandria,cust8384@example.com,
8386,Customer_8386,cairo,cust8385@example.com,
8387,Customer_8387,Egypt,cust8386@example.com,0117101348
8388,Customer_8388,Giza,cust8387@example.com,
8389,Customer_8389,alex,cust8388@example.com,0105614033
8390,Customer_8390,giza,cust8389@example.com,0121941923
8391,Customer_8391,alex,cust8390@example.com,0104098485
8392,Customer_8392,Cairo,cust8391@example.com,0105222802
8393,Customer_8393,cairo,,0128297153
8394,Customer_8394,Alexandria,cust8393@example.com,
8395,Customer_8395,alex,,0116325018
8396,Customer_8396,CAIRO,cust8395@example.com,0117458764
8397,Customer_8397,giza,cust8396@example.com,0104798291
8398,Customer_8398,alex,cust8397@example.com,0101146398
8399,Customer_8399,Alexandria,cust8398@example.com,0119099011
8400,Customer_8400,Alexandria,cust8399@example.com,0127235185
8401,Customer_8401,Cairo,,0102163207
8402,Customer_8402,EGYPT,cust8401@example.com,0129301278
8403,Customer_8403,CAIRO,cust8402@example.com,0103265884
8404,Customer_8404,alex,cust8403@example.com,0103793958
8405,Customer_8405,CAIRO,cust8404@example.com,0108168632
8406,Customer_8406,EGYPT,cust8405@example.com,
8407,Customer_8407,alex,cust8406@example.com,0118692869
8408,Customer_8408,CAIRO,cust8407@example.com,0114410444
8409,Customer_8409,cairo,cust8408@example.com,0119794265
8410,Customer_8410,Alexandria,cust8409@example.com,0125223437
8411,Customer_8411,Giza,,0128072891
8412,Customer_8412,Egypt,cust8411@example.com,0115877586
8413,Customer_8413,giza,cust8412@example.com,
8414,Customer_8414,Giza,cust8413@example.com,0123591990
8415,Customer_8415,alex,cust8414@example.com,0109922305
8416,Customer_8416,alex,cust8415@example.com,0127400579
8417,Customer_8417,CAIRO,cust8416@example.com,
8418,Customer_8418,Alexandria,cust8417@example.com,
8419,Customer_8419,EGYPT,cust8418@example.com,0107078402
8420,Customer_8420,Cairo,cust8419@example.com,0108510510
8421,Customer_8421,CAIRO,cust8420@example.com,0119895963
8422,Customer_8422,Cairo,cust8421@example.com,0118188542
8423,Customer_8423,Egypt,cust8422@example.com,
8424,Customer_8424,CAIRO,cust8423@example.com,0111448646
8425,Customer_8425,Egypt,cust8424@example.com,0102230946
8426,Customer_8426,giza,cust8425@example.com,0107645335
8427,Customer_8427,CAIRO,cust8426@example.com,0128484422
8428,Customer_8428,Alexandria,cust8427@example.com,0116230565
8429,Customer_8429,Alexandria,cust8428@example.com,0113112106
8430,Customer_8430,alex,,0104199851
8431,Customer_8431,giza,cust8430@example.com,
8432,Customer_8432,alex,cust8431@example.com,0124284784
8433,Customer_8433,Cairo,cust8432@example.com,0116560551
8434,Customer_8434,Giza,cust8433@example.com,0102612840
8435,Customer_8435,EGYPT,cust8434@example.com,0104580866
8436,Customer_8436,giza,cust8435@example.com,0126074414
8437,Customer_8437,EGYPT,,0118021582
8438,Customer_8438,EGYPT,cust8437@example.com,0115222230
8439,Customer_8439,cairo,cust8438@example.com,0108207278
8440,Customer_8440,CAIRO,,
8441,Customer_8441,giza,cust8440@example.com,0117986153
8442,Customer_8442,alex,,0105903263
8443,Customer_8443,Cairo,cust8442@example.com,0121991182
8444,Customer_8444,CAIRO,cust8443@example.com,
8445,Customer_8445,cairo,cust8444@example.com,0108700538
8446,Customer_8446,Cairo,cust8445@example.com,0104805524
8447,Customer_8447,giza,cust8446@example.com,0112763093
8448,Customer_8448,Giza,cust8447@example.com,0105948142
8449,Customer_8449,EGYPT,cust8448@example.com,0111178696
8450,Customer_8450,cairo,cust8449@example.com,0111188303
8451,Customer_8451,Cairo,cust8450@example.com,0126393124
8452,Customer_8452,alex,cust8451@example.com,0119299951
8453,Customer_8453,cairo,cust8452@example.com,
8454,Customer_8454,Cairo,cust8453@example.com,0106999962
8455,Customer_8455,cairo,cust8454@example.com,0124007512
8456,Customer_8456,alex,cust8455@example.com,0118570611
8457,Customer_8457,alex,cust8456@example.com,
8458,Customer_8458,Alexandria,cust8457@example.com,0104971216
8459,Customer_8459,EGYPT,cust8458@example.com,0124428682
8460,Customer_8460,CAIRO,cust8459@example.com,
8461,Customer_8461,CAIRO,cust8460@example.com,0104652491
8462,Customer_8462,giza,cust8461@example.com,0116865033
8463,Customer_8463,Egypt,cust8462@example.com,
8464,Customer_8464,giza,cust8463@example.com,0109104569
8465,Customer_8465,Egypt,cust8464@example.com,0105576429
8466,Customer_8466,cairo,cust8465@example.com,
8467,Customer_8467,Egypt,,0106275902
8468,Customer_8468,Alexandria,cust8467@example.com,0119699887
8469,Customer_8469,Alexandria,cust8468@example.com,0104316525
8470,Customer_8470,EGYPT,,
8471,Customer_8471,Cairo,cust8470@example.com,0129583401
8472,Customer_8472,CAIRO,cust8471@example.com,0128661441
8473,Customer_8473,EGYPT,cust8472@example.com,0127297218
8474,Customer_8474,Alexandria,cust8473@example.com,0105481190
8475,Customer_8475,Cairo,cust8474@example.com,
8476,Customer_8476,giza,cust8475@example.com,0112579367
8477,Customer_8477,CAIRO,cust8476@example.com,0115013141
8478,Customer_8478,CAIRO,cust8477@example.com,0123975059
8479,Customer_8479,cairo,cust8478@example.com,0124216033
8480,Customer_8480,Giza,cust8479@example.com,0113036803
8481,Customer_8481,CAIRO,cust8480@example.com,0118764739
8482,Customer_8482,Alexandria,cust8481@example.com,0122519250
8483,Customer_8483,cairo,cust8482@example.com,0113641236
8484,Customer_8484,alex,cust8483@example.com,0129621590
8485,Customer_8485,Egypt,cust8484@example.com,0125702794
8486,Customer_8486,giza,cust8485@example.com,0113890854
8487,Customer_8487,giza,cust8486@example.com,0108749553
8488,Customer_8488,alex,cust8487@example.com,0126532313
8489,Customer_8489,Giza,cust8488@example.com,0129205966
8490,Customer_8490,CAIRO,cust8489@example.com,0125708402
8491,Customer_8491,EGYPT,cust8490@example.com,0114988971
8492,Customer_8492,cairo,cust8491@example.com,0127355691
8493,Customer_8493,alex,cust8492@example.com,0104909278
8494,Customer_8494,Giza,cust8493@example.com,
8495,Customer_8495,giza,cust8494@example.com,0116143110
8496,Customer_8496,alex,cust8495@example.com,0109678405
8497,Customer_8497,Giza,cust8496@example.com,0105383003
8498,Customer_8498,giza,cust8497@example.com,0125411678
8499,Customer_8499,Alexandria,cust8498@example.com,
8500,Customer_8500,cairo,cust8499@example.com,0122687749
8501,Customer_8501,cairo,cust8500@example.com,0125185177
8502,Customer_8502,Egypt,cust8501@example.com,0112015428
8503,Customer_8503,giza,cust8502@example.com,
8504,Customer_8504,alex,cust8503@example.com,0118178529
8505,Customer_8505,cairo,cust8504@example.com,0129198885
8506,Customer_8506,Giza,,
8507,Customer_8507,alex,cust8506@example.com,0113810483
8508,Customer_8508,giza,cust8507@example.com,0107163302
8509,Customer_8509,Giza,cust8508@example.com,0115118840
8510,Customer_8510,CAIRO,cust8509@example.com,0102710457
8511,Customer_8511,Cairo,cust8510@example.com,0129702541
8512,Customer_8512,cairo,cust8511@example.com,0124803640
8513,Customer_8513,cairo,cust8512@example.com,0105283795
8514,Customer_8514,Egypt,cust8513@example.com,0126017389
8515,Customer_8515,Alexandria,cust8514@example.com,0123021366
8516,Customer_8516,Egypt,cust8515@example.com,
8517,Customer_8517,giza,cust8516@example.com,0126511946
8518,Customer_8518,Egypt,,0108152162
8519,Customer_8519,Alexandria,cust8518@example.com,0123167616
8520,Customer_8520,Alexandria,cust8519@example.com,0117770393
8521,Customer_8521,Cairo,cust8520@example.com,
8522,Customer_8522,Giza,cust8521@example.com,
8523,Customer_8523,CAIRO,cust8522@example.com,0104047404
8524,Customer_8524,Alexandria,cust8523@example.com,0113648264
8525,Customer_8525,CAIRO,cust8524@example.com,0117273746
8526,Customer_8526,cairo,cust8525@example.com,0119408590
8527,Customer_8527,EGYPT,cust8526@example.com,0126335100
8528,Customer_8528,Cairo,cust8527@example.com,0112817246
8529,Customer_8529,giza,cust8528@example.com,
8530,Customer_8530,alex,cust8529@example.com,0119209667
8531,Customer_8531,CAIRO,cust8530@example.com,0103573288
8532,Customer_8532,Egypt,cust8531@example.com,
8533,Customer_8533,Alexandria,cust8532@example.com,
8534,Customer_8534,CAIRO,cust8533@example.com,
8535,Customer_8535,alex,,0127837441
8536,Customer_8536,Alexandria,,
8537,Customer_8537,giza,cust8536@example.com,0117228654
8538,Customer_8538,EGYPT,cust8537@example.com,0103003722
8539,Customer_8539,Egypt,cust8538@example.com,0129437480
8540,Customer_8540,CAIRO,cust8539@example.com,0109303602
8541,Customer_8541,Cairo,cust8540@example.com,
8542,Customer_8542,CAIRO,cust8541@example.com,0125385575
8543,Customer_8543,CAIRO,cust8542@example.com,
8544,Customer_8544,alex,cust8543@example.com,0113839486
8545,Customer_8545,alex,,0121505792
8546,Customer_8546,Cairo,cust8545@example.com,0103413707
8547,Customer_8547,CAIRO,cust8546@example.com,0104094358
8548,Customer_8548,Giza,cust8547@example.com,
8549,Customer_8549,giza,cust8548@example.com,0124419636
8550,Customer_8550,alex,cust8549@example.com,0108127997
8551,Customer_8551,alex,cust8550@example.com,0114336126
8552,Customer_8552,Giza,cust8551@example.com,0125811722
8553,Customer_8553,Alexandria,cust8552@example.com,0114190509
8554,Customer_8554,CAIRO,cust8553@example.com,0117831494
8555,Customer_8555,Cairo,cust8554@example.com,0129265668
8556,Customer_8556,alex,cust8555@example.com,0116694733
8557,Customer_8557,Cairo,cust8556@example.com,0113495876
8558,Customer_8558,Cairo,cust8557@example.com,0105418448
8559,Customer_8559,giza,,0116503250
8560,Customer_8560,alex,cust8559@example.com,0113933843
8561,Customer_8561,Egypt,cust8560@example.com,0112144104
8562,Customer_8562,Alexandria,cust8561@example.com,0116040742
8563,Customer_8563,Cairo,cust8562@example.com,0111967812
8564,Customer_8564,alex,cust8563@example.com,0101571980
8565,Customer_8565,Alexandria,cust8564@example.com,0105285468
8566,Customer_8566,Egypt,cust8565@example.com,0119911191
8567,Customer_8567,alex,cust8566@example.com,0116630355
8568,Customer_8568,CAIRO,cust8567@example.com,0101256757
8569,Customer_8569,Cairo,cust8568@example.com,0125460742
8570,Customer_8570,Egypt,cust8569@example.com,0107653831
8571,Customer_8571,CAIRO,cust8570@example.com,0114328443
8572,Customer_8572,Cairo,cust8571@example.com,
8573,Customer_8573,cairo,cust8572@example.com,0102315180
8574,Customer_8574,EGYPT,cust8573@example.com,0113799742
8575,Customer_8575,Giza,cust8574@example.com,0126649478
8576,Customer_8576,Cairo,cust8575@example.com,
8577,Customer_8577,Egypt,,0109296253
8578,Customer_8578,Egypt,cust8577@example.com,
8579,Customer_8579,EGYPT,cust8578@example.com,0129521186
8580,Customer_8580,alex,cust8579@example.com,0122379562
8581,Customer_8581,Giza,cust8580@example.com,0123201166
8582,Customer_8582,Alexandria,cust8581@example.com,0124195583
8583,Customer_8583,Cairo,cust8582@example.com,
8584,Customer_8584,alex,cust8583@example.com,0114793075
8585,Customer_8585,CAIRO,cust8584@example.com,0125957345
8586,Customer_8586,Alexandria,cust8585@example.com,0114554335
8587,Customer_8587,Giza,cust8586@example.com,0116087673
8588,Customer_8588,alex,cust8587@example.com,0108713520
8589,Customer_8589,Alexandria,cust8588@example.com,0103346491
8590,Customer_8590,giza,cust8589@example.com,0112085945
8591,Customer_8591,giza,cust8590@example.com,0125373982
8592,Customer_8592,Cairo,cust8591@example.com,0124095184
8593,Customer_8593,Cairo,cust8592@example.com,0128441436
8594,Customer_8594,Cairo,cust8593@example.com,0104282467
8595,Customer_8595,Giza,cust8594@example.com,0125249720
8596,Customer_8596,alex,cust8595@example.com,0107755514
8597,Customer_8597,CAIRO,cust8596@example.com,
8598,Customer_8598,cairo,cust8597@example.com,
8599,Customer_8599,Egypt,cust8598@example.com,0127098431
8600,Customer_8600,CAIRO,cust8599@example.com,0122818202
8601,Customer_8601,alex,cust8600@example.com,0112998301
8602,Customer_8602,Giza,cust8601@example.com,0123513153
8603,Customer_8603,Alexandria,cust8602@example.com,0125408390
8604,Customer_8604,CAIRO,cust8603@example.com,0123879584
8605,Customer_8605,Alexandria,cust8604@example.com,0126430173
8606,Customer_8606,cairo,cust8605@example.com,0107531476
8607,Customer_8607,alex,cust8606@example.com,0111744608
8608,Customer_8608,alex,cust8607@example.com,0122963708
8609,Customer_8609,Egypt,cust8608@example.com,0125130492
8610,Customer_8610,Giza,cust8609@example.com,
8611,Customer_8611,Egypt,cust8610@example.com,0112887694
8612,Customer_8612,alex,cust8611@example.com,
8613,Customer_8613,Egypt,cust8612@example.com,
8614,Customer_8614,EGYPT,cust8613@example.com,
8615,Customer_8615,alex,cust8614@example.com,0115385434
8616,Customer_8616,CAIRO,cust8615@example.com,0128973245
8617,Customer_8617,EGYPT,cust8616@example.com,0111529860
8618,Customer_8618,CAIRO,cust8617@example.com,0129987803
8619,Customer_8619,EGYPT,cust8618@example.com,0113923674
8620,Customer_8620,CAIRO,cust8619@example.com,0121551718
8621,Customer_8621,alex,cust8620@example.com,0105475087
8622,Customer_8622,Cairo,cust8621@example.com,0124603512
8623,Customer_8623,giza,cust8622@example.com,0122264526
8624,Customer_8624,giza,cust8623@example.com,0128946318
8625,Customer_8625,EGYPT,cust8624@example.com,0103727650
8626,Customer_8626,giza,cust8625@example.com,0124823584
8627,Customer_8627,Alexandria,cust8626@example.com,0114629701
8628,Customer_8628,EGYPT,cust8627@example.com,0118429272
8629,Customer_8629,CAIRO,cust8628@example.com,0127399806
8630,Customer_8630,Giza,cust8629@example.com,0122076312
8631,Customer_8631,Egypt,cust8630@example.com,0116816923
8632,Customer_8632,CAIRO,cust8631@example.com,0123539425
8633,Customer_8633,Alexandria,cust8632@example.com,0116019895
8634,Customer_8634,Giza,,0102476927
8635,Customer_8635,giza,cust8634@example.com,0111614712
8636,Customer_8636,Alexandria,cust8635@example.com,0106317524
8637,Customer_8637,EGYPT,,0123590947
8638,Customer_8638,cairo,cust8637@example.com,0127829876
8639,Customer_8639,cairo,cust8638@example.com,0123837392
8640,Customer_8640,giza,cust8639@example.com,
8641,Customer_8641,cairo,cust8640@example.com,0129073354
8642,Customer_8642,cairo,,0128365717
8643,Customer_8643,CAIRO,cust8642@example.com,
8644,Customer_8644,CAIRO,cust8643@example.com,0121082512
8645,Customer_8645,Egypt,cust8644@example.com,0107059166
8646,Customer_8646,alex,cust8645@example.com,0105178259
8647,Customer_8647,giza,cust8646@example.com,0112859493
8648,Customer_8648,cairo,,0129536401
8649,Customer_8649,Egypt,cust8648@example.com,0107992963
8650,Customer_8650,giza,cust8649@example.com,0103208669
8651,Customer_8651,cairo,cust8650@example.com,0109772529
8652,Customer_8652,Cairo,cust8651@example.com,0126418119
8653,Customer_8653,Giza,cust8652@example.com,0105540912
8654,Customer_8654,giza,,0126067528
8655,Customer_8655,alex,,0126527111
8656,Customer_8656,Giza,cust8655@example.com,0101514051
8657,Customer_8657,Egypt,cust8656@example.com,0101754449
8658,Customer_8658,Egypt,cust8657@example.com,0119625189
8659,Customer_8659,cairo,cust8658@example.com,0118387083
8660,Customer_8660,Giza,cust8659@example.com,
8661,Customer_8661,cairo,cust8660@example.com,0117510537
8662,Customer_8662,giza,,
8663,Customer_8663,Egypt,cust8662@example.com,0103211001
8664,Customer_8664,Cairo,cust8663@example.com,0117901469
8665,Customer_8665,Egypt,cust8664@example.com,0104811487
8666,Customer_8666,CAIRO,cust8665@example.com,
8667,Customer_8667,Alexandria,,
8668,Customer_8668,alex,,0121782835
8669,Customer_8669,Giza,,0113965884
8670,Customer_8670,cairo,cust8669@example.com,0126777189
8671,Customer_8671,Alexandria,cust8670@example.com,0114243618
8672,Customer_8672,Alexandria,cust8671@example.com,0124597167
8673,Customer_8673,EGYPT,cust8672@example.com,0108900455
8674,Customer_8674,alex,cust8673@example.com,0115129974
8675,Customer_8675,CAIRO,cust8674@example.com,
8676,Customer_8676,Egypt,cust8675@example.com,0113691194
8677,Customer_8677,giza,cust8676@example.com,
8678,Customer_8678,Egypt,cust8677@example.com,0115250696
8679,Customer_8679,CAIRO,cust8678@example.com,
8680,Customer_8680,cairo,cust8679@example.com,
8681,Customer_8681,EGYPT,cust8680@example.com,0119785368
8682,Customer_8682,Egypt,cust8681@example.com,
8683,Customer_8683,Giza,,0118271527
8684,Customer_8684,alex,cust8683@example.com,0103565489
8685,Customer_8685,Alexandria,cust8684@example.com,0127437727
8686,Customer_8686,cairo,cust8685@example.com,0108671914
8687,Customer_8687,CAIRO,cust8686@example.com,
8688,Customer_8688,giza,cust8687@example.com,0126732795
8689,Customer_8689,giza,cust8688@example.com,
8690,Customer_8690,EGYPT,cust8689@example.com,0102812361
8691,Customer_8691,CAIRO,cust8690@example.com,0105569655
8692,Customer_8692,cairo,cust8691@example.com,
8693,Customer_8693,Giza,cust8692@example.com,0105197534
8694,Customer_8694,Alexandria,cust8693@example.com,0102423195
8695,Customer_8695,alex,cust8694@example.com,0118195389
8696,Customer_8696,Cairo,cust8695@example.com,0127004989
8697,Customer_8697,Cairo,cust8696@example.com,0106323082
8698,Customer_8698,cairo,cust8697@example.com,0109930144
8699,Customer_8699,CAIRO,cust8698@example.com,0115313307
8700,Customer_8700,Cairo,cust8699@example.com,0107603643
8701,Customer_8701,EGYPT,cust8700@example.com,0116304515
8702,Customer_8702,CAIRO,cust8701@example.com,0129663671
8703,Customer_8703,Cairo,,0122374507
8704,Customer_8704,Giza,cust8703@example.com,0117109378
8705,Customer_8705,Alexandria,cust8704@example.com,0112779598
8706,Customer_8706,giza,cust8705@example.com,0104649045
8707,Customer_8707,CAIRO,cust8706@example.com,0115110963
8708,Customer_8708,giza,cust8707@example.com,0111213307
8709,Customer_8709,giza,cust8708@example.com,0111225203
8710,Customer_8710,Cairo,,
8711,Customer_8711,CAIRO,cust8710@example.com,0128821900
8712,Customer_8712,Alexandria,cust8711@example.com,0102751613
8713,Customer_8713,Giza,cust8712@example.com,
8714,Customer_8714,Egypt,cust8713@example.com,0111231393
8715,Customer_8715,EGYPT,,
8716,Customer_8716,giza,cust8715@example.com,0122563494
8717,Customer_8717,Alexandria,cust8716@example.com,0124300226
8718,Customer_8718,alex,cust8717@example.com,0128916947
8719,Customer_8719,alex,cust8718@example.com,0124078509
8720,Customer_8720,Egypt,cust8719@example.com,0114423205
8721,Customer_8721,Egypt,cust8720@example.com,0125934849
8722,Customer_8722,Egypt,cust8721@example.com,0129591530
8723,Customer_8723,EGYPT,cust8722@example.com,0126419842
8724,Customer_8724,EGYPT,cust8723@example.com,
8725,Customer_8725,Giza,cust8724@example.com,0118377553
8726,Customer_8726,giza,cust8725@example.com,0117555778
8727,Customer_8727,cairo,cust8726@example.com,0104561154
8728,Customer_8728,alex,cust8727@example.com,0104905642
8729,Customer_8729,Cairo,cust8728@example.com,0126136258
8730,Customer_8730,Cairo,cust8729@example.com,
8731,Customer_8731,Egypt,cust8730@example.com,
8732,Customer_8732,alex,cust8731@example.com,0127034728
8733,Customer_8733,cairo,cust8732@example.com,0101882621
8734,Customer_8734,cairo,cust8733@example.com,0114090599
8735,Customer_8735,Cairo,cust8734@example.com,0126698082
8736,Customer_8736,cairo,cust8735@example.com,0112852053
8737,Customer_8737,alex,cust8736@example.com,
8738,Customer_8738,giza,cust8737@example.com,0105754153
8739,Customer_8739,Alexandria,cust8738@example.com,0117697638
8740,Customer_8740,cairo,cust8739@example.com,0128135960
8741,Customer_8741,giza,,
8742,Customer_8742,alex,cust8741@example.com,0117388333
8743,Customer_8743,Cairo,cust8742@example.com,0112550900
8744,Customer_8744,giza,cust8743@example.com,0115115644
8745,Customer_8745,cairo,cust8744@example.com,0126221738
8746,Customer_8746,Egypt,cust8745@example.com,0107201014
8747,Customer_8747,giza,cust8746@example.com,0108993444
8748,Customer_8748,Egypt,cust8747@example.com,0126482278
8749,Customer_8749,CAIRO,cust8748@example.com,0104214341
8750,Customer_8750,Cairo,cust8749@example.com,0113713985
8751,Customer_8751,alex,cust8750@example.com,0101829560
8752,Customer_8752,Alexandria,cust8751@example.com,0124313331
8753,Customer_8753,Egypt,cust8752@example.com,0114758764
8754,Customer_8754,Alexandria,cust8753@example.com,0109600500
8755,Customer_8755,Alexandria,cust8754@example.com,0116973105
8756,Customer_8756,Egypt,cust8755@example.com,0106243213
8757,Customer_8757,Alexandria,cust8756@example.com,0112230435
8758,Customer_8758,Giza,cust8757@example.com,0128670300
8759,Customer_8759,CAIRO,cust8758@example.com,0103674973
8760,Customer_8760,Egypt,,0111211952
8761,Customer_8761,Cairo,cust8760@example.com,0102342334
8762,Customer_8762,Egypt,cust8761@example.com,
8763,Customer_8763,giza,cust8762@example.com,0129602546
8764,Customer_8764,Giza,cust8763@example.com,0118529237
8765,Customer_8765,Egypt,cust8764@example.com,
8766,Customer_8766,alex,cust8765@example.com,0103955503
8767,Customer_8767,CAIRO,cust8766@example.com,0108677065
8768,Customer_8768,giza,cust8767@example.com,0115824468
8769,Customer_8769,Egypt,cust8768@example.com,0119763646
8770,Customer_8770,cairo,cust8769@example.com,0129470809
8771,Customer_8771,EGYPT,cust8770@example.com,0101122499
8772,Customer_8772,cairo,cust8771@example.com,0128064697
8773,Customer_8773,Alexandria,cust8772@example.com,0105621716
8774,Customer_8774,Cairo,,0101140135
8775,Customer_8775,Alexandria,cust8774@example.com,0125771558
8776,Customer_8776,Egypt,cust8775@example.com,0102104897
8777,Customer_8777,CAIRO,cust8776@example.com,0101810961
8778,Customer_8778,cairo,cust8777@example.com,0125142172
8779,Customer_8779,alex,cust8778@example.com,0114971714
8780,Customer_8780,giza,,
8781,Customer_8781,CAIRO,cust8780@example.com,0122643912
8782,Customer_8782,Alexandria,cust8781@example.com,0117381152
8783,Customer_8783,giza,cust8782@example.com,0124182281
8784,Customer_8784,cairo,cust8783@example.com,0126107122
8785,Customer_8785,alex,cust8784@example.com,0118393248
8786,Customer_8786,EGYPT,cust8785@example.com,0127935950
8787,Customer_8787,EGYPT,cust8786@example.com,
8788,Customer_8788,alex,cust8787@example.com,0124119871
8789,Customer_8789,giza,cust8788@example.com,
8790,Customer_8790,Egypt,cust8789@example.com,0113163549
8791,Customer_8791,giza,cust8790@example.com,0128044102
8792,Customer_8792,giza,,0109047402
8793,Customer_8793,Egypt,cust8792@example.com,0107313982
8794,Customer_8794,CAIRO,cust8793@example.com,0103426118
8795,Customer_8795,cairo,,0107351031
8796,Customer_8796,giza,cust8795@example.com,
8797,Customer_8797,cairo,cust8796@example.com,0105301676
8798,Customer_8798,Alexandria,cust8797@example.com,0118844206
8799,Customer_8799,EGYPT,,
8800,Customer_8800,EGYPT,,0113128835
8801,Customer_8801,Egypt,cust8800@example.com,
8802,Customer_8802,Alexandria,,0113042782
8803,Customer_8803,EGYPT,cust8802@example.com,0112180968
8804,Customer_8804,Egypt,cust8803@example.com,
8805,Customer_8805,giza,cust8804@example.com,0129481720
8806,Customer_8806,Alexandria,cust8805@example.com,
8807,Customer_8807,CAIRO,cust8806@example.com,0104012404
8808,Customer_8808,Alexandria,cust8807@example.com,0103325002
8809,Customer_8809,Cairo,cust8808@example.com,0104149253
8810,Customer_8810,EGYPT,cust8809@example.com,
8811,Customer_8811,Alexandria,cust8810@example.com,0127415954
8812,Customer_8812,Giza,cust8811@example.com,0119374845
8813,Customer_8813,giza,cust8812@example.com,
8814,Customer_8814,CAIRO,cust8813@example.com,0107458880
8815,Customer_8815,cairo,cust8814@example.com,
8816,Customer_8816,Egypt,cust8815@example.com,0122771470
8817,Customer_8817,Giza,cust8816@example.com,0108270798
8818,Customer_8818,Giza,cust8817@example.com,0127275258
8819,Customer_8819,CAIRO,cust8818@example.com,0106139105
8820,Customer_8820,Egypt,cust8819@example.com,0129260460
8821,Customer_8821,CAIRO,cust8820@example.com,
8822,Customer_8822,cairo,cust8821@example.com,0119933348
8823,Customer_8823,Egypt,cust8822@example.com,0111205300
8824,Customer_8824,Alexandria,cust8823@example.com,0112996308
8825,Customer_8825,EGYPT,cust8824@example.com,0125226769
8826,Customer_8826,CAIRO,cust8825@example.com,0102891403
8827,Customer_8827,cairo,cust8826@example.com,0111417873
8828,Customer_8828,giza,cust8827@example.com,0109329858
8829,Customer_8829,Cairo,cust8828@example.com,0117949246
8830,Customer_8830,giza,cust8829@example.com,0122230910
8831,Customer_8831,Cairo,cust8830@example.com,0122502028
8832,Customer_8832,alex,cust8831@example.com,0108184926
8833,Customer_8833,Alexandria,,0106572311
8834,Customer_8834,alex,cust8833@example.com,0107500400
8835,Customer_8835,CAIRO,cust8834@example.com,
8836,Customer_8836,CAIRO,cust8835@example.com,
8837,Customer_8837,Cairo,cust8836@example.com,0116751199
8838,Customer_8838,Egypt,cust8837@example.com,0103672380
8839,Customer_8839,cairo,cust8838@example.com,0117413405
8840,Customer_8840,Giza,,
8841,Customer_8841,CAIRO,cust8840@example.com,0106921512
8842,Customer_8842,alex,cust8841@example.com,0111867672
8843,Customer_8843,alex,cust8842@example.com,
8844,Customer_8844,giza,cust8843@example.com,0114135299
8845,Customer_8845,Alexandria,cust8844@example.com,
8846,Customer_8846,Cairo,cust8845@example.com,0119357420
8847,Customer_8847,Giza,cust8846@example.com,0124977739
8848,Customer_8848,Cairo,cust8847@example.com,0117911800
8849,Customer_8849,CAIRO,cust8848@example.com,0125959881
8850,Customer_8850,EGYPT,cust8849@example.com,0129181866
8851,Customer_8851,Giza,cust8850@example.com,0111318743
8852,Customer_8852,giza,cust8851@example.com,0124541616
8853,Customer_8853,alex,cust8852@example.com,0119144763
8854,Customer_8854,giza,cust8853@example.com,0105478866
8855,Customer_8855,CAIRO,,
8856,Customer_8856,EGYPT,cust8855@example.com,0118005851
8857,Customer_8857,Giza,cust8856@example.com,0101499186
8858,Customer_8858,Cairo,cust8857@example.com,0111816890
8859,Customer_8859,Giza,cust8858@example.com,0106131902
8860,Customer_8860,alex,cust8859@example.com,
8861,Customer_8861,Cairo,cust8860@example.com,0115041312
8862,Customer_8862,Alexandria,cust8861@example.com,
8863,Customer_8863,Cairo,cust8862@example.com,0106289839
8864,Customer_8864,cairo,cust8863@example.com,0109695117
8865,Customer_8865,EGYPT,cust8864@example.com,0107016835
8866,Customer_8866,cairo,cust8865@example.com,0123031405
8867,Customer_8867,Cairo,cust8866@example.com,0124342209
8868,Customer_8868,Alexandria,cust8867@example.com,0123170901
8869,Customer_8869,Giza,cust8868@example.com,0113274249
8870,Customer_8870,Giza,cust8869@example.com,0124319617
8871,Customer_8871,Giza,cust8870@example.com,
8872,Customer_8872,Alexandria,cust8871@example.com,0121342689
8873,Customer_8873,CAIRO,cust8872@example.com,0117858125
8874,Customer_8874,Cairo,cust8873@example.com,0117540367
8875,Customer_8875,cairo,,0114218364
8876,Customer_8876,EGYPT,cust8875@example.com,0114877265
8877,Customer_8877,EGYPT,,0122918531
8878,Customer_8878,Cairo,cust8877@example.com,0103640907
8879,Customer_8879,Cairo,cust8878@example.com,0107638724
8880,Customer_8880,giza,cust8879@example.com,0109178201
8881,Customer_8881,cairo,cust8880@example.com,0112009267
8882,Customer_8882,alex,cust8881@example.com,0118100036
8883,Customer_8883,Egypt,cust8882@example.com,0126144176
8884,Customer_8884,alex,cust8883@example.com,0113579070
8885,Customer_8885,Giza,cust8884@example.com,0118673945
8886,Customer_8886,EGYPT,cust8885@example.com,0111864634
8887,Customer_8887,Cairo,cust8886@example.com,0109180510
8888,Customer_8888,Egypt,cust8887@example.com,0107168456
8889,Customer_8889,CAIRO,cust8888@example.com,0117249742
8890,Customer_8890,EGYPT,cust8889@example.com,0122552697
8891,Customer_8891,Alexandria,cust8890@example.com,0121699992
8892,Customer_8892,cairo,cust8891@example.com,0125957128
8893,Customer_8893,alex,cust8892@example.com,0108329479
8894,Customer_8894,CAIRO,cust8893@example.com,0115747836
8895,Customer_8895,Cairo,cust8894@example.com,0119682610
8896,Customer_8896,CAIRO,cust8895@example.com,0125327958
8897,Customer_8897,giza,cust8896@example.com,0104606405
8898,Customer_8898,Alexandria,cust8897@example.com,0125609895
8899,Customer_8899,Alexandria,cust8898@example.com,
8900,Customer_8900,Egypt,cust8899@example.com,
8901,Customer_8901,Giza,cust8900@example.com,
8902,Customer_8902,EGYPT,cust8901@example.com,0109913417
8903,Customer_8903,alex,cust8902@example.com,0118563103
8904,Customer_8904,giza,cust8903@example.com,0114430659
8905,Customer_8905,EGYPT,cust8904@example.com,0106742132
8906,Customer_8906,EGYPT,cust8905@example.com,0107303456
8907,Customer_8907,Egypt,cust8906@example.com,0107537416
8908,Customer_8908,Alexandria,cust8907@example.com,0127082660
8909,Customer_8909,cairo,cust8908@example.com,0105288084
8910,Customer_8910,CAIRO,cust8909@example.com,0129906945
8911,Customer_8911,Cairo,,0119397459
8912,Customer_8912,cairo,cust8911@example.com,0123362721
8913,Customer_8913,cairo,cust8912@example.com,0129088134
8914,Customer_8914,Giza,cust8913@example.com,0108025838
8915,Customer_8915,Giza,cust8914@example.com,0106297330
8916,Customer_8916,cairo,cust8915@example.com,0129313950
8917,Customer_8917,Alexandria,cust8916@example.com,0126030477
8918,Customer_8918,EGYPT,cust8917@example.com,
8919,Customer_8919,CAIRO,cust8918@example.com,0117274683
8920,Customer_8920,EGYPT,cust8919@example.com,0114923069
8921,Customer_8921,EGYPT,cust8920@example.com,0122410439
8922,Customer_8922,EGYPT,cust8921@example.com,0117221564
8923,Customer_8923,CAIRO,cust8922@example.com,0129026679
8924,Customer_8924,CAIRO,cust8923@example.com,0108803442
8925,Customer_8925,Egypt,cust8924@example.com,0106003571
8926,Customer_8926,alex,cust8925@example.com,0108567792
8927,Customer_8927,cairo,,0122104344
8928,Customer_8928,Egypt,cust8927@example.com,0127884216
8929,Customer_8929,Egypt,cust8928@example.com,0114724407
8930,Customer_8930,Cairo,cust8929@example.com,0101775333
8931,Customer_8931,Giza,,0123140888
8932,Customer_8932,Cairo,cust8931@example.com,0125994923
8933,Customer_8933,Giza,cust8932@example.com,0129165938
8934,Customer_8934,alex,cust8933@example.com,0121176181
8935,Customer_8935,giza,cust8934@example.com,0101192115
8936,Customer_8936,Giza,cust8935@example.com,0126363686
8937,Customer_8937,EGYPT,cust8936@example.com,0108825019
8938,Customer_8938,Giza,cust8937@example.com,
8939,Customer_8939,CAIRO,cust8938@example.com,0109281068
8940,Customer_8940,alex,cust8939@example.com,0126635551
8941,Customer_8941,Egypt,cust8940@example.com,0127503299
8942,Customer_8942,EGYPT,cust8941@example.com,
8943,Customer_8943,giza,cust8942@example.com,0114544073
8944,Customer_8944,alex,cust8943@example.com,0112127206
8945,Customer_8945,Egypt,cust8944@example.com,0109447512
8946,Customer_8946,Alexandria,cust8945@example.com,0117436275
8947,Customer_8947,alex,cust8946@example.com,0124382728
8948,Customer_8948,giza,cust8947@example.com,0122270314
8949,Customer_8949,Egypt,cust8948@example.com,0123712179
8950,Customer_8950,CAIRO,cust8949@example.com,0129393401
8951,Customer_8951,Giza,cust8950@example.com,0105620954
8952,Customer_8952,Cairo,cust8951@example.com,0127184310
8953,Customer_8953,giza,cust8952@example.com,0111543741
8954,Customer_8954,Cairo,cust8953@example.com,
8955,Customer_8955,cairo,cust8954@example.com,0109671904
8956,Customer_8956,Giza,cust8955@example.com,0127238123
8957,Customer_8957,giza,,
8958,Customer_8958,alex,cust8957@example.com,0104674890
8959,Customer_8959,CAIRO,cust8958@example.com,0125582657
8960,Customer_8960,alex,,
8961,Customer_8961,Alexandria,cust8960@example.com,0113398386
8962,Customer_8962,cairo,cust8961@example.com,0118596701
8963,Customer_8963,CAIRO,,0112487435
8964,Customer_8964,EGYPT,cust8963@example.com,
8965,Customer_8965,Egypt,cust8964@example.com,0102563349
8966,Customer_8966,cairo,cust8965@example.com,0113236400
8967,Customer_8967,Egypt,cust8966@example.com,0115112436
8968,Customer_8968,Giza,cust8967@example.com,0116556257
8969,Customer_8969,EGYPT,,0124374316
8970,Customer_8970,EGYPT,cust8969@example.com,0118440095
8971,Customer_8971,CAIRO,cust8970@example.com,0126328467
8972,Customer_8972,Giza,cust8971@example.com,
8973,Customer_8973,Alexandria,cust8972@example.com,0106730658
8974,Customer_8974,cairo,cust8973@example.com,0118531081
8975,Customer_8975,cairo,cust8974@example.com,0123038637
8976,Customer_8976,giza,cust8975@example.com,
8977,Customer_8977,alex,,0121184072
8978,Customer_8978,giza,cust8977@example.com,
8979,Customer_8979,Alexandria,cust8978@example.com,0107619767
8980,Customer_8980,EGYPT,cust8979@example.com,0103884179
8981,Customer_8981,Cairo,cust8980@example.com,0124930474
8982,Customer_8982,Alexandria,cust8981@example.com,0125047484
8983,Customer_8983,Alexandria,cust8982@example.com,
8984,Customer_8984,CAIRO,cust8983@example.com,0113863712
8985,Customer_8985,CAIRO,cust8984@example.com,0127028555
8986,Customer_8986,CAIRO,cust8985@example.com,0116769732
8987,Customer_8987,CAIRO,cust8986@example.com,0122673865
8988,Customer_8988,alex,cust8987@example.com,0114125786
8989,Customer_8989,cairo,cust8988@example.com,0101131780
8990,Customer_8990,cairo,cust8989@example.com,0126839416
8991,Customer_8991,CAIRO,cust8990@example.com,
8992,Customer_8992,alex,cust8991@example.com,0112707918
8993,Customer_8993,CAIRO,cust8992@example.com,0116773308
8994,Customer_8994,alex,cust8993@example.com,0118713544
8995,Customer_8995,giza,cust8994@example.com,0124256195
8996,Customer_8996,Egypt,cust8995@example.com,0112165603
8997,Customer_8997,alex,cust8996@example.com,0125134813
8998,Customer_8998,giza,cust8997@example.com,0114191508
8999,Customer_8999,Giza,cust8998@example.com,0102328964
9000,Customer_9000,Giza,cust8999@example.com,
9001,Customer_9001,giza,cust9000@example.com,0101839211
9002,Customer_9002,EGYPT,cust9001@example.com,0106039137
9003,Customer_9003,EGYPT,cust9002@example.com,0124164513
9004,Customer_9004,CAIRO,cust9003@example.com,0114146294
9005,Customer_9005,EGYPT,,0104987525
9006,Customer_9006,Giza,cust9005@example.com,0117528396
9007,Customer_9007,EGYPT,,0108859494
9008,Customer_9008,Egypt,cust9007@example.com,0116594216
9009,Customer_9009,Giza,cust9008@example.com,0124528178
9010,Customer_9010,alex,cust9009@example.com,0129777984
9011,Customer_9011,Alexandria,cust9010@example.com,0105476926
9012,Customer_9012,EGYPT,cust9011@example.com,0112697598
9013,Customer_9013,EGYPT,cust9012@example.com,0121074521
9014,Customer_9014,cairo,cust9013@example.com,0129457302
9015,Customer_9015,Egypt,cust9014@example.com,0111612122
9016,Customer_9016,Giza,cust9015@example.com,0115046121
9017,Customer_9017,Giza,cust9016@example.com,0101719567
9018,Customer_9018,Cairo,cust9017@example.com,0116933734
9019,Customer_9019,cairo,cust9018@example.com,0103590503
9020,Customer_9020,EGYPT,cust9019@example.com,0127667414
9021,Customer_9021,giza,cust9020@example.com,0101776442
9022,Customer_9022,alex,cust9021@example.com,0105434610
9023,Customer_9023,EGYPT,cust9022@example.com,0105135705
9024,Customer_9024,Cairo,cust9023@example.com,
9025,Customer_9025,Alexandria,cust9024@example.com,0109832882
9026,Customer_9026,Giza,,0122548953
9027,Customer_9027,alex,cust9026@example.com,0105959713
9028,Customer_9028,cairo,cust9027@example.com,0112837244
9029,Customer_9029,EGYPT,cust9028@example.com,0127987658
9030,Customer_9030,Egypt,,0112790924
9031,Customer_9031,giza,cust9030@example.com,0128147705
9032,Customer_9032,Cairo,,0124675741
9033,Customer_9033,Alexandria,cust9032@example.com,0118540462
9034,Customer_9034,CAIRO,cust9033@example.com,0119447320
9035,Customer_9035,giza,cust9034@example.com,0108205137
9036,Customer_9036,EGYPT,cust9035@example.com,
9037,Customer_9037,Alexandria,cust9036@example.com,0118523408
9038,Customer_9038,giza,cust9037@example.com,0101737066
9039,Customer_9039,giza,cust9038@example.com,0108561943
9040,Customer_9040,Giza,cust9039@example.com,0121817084
9041,Customer_9041,giza,,
9042,Customer_9042,Egypt,cust9041@example.com,0115671991
9043,Customer_9043,Alexandria,cust9042@example.com,0108285874
9044,Customer_9044,EGYPT,cust9043@example.com,
9045,Customer_9045,EGYPT,cust9044@example.com,0115201254
9046,Customer_9046,Egypt,cust9045@example.com,0115178413
9047,Customer_9047,cairo,cust9046@example.com,0116549571
9048,Customer_9048,Alexandria,cust9047@example.com,0101942666
9049,Customer_9049,giza,cust9048@example.com,0112433399
9050,Customer_9050,Cairo,cust9049@example.com,0116210577
9051,Customer_9051,alex,cust9050@example.com,
9052,Customer_9052,Alexandria,cust9051@example.com,0114936713
9053,Customer_9053,CAIRO,cust9052@example.com,0127457726
9054,Customer_9054,Cairo,cust9053@example.com,0128535526
9055,Customer_9055,Egypt,cust9054@example.com,0106853391
9056,Customer_9056,giza,cust9055@example.com,0112113595
9057,Customer_9057,cairo,cust9056@example.com,0111616800
9058,Customer_9058,CAIRO,cust9057@example.com,0116847315
9059,Customer_9059,cairo,cust9058@example.com,0118601381
9060,Customer_9060,cairo,cust9059@example.com,
9061,Customer_9061,Giza,cust9060@example.com,0118386546
9062,Customer_9062,CAIRO,cust9061@example.com,0114997195
9063,Customer_9063,alex,cust9062@example.com,0102079801
9064,Customer_9064,Giza,cust9063@example.com,0113427021
9065,Customer_9065,CAIRO,cust9064@example.com,0102272050
9066,Customer_9066,cairo,cust9065@example.com,0118240547
9067,Customer_9067,Giza,cust9066@example.com,0109786854
9068,Customer_9068,CAIRO,cust9067@example.com,0123804596
9069,Customer_9069,alex,cust9068@example.com,0107160186
9070,Customer_9070,Cairo,cust9069@example.com,0107668590
9071,Customer_9071,Alexandria,cust9070@example.com,
9072,Customer_9072,giza,cust9071@example.com,0113503064
9073,Customer_9073,CAIRO,cust9072@example.com,
9074,Customer_9074,alex,,0117741017
9075,Customer_9075,Alexandria,cust9074@example.com,
9076,Customer_9076,Giza,cust9075@example.com,0125396121
9077,Customer_9077,CAIRO,cust9076@example.com,0124400941
9078,Customer_9078,CAIRO,cust9077@example.com,0112855390
9079,Customer_9079,Egypt,cust9078@example.com,0123125893
9080,Customer_9080,CAIRO,cust9079@example.com,0114462491
9081,Customer_9081,giza,cust9080@example.com,0102322534
9082,Customer_9082,Egypt,cust9081@example.com,0116759178
9083,Customer_9083,Alexandria,cust9082@example.com,
9084,Customer_9084,Giza,cust9083@example.com,
9085,Customer_9085,Giza,cust9084@example.com,0106026537
9086,Customer_9086,EGYPT,cust9085@example.com,0102086045
9087,Customer_9087,EGYPT,cust9086@example.com,0101599473
9088,Customer_9088,Alexandria,cust9087@example.com,0101284030
9089,Customer_9089,alex,,0111317690
9090,Customer_9090,alex,cust9089@example.com,0127660086
9091,Customer_9091,Egypt,cust9090@example.com,0111500635
9092,Customer_9092,Alexandria,cust9091@example.com,0121338694
9093,Customer_9093,alex,cust9092@example.com,0129512585
9094,Customer_9094,EGYPT,cust9093@example.com,0113304938
9095,Customer_9095,EGYPT,cust9094@example.com,
9096,Customer_9096,cairo,cust9095@example.com,
9097,Customer_9097,alex,cust9096@example.com,0116199250
9098,Customer_9098,Alexandria,cust9097@example.com,0116942213
9099,Customer_9099,Cairo,cust9098@example.com,0123533143
9100,Customer_9100,Egypt,,0101329426
9101,Customer_9101,CAIRO,cust9100@example.com,0107772718
9102,Customer_9102,CAIRO,cust9101@example.com,0108668463
9103,Customer_9103,alex,cust9102@example.com,0102180148
9104,Customer_9104,Egypt,cust9103@example.com,0103566622
9105,Customer_9105,Giza,cust9104@example.com,0108455816
9106,Customer_9106,giza,cust9105@example.com,0124589481
9107,Customer_9107,CAIRO,cust9106@example.com,
9108,Customer_9108,EGYPT,cust9107@example.com,0112962554
9109,Customer_9109,Egypt,cust9108@example.com,0129818941
9110,Customer_9110,Alexandria,cust9109@example.com,0107331492
9111,Customer_9111,Egypt,cust9110@example.com,0109528206
9112,Customer_9112,Giza,,0101326389
9113,Customer_9113,CAIRO,cust9112@example.com,
9114,Customer_9114,EGYPT,cust9113@example.com,0119904937
9115,Customer_9115,Cairo,,0116200265
9116,Customer_9116,Alexandria,cust9115@example.com,0129314393
9117,Customer_9117,EGYPT,,0127180863
9118,Customer_9118,Giza,cust9117@example.com,0109627298
9119,Customer_9119,giza,cust9118@example.com,
9120,Customer_9120,Giza,cust9119@example.com,
9121,Customer_9121,Giza,cust9120@example.com,0107291148
9122,Customer_9122,CAIRO,,0108773862
9123,Customer_9123,Egypt,cust9122@example.com,
9124,Customer_9124,Egypt,cust9123@example.com,0104486191
9125,Customer_9125,EGYPT,cust9124@example.com,0103540101
9126,Customer_9126,giza,cust9125@example.com,0108960349
9127,Customer_9127,giza,cust9126@example.com,0128618932
9128,Customer_9128,Cairo,cust9127@example.com,0115492597
9129,Customer_9129,Giza,cust9128@example.com,0127912047
9130,Customer_9130,Cairo,,0117314014
9131,Customer_9131,cairo,cust9130@example.com,0129024483
9132,Customer_9132,alex,cust9131@example.com,0113469335
9133,Customer_9133,Giza,cust9132@example.com,0105884205
9134,Customer_9134,Cairo,cust9133@example.com,0103528493
9135,Customer_9135,CAIRO,cust9134@example.com,0119432968
9136,Customer_9136,alex,cust9135@example.com,0109945820
9137,Customer_9137,giza,cust9136@example.com,0108205948
9138,Customer_9138,Giza,cust9137@example.com,
9139,Customer_9139,Giza,cust9138@example.com,0114045725
9140,Customer_9140,giza,cust9139@example.com,0126315227
9141,Customer_9141,CAIRO,cust9140@example.com,0106956280
9142,Customer_9142,Giza,cust9141@example.com,0109970000
9143,Customer_9143,Cairo,cust9142@example.com,0104977180
9144,Customer_9144,Giza,cust9143@example.com,
9145,Customer_9145,alex,cust9144@example.com,0128429725
9146,Customer_9146,Giza,cust9145@example.com,0101884942
9147,Customer_9147,Cairo,cust9146@example.com,0113564638
9148,Customer_9148,Alexandria,cust9147@example.com,0117679528
9149,Customer_9149,alex,cust9148@example.com,0111822392
9150,Customer_9150,EGYPT,cust9149@example.com,0104795503
9151,Customer_9151,EGYPT,cust9150@example.com,0101828767
9152,Customer_9152,alex,cust9151@example.com,0121516687
9153,Customer_9153,CAIRO,cust9152@example.com,0112733252
9154,Customer_9154,Alexandria,cust9153@example.com,0114501790
9155,Customer_9155,alex,cust9154@example.com,0102148093
9156,Customer_9156,Cairo,cust9155@example.com,0102790959
9157,Customer_9157,cairo,cust9156@example.com,0104291296
9158,Customer_9158,Egypt,cust9157@example.com,0117682185
9159,Customer_9159,Giza,,0117211484
9160,Customer_9160,Alexandria,cust9159@example.com,0129969536
9161,Customer_9161,Cairo,cust9160@example.com,0108817877
9162,Customer_9162,EGYPT,cust9161@example.com,0127640124
9163,Customer_9163,alex,cust9162@example.com,0127390481
9164,Customer_9164,Alexandria,cust9163@example.com,0118862402
9165,Customer_9165,giza,cust9164@example.com,
9166,Customer_9166,Giza,cust9165@example.com,
9167,Customer_9167,Egypt,cust9166@example.com,0113633181
9168,Customer_9168,EGYPT,cust9167@example.com,0101125159
9169,Customer_9169,alex,cust9168@example.com,0106394843
9170,Customer_9170,Giza,cust9169@example.com,0129774905
9171,Customer_9171,EGYPT,cust9170@example.com,0129896329
9172,Customer_9172,giza,cust9171@example.com,0106336635
9173,Customer_9173,Egypt,cust9172@example.com,
9174,Customer_9174,Egypt,cust9173@example.com,0112308258
9175,Customer_9175,Giza,cust9174@example.com,0106594392
9176,Customer_9176,Cairo,cust9175@example.com,0122795353
9177,Customer_9177,Giza,cust9176@example.com,0111352835
9178,Customer_9178,EGYPT,cust9177@example.com,0127456661
9179,Customer_9179,Cairo,cust9178@example.com,
9180,Customer_9180,Egypt,cust9179@example.com,0128458848
9181,Customer_9181,cairo,cust9180@example.com,0112539565
9182,Customer_9182,Egypt,cust9181@example.com,0102064452
9183,Customer_9183,Giza,cust9182@example.com,0119280473
9184,Customer_9184,EGYPT,cust9183@example.com,0112721226
9185,Customer_9185,Cairo,cust9184@example.com,0108549979
9186,Customer_9186,alex,cust9185@example.com,0127483636
9187,Customer_9187,Cairo,cust9186@example.com,0102619497
9188,Customer_9188,giza,cust9187@example.com,0127980650
9189,Customer_9189,CAIRO,cust9188@example.com,0113517447
9190,Customer_9190,CAIRO,cust9189@example.com,0109522615
9191,Customer_9191,Alexandria,cust9190@example.com,0104402232
9192,Customer_9192,Alexandria,cust9191@example.com,0102264350
9193,Customer_9193,Alexandria,cust9192@example.com,0101458898
9194,Customer_9194,Cairo,,0112042286
9195,Customer_9195,EGYPT,,0107249037
9196,Customer_9196,Alexandria,cust9195@example.com,0124045507
9197,Customer_9197,Giza,,0102758344
9198,Customer_9198,Cairo,cust9197@example.com,0103720737
9199,Customer_9199,EGYPT,cust9198@example.com,0113073824
9200,Customer_9200,CAIRO,cust9199@example.com,0111064086
9201,Customer_9201,cairo,cust9200@example.com,
9202,Customer_9202,Giza,cust9201@example.com,
9203,Customer_9203,alex,cust9202@example.com,0113302958
9204,Customer_9204,alex,cust9203@example.com,0105011963
9205,Customer_9205,EGYPT,cust9204@example.com,0112896657
9206,Customer_9206,giza,cust9205@example.com,0118324764
9207,Customer_9207,EGYPT,cust9206@example.com,0111594941
9208,Customer_9208,cairo,cust9207@example.com,0121817574
9209,Customer_9209,CAIRO,cust9208@example.com,0123793795
9210,Customer_9210,Egypt,cust9209@example.com,0105194084
9211,Customer_9211,EGYPT,cust9210@example.com,0105242159
9212,Customer_9212,CAIRO,cust9211@example.com,0116559711
9213,Customer_9213,alex,cust9212@example.com,0116538861
9214,Customer_9214,EGYPT,cust9213@example.com,0113084338
9215,Customer_9215,EGYPT,cust9214@example.com,0106163091
9216,Customer_9216,Alexandria,cust9215@example.com,0116699824
9217,Customer_9217,alex,cust9216@example.com,0102838327
9218,Customer_9218,Giza,cust9217@example.com,0111979863
9219,Customer_9219,giza,cust9218@example.com,0108886419
9220,Customer_9220,Egypt,cust9219@example.com,0126515129
9221,Customer_9221,EGYPT,cust9220@example.com,0104007176
9222,Customer_9222,EGYPT,cust9221@example.com,
9223,Customer_9223,Giza,cust9222@example.com,0102770915
9224,Customer_9224,giza,cust9223@example.com,0102603727
9225,Customer_9225,alex,cust9224@example.com,0104338373
9226,Customer_9226,EGYPT,cust9225@example.com,0108857315
9227,Customer_9227,CAIRO,cust9226@example.com,
9228,Customer_9228,Cairo,cust9227@example.com,0115488562
9229,Customer_9229,giza,,0101558193
9230,Customer_9230,EGYPT,cust9229@example.com,
9231,Customer_9231,giza,cust9230@example.com,0107515101
9232,Customer_9232,Egypt,cust9231@example.com,0105435246
9233,Customer_9233,EGYPT,cust9232@example.com,0128395876
9234,Customer_9234,Egypt,cust9233@example.com,0111348354
9235,Customer_9235,cairo,cust9234@example.com,0116519009
9236,Customer_9236,Cairo,cust9235@example.com,
9237,Customer_9237,Giza,cust9236@example.com,0128626158
9238,Customer_9238,Egypt,cust9237@example.com,0119920369
9239,Customer_9239,EGYPT,cust9238@example.com,
9240,Customer_9240,Alexandria,,0121720772
9241,Customer_9241,Giza,cust9240@example.com,0107842682
9242,Customer_9242,Giza,cust9241@example.com,0104834453
9243,Customer_9243,alex,cust9242@example.com,0103243487
9244,Customer_9244,Egypt,cust9243@example.com,0101039733
9245,Customer_9245,Alexandria,cust9244@example.com,0126794590
9246,Customer_9246,Egypt,cust9245@example.com,
9247,Customer_9247,alex,cust9246@example.com,0118337962
9248,Customer_9248,Cairo,cust9247@example.com,0105991440
9249,Customer_9249,EGYPT,cust9248@example.com,0105395374
9250,Customer_9250,Egypt,cust9249@example.com,0118126012
9251,Customer_9251,alex,cust9250@example.com,0115223318
9252,Customer_9252,giza,cust9251@example.com,0118055253
9253,Customer_9253,EGYPT,cust9252@example.com,
9254,Customer_9254,Egypt,cust9253@example.com,0115114313
9255,Customer_9255,giza,cust9254@example.com,0117312703
9256,Customer_9256,EGYPT,cust9255@example.com,0121435843
9257,Customer_9257,giza,cust9256@example.com,0124112279
9258,Customer_9258,Giza,,0108517068
9259,Customer_9259,Egypt,cust9258@example.com,0118304813
9260,Customer_9260,alex,cust9259@example.com,
9261,Customer_9261,EGYPT,cust9260@example.com,0125196943
9262,Customer_9262,Egypt,cust9261@example.com,0127667755
9263,Customer_9263,EGYPT,cust9262@example.com,0126087855
9264,Customer_9264,EGYPT,cust9263@example.com,0116614169
9265,Customer_9265,giza,cust9264@example.com,
9266,Customer_9266,giza,,0115347726
9267,Customer_9267,Alexandria,cust9266@example.com,0117958953
9268,Customer_9268,Egypt,cust9267@example.com,0103276238
9269,Customer_9269,cairo,cust9268@example.com,0109125159
9270,Customer_9270,CAIRO,cust9269@example.com,0106508993
9271,Customer_9271,cairo,,0101942072
9272,Customer_9272,EGYPT,,0125174545
9273,Customer_9273,Alexandria,cust9272@example.com,0112362865
9274,Customer_9274,EGYPT,cust9273@example.com,0128719876
9275,Customer_9275,cairo,cust9274@example.com,0111564771
9276,Customer_9276,EGYPT,cust9275@example.com,0109565661
9277,Customer_9277,giza,cust9276@example.com,
9278,Customer_9278,Egypt,,0112826760
9279,Customer_9279,cairo,cust9278@example.com,0124796063
9280,Customer_9280,CAIRO,,0112120675
9281,Customer_9281,CAIRO,cust9280@example.com,0121125844
9282,Customer_9282,giza,cust9281@example.com,0111030800
9283,Customer_9283,Egypt,cust9282@example.com,0115171092
9284,Customer_9284,Cairo,cust9283@example.com,0117179162
9285,Customer_9285,Cairo,cust9284@example.com,0111209012
9286,Customer_9286,alex,cust9285@example.com,0118993347
9287,Customer_9287,alex,cust9286@example.com,0129823875
9288,Customer_9288,cairo,cust9287@example.com,0113342822
9289,Customer_9289,giza,cust9288@example.com,0106553839
9290,Customer_9290,giza,cust9289@example.com,0108685558
9291,Customer_9291,EGYPT,cust9290@example.com,0113085610
9292,Customer_9292,CAIRO,cust9291@example.com,0108210902
9293,Customer_9293,CAIRO,cust9292@example.com,
9294,Customer_9294,CAIRO,cust9293@example.com,0124859556
9295,Customer_9295,Alexandria,cust9294@example.com,
9296,Customer_9296,Egypt,cust9295@example.com,0126007529
9297,Customer_9297,Giza,cust9296@example.com,0105617291
9298,Customer_9298,EGYPT,cust9297@example.com,0102437582
9299,Customer_9299,Cairo,cust9298@example.com,0106898910
9300,Customer_9300,giza,cust9299@example.com,0109233766
9301,Customer_9301,Cairo,cust9300@example.com,
9302,Customer_9302,Alexandria,cust9301@example.com,0106042139
9303,Customer_9303,Cairo,cust9302@example.com,0105461511
9304,Customer_9304,CAIRO,cust9303@example.com,
9305,Customer_9305,EGYPT,,0125257891
9306,Customer_9306,alex,cust9305@example.com,0121446910
9307,Customer_9307,Giza,cust9306@example.com,0103348533
9308,Customer_9308,giza,cust9307@example.com,0129932233
9309,Customer_9309,Alexandria,cust9308@example.com,0112401773
9310,Customer_9310,giza,cust9309@example.com,0127215339
9311,Customer_9311,Giza,cust9310@example.com,0102030538
9312,Customer_9312,giza,cust9311@example.com,0125020846
9313,Customer_9313,Egypt,cust9312@example.com,0108010748
9314,Customer_9314,giza,cust9313@example.com,
9315,Customer_9315,alex,cust9314@example.com,0123852923
9316,Customer_9316,EGYPT,cust9315@example.com,
9317,Customer_9317,EGYPT,cust9316@example.com,
9318,Customer_9318,Cairo,cust9317@example.com,0107271686
9319,Customer_9319,cairo,cust9318@example.com,0102829785
9320,Customer_9320,CAIRO,cust9319@example.com,
9321,Customer_9321,Giza,cust9320@example.com,0122409805
9322,Customer_9322,Alexandria,cust9321@example.com,0125973237
9323,Customer_9323,EGYPT,cust9322@example.com,0116115391
9324,Customer_9324,Cairo,cust9323@example.com,0111709636
9325,Customer_9325,giza,cust9324@example.com,0106937820
9326,Customer_9326,CAIRO,cust9325@example.com,0127510884
9327,Customer_9327,CAIRO,cust9326@example.com,
9328,Customer_9328,cairo,cust9327@example.com,0103959899
9329,Customer_9329,Egypt,cust9328@example.com,0112929407
9330,Customer_9330,cairo,cust9329@example.com,0103341220
9331,Customer_9331,giza,cust9330@example.com,0127090447
9332,Customer_9332,alex,cust9331@example.com,
9333,Customer_9333,Giza,cust9332@example.com,0114187678
9334,Customer_9334,CAIRO,cust9333@example.com,
9335,Customer_9335,Alexandria,cust9334@example.com,0109377387
9336,Customer_9336,Alexandria,cust9335@example.com,0116646522
9337,Customer_9337,Cairo,cust9336@example.com,0108415610
9338,Customer_9338,Alexandria,cust9337@example.com,
9339,Customer_9339,CAIRO,cust9338@example.com,0112658729
9340,Customer_9340,CAIRO,cust9339@example.com,0111310194
9341,Customer_9341,CAIRO,cust9340@example.com,0128104115
9342,Customer_9342,Giza,cust9341@example.com,0112992605
9343,Customer_9343,EGYPT,cust9342@example.com,
9344,Customer_9344,Egypt,,0128770720
9345,Customer_9345,giza,cust9344@example.com,0113074616
9346,Customer_9346,giza,cust9345@example.com,0115896964
9347,Customer_9347,Cairo,cust9346@example.com,0121760213
9348,Customer_9348,cairo,cust9347@example.com,0118358486
9349,Customer_9349,Giza,cust9348@example.com,0117474750
9350,Customer_9350,EGYPT,cust9349@example.com,0112400441
9351,Customer_9351,alex,cust9350@example.com,0119926287
9352,Customer_9352,Cairo,cust9351@example.com,0113426617
9353,Customer_9353,EGYPT,cust9352@example.com,0119232236
9354,Customer_9354,CAIRO,cust9353@example.com,0103474154
9355,Customer_9355,cairo,cust9354@example.com,0111717321
9356,Customer_9356,cairo,cust9355@example.com,0128188199
9357,Customer_9357,giza,cust9356@example.com,0128491272
9358,Customer_9358,Egypt,cust9357@example.com,0122049309
9359,Customer_9359,Egypt,cust9358@example.com,0118640908
9360,Customer_9360,alex,cust9359@example.com,0115559444
9361,Customer_9361,cairo,cust9360@example.com,0119822634
9362,Customer_9362,CAIRO,cust9361@example.com,0115403005
9363,Customer_9363,CAIRO,cust9362@example.com,0107866438
9364,Customer_9364,Alexandria,,0106947862
9365,Customer_9365,CAIRO,cust9364@example.com,0104891857
9366,Customer_9366,EGYPT,cust9365@example.com,0108727065
9367,Customer_9367,Egypt,cust9366@example.com,0115800261
9368,Customer_9368,CAIRO,cust9367@example.com,0105621534
9369,Customer_9369,Giza,cust9368@example.com,0125024223
9370,Customer_9370,CAIRO,cust9369@example.com,0127513420
9371,Customer_9371,Alexandria,,0128945742
9372,Customer_9372,alex,cust9371@example.com,0121715796
9373,Customer_9373,alex,cust9372@example.com,
9374,Customer_9374,cairo,cust9373@example.com,0107304091
9375,Customer_9375,CAIRO,cust9374@example.com,
9376,Customer_9376,Egypt,cust9375@example.com,0123543001
9377,Customer_9377,alex,,0128973522
9378,Customer_9378,cairo,cust9377@example.com,0116749037
9379,Customer_9379,CAIRO,cust9378@example.com,0121765423
9380,Customer_9380,alex,cust9379@example.com,
9381,Customer_9381,alex,cust9380@example.com,0113055980
9382,Customer_9382,CAIRO,cust9381@example.com,0124320174
9383,Customer_9383,Cairo,cust9382@example.com,
9384,Customer_9384,CAIRO,,0102655034
9385,Customer_9385,EGYPT,cust9384@example.com,0108105280
9386,Customer_9386,alex,cust9385@example.com,
9387,Customer_9387,Egypt,,0129787846
9388,Customer_9388,Cairo,cust9387@example.com,0111969988
9389,Customer_9389,Alexandria,cust9388@example.com,0104958584
9390,Customer_9390,cairo,cust9389@example.com,0106241988
9391,Customer_9391,CAIRO,cust9390@example.com,0107252865
9392,Customer_9392,Egypt,cust9391@example.com,0107988982
9393,Customer_9393,Alexandria,cust9392@example.com,0128446070
9394,Customer_9394,Alexandria,cust9393@example.com,0111011823
9395,Customer_9395,alex,cust9394@example.com,0126182238
9396,Customer_9396,EGYPT,cust9395@example.com,0129098984
9397,Customer_9397,alex,cust9396@example.com,
9398,Customer_9398,cairo,cust9397@example.com,0127596199
9399,Customer_9399,Cairo,cust9398@example.com,0113643749
9400,Customer_9400,Giza,cust9399@example.com,0117324212
9401,Customer_9401,Cairo,cust9400@example.com,0129186580
9402,Customer_9402,cairo,cust9401@example.com,0126417572
9403,Customer_9403,Alexandria,cust9402@example.com,0109229652
9404,Customer_9404,Cairo,cust9403@example.com,0112559487
9405,Customer_9405,CAIRO,,0123173506
9406,Customer_9406,alex,cust9405@example.com,0122097318
9407,Customer_9407,Giza,cust9406@example.com,
9408,Customer_9408,Egypt,cust9407@example.com,
9409,Customer_9409,CAIRO,cust9408@example.com,0107536927
9410,Customer_9410,Cairo,,0118241016
9411,Customer_9411,giza,cust9410@example.com,
9412,Customer_9412,Alexandria,cust9411@example.com,0117393186
9413,Customer_9413,Alexandria,cust9412@example.com,0114005645
9414,Customer_9414,giza,cust9413@example.com,0104213666
9415,Customer_9415,Cairo,cust9414@example.com,0113766858
9416,Customer_9416,Alexandria,cust9415@example.com,
9417,Customer_9417,EGYPT,cust9416@example.com,0102054702
9418,Customer_9418,Alexandria,cust9417@example.com,0127899139
9419,Customer_9419,Giza,cust9418@example.com,0105383100
9420,Customer_9420,EGYPT,cust9419@example.com,0126137467
9421,Customer_9421,cairo,cust9420@example.com,0121106814
9422,Customer_9422,cairo,cust9421@example.com,0125022307
9423,Customer_9423,EGYPT,cust9422@example.com,
9424,Customer_9424,CAIRO,cust9423@example.com,0121935853
9425,Customer_9425,CAIRO,cust9424@example.com,0127204811
9426,Customer_9426,Giza,cust9425@example.com,0117275937
9427,Customer_9427,alex,cust9426@example.com,0124432911
9428,Customer_9428,Cairo,cust9427@example.com,0123446725
9429,Customer_9429,EGYPT,cust9428@example.com,0105017439
9430,Customer_9430,giza,cust9429@example.com,
9431,Customer_9431,Egypt,cust9430@example.com,
9432,Customer_9432,Cairo,cust9431@example.com,0123735763
9433,Customer_9433,Giza,cust9432@example.com,0104394591
9434,Customer_9434,EGYPT,cust9433@example.com,0118135920
9435,Customer_9435,cairo,cust9434@example.com,0124094207
9436,Customer_9436,Cairo,cust9435@example.com,0102988835
9437,Customer_9437,CAIRO,cust9436@example.com,0127872475
9438,Customer_9438,giza,cust9437@example.com,0117680474
9439,Customer_9439,Cairo,cust9438@example.com,0111998485
9440,Customer_9440,Egypt,cust9439@example.com,0108100495
9441,Customer_9441,Giza,cust9440@example.com,0112841126
9442,Customer_9442,Giza,cust9441@example.com,0113850948
9443,Customer_9443,Giza,cust9442@example.com,0126230405
9444,Customer_9444,Giza,cust9443@example.com,
9445,Customer_9445,Egypt,cust9444@example.com,0128456793
9446,Customer_9446,Giza,cust9445@example.com,0122624398
9447,Customer_9447,giza,cust9446@example.com,0104147521
9448,Customer_9448,alex,cust9447@example.com,0116329718
9449,Customer_9449,cairo,cust9448@example.com,0119085129
9450,Customer_9450,giza,cust9449@example.com,0102765299
9451,Customer_9451,Giza,cust9450@example.com,0105210319
9452,Customer_9452,EGYPT,cust9451@example.com,0116051925
9453,Customer_9453,CAIRO,,0125721050
9454,Customer_9454,alex,cust9453@example.com,0129147046
9455,Customer_9455,cairo,cust9454@example.com,0122085225
9456,Customer_9456,CAIRO,cust9455@example.com,0101573275
9457,Customer_9457,giza,cust9456@example.com,0118882046
9458,Customer_9458,Egypt,cust9457@example.com,0129813034
9459,Customer_9459,Egypt,cust9458@example.com,0127310745
9460,Customer_9460,CAIRO,cust9459@example.com,0126146411
9461,Customer_9461,EGYPT,cust9460@example.com,0121723650
9462,Customer_9462,CAIRO,cust9461@example.com,0114318649
9463,Customer_9463,giza,cust9462@example.com,0102707116
9464,Customer_9464,CAIRO,cust9463@example.com,0128568808
9465,Customer_9465,cairo,cust9464@example.com,0109655053
9466,Customer_9466,EGYPT,cust9465@example.com,0104528458
9467,Customer_9467,Alexandria,cust9466@example.com,0114033854
9468,Customer_9468,Cairo,cust9467@example.com,
9469,Customer_9469,Alexandria,cust9468@example.com,0104071240
9470,Customer_9470,CAIRO,cust9469@example.com,0128554194
9471,Customer_9471,Egypt,cust9470@example.com,0106595895
9472,Customer_9472,Alexandria,,0123037761
9473,Customer_9473,Giza,cust9472@example.com,0115996894
9474,Customer_9474,giza,cust9473@example.com,0101891582
9475,Customer_9475,Alexandria,cust9474@example.com,0115698709
9476,Customer_9476,alex,cust9475@example.com,0101158746
9477,Customer_9477,EGYPT,cust9476@example.com,0125175995
9478,Customer_9478,giza,cust9477@example.com,0123467673
9479,Customer_9479,Egypt,cust9478@example.com,0101671024
9480,Customer_9480,Alexandria,cust9479@example.com,0118131430
9481,Customer_9481,EGYPT,cust9480@example.com,0125675011
9482,Customer_9482,Cairo,cust9481@example.com,0118358063
9483,Customer_9483,EGYPT,cust9482@example.com,0124944691
9484,Customer_9484,EGYPT,cust9483@example.com,0111690504
9485,Customer_9485,giza,cust9484@example.com,0123220956
9486,Customer_9486,Cairo,cust9485@example.com,0128421579
9487,Customer_9487,EGYPT,,0122501503
9488,Customer_9488,alex,cust9487@example.com,0114162531
9489,Customer_9489,Alexandria,cust9488@example.com,0101049916
9490,Customer_9490,Alexandria,cust9489@example.com,0106729459
9491,Customer_9491,alex,,0109523776
9492,Customer_9492,Alexandria,cust9491@example.com,0126544415
9493,Customer_9493,EGYPT,cust9492@example.com,
9494,Customer_9494,EGYPT,cust9493@example.com,0111556969
9495,Customer_9495,giza,cust9494@example.com,0125024836
9496,Customer_9496,Giza,cust9495@example.com,0127083715
9497,Customer_9497,Egypt,cust9496@example.com,0105467130
9498,Customer_9498,Egypt,cust9497@example.com,
9499,Customer_9499,EGYPT,cust9498@example.com,0116662188
9500,Customer_9500,CAIRO,cust9499@example.com,0125394421
9501,Customer_9501,Giza,,0129904591
9502,Customer_9502,alex,cust9501@example.com,0118846982
9503,Customer_9503,EGYPT,cust9502@example.com,
9504,Customer_9504,CAIRO,cust9503@example.com,0103068919
9505,Customer_9505,EGYPT,,
9506,Customer_9506,CAIRO,cust9505@example.com,0109921731
9507,Customer_9507,EGYPT,cust9506@example.com,0112394491
9508,Customer_9508,Cairo,cust9507@example.com,0113001791
9509,Customer_9509,Alexandria,,0111058860
9510,Customer_9510,Egypt,cust9509@example.com,
9511,Customer_9511,Egypt,,0104726440
9512,Customer_9512,Giza,,
9513,Customer_9513,cairo,cust9512@example.com,
9514,Customer_9514,Egypt,cust9513@example.com,0125559287
9515,Customer_9515,cairo,cust9514@example.com,0125928911
9516,Customer_9516,Cairo,cust9515@example.com,0105914378
9517,Customer_9517,CAIRO,,0121317952
9518,Customer_9518,Giza,cust9517@example.com,0102884231
9519,Customer_9519,Alexandria,cust9518@example.com,
9520,Customer_9520,alex,,0125099308
9521,Customer_9521,cairo,cust9520@example.com,0122880229
9522,Customer_9522,Alexandria,cust9521@example.com,0114601363
9523,Customer_9523,Giza,cust9522@example.com,0103345720
9524,Customer_9524,Giza,cust9523@example.com,0123737631
9525,Customer_9525,Egypt,cust9524@example.com,0129914132
9526,Customer_9526,Alexandria,cust9525@example.com,0112289350
9527,Customer_9527,EGYPT,cust9526@example.com,
9528,Customer_9528,giza,cust9527@example.com,
9529,Customer_9529,Giza,cust9528@example.com,0127887219
9530,Customer_9530,cairo,cust9529@example.com,
9531,Customer_9531,alex,cust9530@example.com,0128150391
9532,Customer_9532,alex,cust9531@example.com,0112888799
9533,Customer_9533,Cairo,,0127447952
9534,Customer_9534,Cairo,cust9533@example.com,
9535,Customer_9535,Egypt,cust9534@example.com,0129587028
9536,Customer_9536,EGYPT,cust9535@example.com,0128815131
9537,Customer_9537,Egypt,cust9536@example.com,0128767731
9538,Customer_9538,alex,cust9537@example.com,0117606387
9539,Customer_9539,CAIRO,cust9538@example.com,0116783564
9540,Customer_9540,alex,cust9539@example.com,0129292112
9541,Customer_9541,Giza,cust9540@example.com,0115100785
9542,Customer_9542,Alexandria,cust9541@example.com,0104692360
9543,Customer_9543,Alexandria,cust9542@example.com,0121095447
9544,Customer_9544,Giza,cust9543@example.com,0118521378
9545,Customer_9545,Giza,cust9544@example.com,0115210624
9546,Customer_9546,alex,,0111575285
9547,Customer_9547,Alexandria,cust9546@example.com,0106616196
9548,Customer_9548,Alexandria,,0123286821
9549,Customer_9549,Alexandria,cust9548@example.com,0116100939
9550,Customer_9550,Giza,cust9549@example.com,0116344577
9551,Customer_9551,Cairo,cust9550@example.com,0129700414
9552,Customer_9552,EGYPT,cust9551@example.com,0124587230
9553,Customer_9553,CAIRO,cust9552@example.com,
9554,Customer_9554,Giza,cust9553@example.com,0122266332
9555,Customer_9555,Alexandria,cust9554@example.com,0124872985
9556,Customer_9556,cairo,cust9555@example.com,
9557,Customer_9557,alex,cust9556@example.com,0109669121
9558,Customer_9558,alex,cust9557@example.com,
9559,Customer_9559,EGYPT,cust9558@example.com,0101535633
9560,Customer_9560,Giza,cust9559@example.com,0123839940
9561,Customer_9561,EGYPT,cust9560@example.com,0104449758
9562,Customer_9562,Cairo,cust9561@example.com,0122924197
9563,Customer_9563,giza,cust9562@example.com,
9564,Customer_9564,Egypt,cust9563@example.com,0125840727
9565,Customer_9565,cairo,cust9564@example.com,0101231796
9566,Customer_9566,Egypt,cust9565@example.com,0117750976
9567,Customer_9567,giza,cust9566@example.com,0101928217
9568,Customer_9568,cairo,cust9567@example.com,0126263191
9569,Customer_9569,Egypt,cust9568@example.com,
9570,Customer_9570,cairo,cust9569@example.com,0104451263
9571,Customer_9571,EGYPT,cust9570@example.com,
9572,Customer_9572,CAIRO,cust9571@example.com,0109276470
9573,Customer_9573,cairo,cust9572@example.com,0115572845
9574,Customer_9574,giza,cust9573@example.com,0116852505
9575,Customer_9575,EGYPT,cust9574@example.com,0113630402
9576,Customer_9576,EGYPT,cust9575@example.com,0113188726
9577,Customer_9577,Cairo,cust9576@example.com,0126990927
9578,Customer_9578,Alexandria,cust9577@example.com,0108445760
9579,Customer_9579,alex,cust9578@example.com,0111324596
9580,Customer_9580,Cairo,,0122190127
9581,Customer_9581,giza,cust9580@example.com,0113580348
9582,Customer_9582,Giza,cust9581@example.com,0106561255
9583,Customer_9583,Giza,cust9582@example.com,0113954218
9584,Customer_9584,alex,cust9583@example.com,0113180740
9585,Customer_9585,EGYPT,cust9584@example.com,0107187585
9586,Customer_9586,CAIRO,cust9585@example.com,0125866658
9587,Customer_9587,giza,cust9586@example.com,0123861865
9588,Customer_9588,alex,cust9587@example.com,0129403902
9589,Customer_9589,Giza,cust9588@example.com,
9590,Customer_9590,Alexandria,cust9589@example.com,0123124404
9591,Customer_9591,EGYPT,cust9590@example.com,0126316579
9592,Customer_9592,Giza,cust9591@example.com,0106207614
9593,Customer_9593,CAIRO,cust9592@example.com,
9594,Customer_9594,alex,cust9593@example.com,0116006798
9595,Customer_9595,cairo,cust9594@example.com,0118295073
9596,Customer_9596,CAIRO,cust9595@example.com,0123788807
9597,Customer_9597,cairo,cust9596@example.com,0101336464
9598,Customer_9598,EGYPT,cust9597@example.com,
9599,Customer_9599,alex,cust9598@example.com,0101566795
9600,Customer_9600,Cairo,cust9599@example.com,0118958723
9601,Customer_9601,giza,cust9600@example.com,0106213428
9602,Customer_9602,Cairo,cust9601@example.com,
9603,Customer_9603,Cairo,cust9602@example.com,
9604,Customer_9604,Giza,cust9603@example.com,0111101660
9605,Customer_9605,Alexandria,cust9604@example.com,0122067598
9606,Customer_9606,Alexandria,,0115703301
9607,Customer_9607,giza,cust9606@example.com,0104931861
9608,Customer_9608,Egypt,,0129867917
9609,Customer_9609,Giza,cust9608@example.com,0105783751
9610,Customer_9610,Egypt,cust9609@example.com,0123617918
9611,Customer_9611,cairo,cust9610@example.com,0109506327
9612,Customer_9612,Giza,cust9611@example.com,
9613,Customer_9613,alex,cust9612@example.com,0103853399
9614,Customer_9614,Egypt,,0122577015
9615,Customer_9615,giza,cust9614@example.com,0117750844
9616,Customer_9616,giza,cust9615@example.com,0114047313
9617,Customer_9617,Giza,cust9616@example.com,0115541356
9618,Customer_9618,Cairo,cust9617@example.com,0127541584
9619,Customer_9619,alex,cust9618@example.com,
9620,Customer_9620,EGYPT,cust9619@example.com,0106797616
9621,Customer_9621,alex,cust9620@example.com,0128925612
9622,Customer_9622,giza,cust9621@example.com,0104348063
9623,Customer_9623,cairo,cust9622@example.com,0108836893
9624,Customer_9624,Egypt,cust9623@example.com,0112697265
9625,Customer_9625,Egypt,cust9624@example.com,0122627239
9626,Customer_9626,cairo,cust9625@example.com,
9627,Customer_9627,CAIRO,cust9626@example.com,0114237887
9628,Customer_9628,Giza,cust9627@example.com,0103123538
9629,Customer_9629,giza,cust9628@example.com,0117857714
9630,Customer_9630,Alexandria,cust9629@example.com,0118261477
9631,Customer_9631,cairo,cust9630@example.com,0115641836
9632,Customer_9632,cairo,cust9631@example.com,0127492261
9633,Customer_9633,alex,cust9632@example.com,
9634,Customer_9634,Giza,cust9633@example.com,0124696372
9635,Customer_9635,Giza,cust9634@example.com,0103272195
9636,Customer_9636,Alexandria,cust9635@example.com,0122293076
9637,Customer_9637,Giza,cust9636@example.com,
9638,Customer_9638,Cairo,,0123479454
9639,Customer_9639,giza,cust9638@example.com,0104838315
9640,Customer_9640,Cairo,cust9639@example.com,0128271747
9641,Customer_9641,CAIRO,cust9640@example.com,0114205409
9642,Customer_9642,giza,cust9641@example.com,0105767022
9643,Customer_9643,EGYPT,cust9642@example.com,0125043426
9644,Customer_9644,giza,cust9643@example.com,0118217512
9645,Customer_9645,giza,cust9644@example.com,0101635397
9646,Customer_9646,Alexandria,cust9645@example.com,
9647,Customer_9647,Cairo,cust9646@example.com,0128513634
9648,Customer_9648,alex,cust9647@example.com,0105517152
9649,Customer_9649,Alexandria,cust9648@example.com,0116046919
9650,Customer_9650,giza,cust9649@example.com,0101281698
9651,Customer_9651,alex,cust9650@example.com,0117452646
9652,Customer_9652,Egypt,cust9651@example.com,0123585549
9653,Customer_9653,alex,cust9652@example.com,0108141440
9654,Customer_9654,cairo,,0109925356
9655,Customer_9655,Alexandria,cust9654@example.com,
9656,Customer_9656,Alexandria,cust9655@example.com,0122754087
9657,Customer_9657,cairo,cust9656@example.com,0126709514
9658,Customer_9658,Egypt,cust9657@example.com,0114042724
9659,Customer_9659,Giza,cust9658@example.com,0127052183
9660,Customer_9660,Giza,cust9659@example.com,0117571002
9661,Customer_9661,Giza,cust9660@example.com,0126463280
9662,Customer_9662,Giza,cust9661@example.com,0108096725
9663,Customer_9663,Cairo,cust9662@example.com,0124350122
9664,Customer_9664,cairo,cust9663@example.com,0127164734
9665,Customer_9665,Egypt,cust9664@example.com,0103595966
9666,Customer_9666,giza,cust9665@example.com,0122688730
9667,Customer_9667,CAIRO,cust9666@example.com,
9668,Customer_9668,Alexandria,,0126512141
9669,Customer_9669,alex,cust9668@example.com,0124287695
9670,Customer_9670,Giza,cust9669@example.com,
9671,Customer_9671,alex,cust9670@example.com,0104309285
9672,Customer_9672,CAIRO,cust9671@example.com,
9673,Customer_9673,Alexandria,cust9672@example.com,0126754380
9674,Customer_9674,EGYPT,cust9673@example.com,0122767307
9675,Customer_9675,Egypt,,0109867582
9676,Customer_9676,Cairo,cust9675@example.com,
9677,Customer_9677,alex,cust9676@example.com,0119454697
9678,Customer_9678,Giza,cust9677@example.com,
9679,Customer_9679,cairo,cust9678@example.com,
9680,Customer_9680,alex,,0117800427
9681,Customer_9681,Alexandria,cust9680@example.com,0102956639
9682,Customer_9682,EGYPT,cust9681@example.com,0123638511
9683,Customer_9683,Egypt,cust9682@example.com,0128539664
9684,Customer_9684,cairo,cust9683@example.com,
9685,Customer_9685,Alexandria,cust9684@example.com,0103557418
9686,Customer_9686,EGYPT,cust9685@example.com,0106592791
9687,Customer_9687,cairo,cust9686@example.com,0108273641
9688,Customer_9688,alex,cust9687@example.com,0102335248
9689,Customer_9689,Alexandria,cust9688@example.com,0112374453
9690,Customer_9690,giza,,0114972718
9691,Customer_9691,EGYPT,,0123166921
9692,Customer_9692,giza,cust9691@example.com,0128110740
9693,Customer_9693,giza,cust9692@example.com,0102773477
9694,Customer_9694,Cairo,cust9693@example.com,0129112582
9695,Customer_9695,EGYPT,cust9694@example.com,0119502069
9696,Customer_9696,giza,cust9695@example.com,0109896941
9697,Customer_9697,alex,cust9696@example.com,0105921934
9698,Customer_9698,Alexandria,cust9697@example.com,0106018327
9699,Customer_9699,Alexandria,cust9698@example.com,0103848932
9700,Customer_9700,alex,cust9699@example.com,0126114486
9701,Customer_9701,Cairo,cust9700@example.com,0122218242
9702,Customer_9702,Egypt,cust9701@example.com,0128423999
9703,Customer_9703,Cairo,cust9702@example.com,
9704,Customer_9704,Alexandria,cust9703@example.com,0126758014
9705,Customer_9705,Egypt,cust9704@example.com,0127274052
9706,Customer_9706,Cairo,cust9705@example.com,0101125859
9707,Customer_9707,giza,cust9706@example.com,0107985138
9708,Customer_9708,Egypt,,0104166360
9709,Customer_9709,Alexandria,cust9708@example.com,
9710,Customer_9710,alex,cust9709@example.com,0124867491
9711,Customer_9711,Giza,cust9710@example.com,0124344153
9712,Customer_9712,giza,cust9711@example.com,0102591500
9713,Customer_9713,giza,cust9712@example.com,0127111112
9714,Customer_9714,Giza,cust9713@example.com,0122993916
9715,Customer_9715,CAIRO,cust9714@example.com,0114767095
9716,Customer_9716,cairo,cust9715@example.com,0125554636
9717,Customer_9717,EGYPT,cust9716@example.com,0101443145
9718,Customer_9718,Cairo,cust9717@example.com,0118746896
9719,Customer_9719,CAIRO,cust9718@example.com,0129829447
9720,Customer_9720,Cairo,cust9719@example.com,0112289765
9721,Customer_9721,CAIRO,cust9720@example.com,
9722,Customer_9722,Egypt,cust9721@example.com,0101798434
9723,Customer_9723,alex,cust9722@example.com,
9724,Customer_9724,EGYPT,cust9723@example.com,0107696238
9725,Customer_9725,EGYPT,cust9724@example.com,0108048334
9726,Customer_9726,Cairo,cust9725@example.com,0119310604
9727,Customer_9727,Giza,cust9726@example.com,0109887254
9728,Customer_9728,Egypt,cust9727@example.com,0107046560
9729,Customer_9729,EGYPT,cust9728@example.com,0102432854
9730,Customer_9730,cairo,cust9729@example.com,0122588691
9731,Customer_9731,Cairo,cust9730@example.com,0118609120
9732,Customer_9732,giza,cust9731@example.com,0127407541
9733,Customer_9733,cairo,cust9732@example.com,0116079693
9734,Customer_9734,Alexandria,cust9733@example.com,0127179507
9735,Customer_9735,Cairo,cust9734@example.com,0123988784
9736,Customer_9736,Cairo,cust9735@example.com,0127686404
9737,Customer_9737,giza,cust9736@example.com,0121626238
9738,Customer_9738,Egypt,cust9737@example.com,0123922240
9739,Customer_9739,giza,cust9738@example.com,0128638940
9740,Customer_9740,EGYPT,cust9739@example.com,0104259611
9741,Customer_9741,alex,cust9740@example.com,
9742,Customer_9742,Cairo,cust9741@example.com,0117928309
9743,Customer_9743,Alexandria,cust9742@example.com,0125901849
9744,Customer_9744,Giza,cust9743@example.com,0125688903
9745,Customer_9745,Cairo,cust9744@example.com,0123289368
9746,Customer_9746,giza,cust9745@example.com,
9747,Customer_9747,CAIRO,cust9746@example.com,0128806120
9748,Customer_9748,Cairo,cust9747@example.com,
9749,Customer_9749,Cairo,cust9748@example.com,0104614590
9750,Customer_9750,Alexandria,cust9749@example.com,0111003849
9751,Customer_9751,Alexandria,cust9750@example.com,0126073856
9752,Customer_9752,Cairo,cust9751@example.com,
9753,Customer_9753,CAIRO,cust9752@example.com,
9754,Customer_9754,alex,cust9753@example.com,
9755,Customer_9755,CAIRO,cust9754@example.com,0116364744
9756,Customer_9756,CAIRO,cust9755@example.com,0109059328
9757,Customer_9757,CAIRO,cust9756@example.com,0116372130
9758,Customer_9758,alex,,0116621809
9759,Customer_9759,Egypt,cust9758@example.com,
9760,Customer_9760,Egypt,cust9759@example.com,0129364489
9761,Customer_9761,CAIRO,cust9760@example.com,
9762,Customer_9762,giza,cust9761@example.com,0107334199
9763,Customer_9763,cairo,cust9762@example.com,
9764,Customer_9764,Egypt,cust9763@example.com,0121472991
9765,Customer_9765,Giza,cust9764@example.com,0115666230
9766,Customer_9766,Alexandria,cust9765@example.com,0109910226
9767,Customer_9767,alex,cust9766@example.com,0105346883
9768,Customer_9768,alex,cust9767@example.com,0101404266
9769,Customer_9769,cairo,cust9768@example.com,0116901539
9770,Customer_9770,Egypt,cust9769@example.com,0114764562
9771,Customer_9771,Alexandria,,0115592117
9772,Customer_9772,CAIRO,cust9771@example.com,
9773,Customer_9773,giza,cust9772@example.com,0104464965
9774,Customer_9774,Egypt,cust9773@example.com,0121966004
9775,Customer_9775,cairo,cust9774@example.com,0114067649
9776,Customer_9776,Alexandria,cust9775@example.com,0105936727
9777,Customer_9777,Cairo,cust9776@example.com,0111757877
9778,Customer_9778,Alexandria,cust9777@example.com,0127946185
9779,Customer_9779,Cairo,cust9778@example.com,0113027146
9780,Customer_9780,Giza,cust9779@example.com,0113725162
9781,Customer_9781,EGYPT,cust9780@example.com,0115376930
9782,Customer_9782,Alexandria,cust9781@example.com,0113549367
9783,Customer_9783,cairo,cust9782@example.com,
9784,Customer_9784,cairo,cust9783@example.com,
9785,Customer_9785,giza,cust9784@example.com,
9786,Customer_9786,CAIRO,cust9785@example.com,0114097659
9787,Customer_9787,Alexandria,cust9786@example.com,0109153200
9788,Customer_9788,EGYPT,cust9787@example.com,0119933524
9789,Customer_9789,Egypt,cust9788@example.com,0104527838
9790,Customer_9790,cairo,cust9789@example.com,0108269562
9791,Customer_9791,Giza,,0103493945
9792,Customer_9792,alex,cust9791@example.com,0127257129
9793,Customer_9793,cairo,cust9792@example.com,0117034876
9794,Customer_9794,Alexandria,cust9793@example.com,0125425234
9795,Customer_9795,Giza,cust9794@example.com,0114360025
9796,Customer_9796,alex,cust9795@example.com,
9797,Customer_9797,Cairo,cust9796@example.com,0116559818
9798,Customer_9798,EGYPT,cust9797@example.com,0128900644
9799,Customer_9799,cairo,,0122141262
9800,Customer_9800,Alexandria,cust9799@example.com,0106577184
9801,Customer_9801,alex,cust9800@example.com,0117553854
9802,Customer_9802,alex,cust9801@example.com,
9803,Customer_9803,CAIRO,,0108579150
9804,Customer_9804,alex,cust9803@example.com,0104971205
9805,Customer_9805,EGYPT,,0129493228
9806,Customer_9806,Giza,cust9805@example.com,
9807,Customer_9807,Giza,cust9806@example.com,0117932640
9808,Customer_9808,alex,cust9807@example.com,
9809,Customer_9809,Alexandria,cust9808@example.com,0124892726
9810,Customer_9810,cairo,cust9809@example.com,0113868965
9811,Customer_9811,Alexandria,cust9810@example.com,0124077425
9812,Customer_9812,giza,cust9811@example.com,0105574735
9813,Customer_9813,cairo,cust9812@example.com,0115772286
9814,Customer_9814,Cairo,cust9813@example.com,0129083818
9815,Customer_9815,EGYPT,cust9814@example.com,0104959018
9816,Customer_9816,Alexandria,,0113519817
9817,Customer_9817,CAIRO,cust9816@example.com,0101971741
9818,Customer_9818,Giza,cust9817@example.com,0111506687
9819,Customer_9819,alex,cust9818@example.com,0117205863
9820,Customer_9820,cairo,cust9819@example.com,0128189707
9821,Customer_9821,alex,,0129224402
9822,Customer_9822,Cairo,cust9821@example.com,0122260371
9823,Customer_9823,giza,cust9822@example.com,0102345614
9824,Customer_9824,alex,cust9823@example.com,0115420082
9825,Customer_9825,Alexandria,cust9824@example.com,0123872830
9826,Customer_9826,cairo,cust9825@example.com,0102096911
9827,Customer_9827,CAIRO,cust9826@example.com,0125613484
9828,Customer_9828,Cairo,cust9827@example.com,
9829,Customer_9829,EGYPT,,0115699173
9830,Customer_9830,giza,,0119516411
9831,Customer_9831,Alexandria,cust9830@example.com,0127078966
9832,Customer_9832,EGYPT,cust9831@example.com,0127215432
9833,Customer_9833,CAIRO,,0108776898
9834,Customer_9834,EGYPT,,0111511983
9835,Customer_9835,Giza,cust9834@example.com,0104538525
9836,Customer_9836,cairo,cust9835@example.com,0121991734
9837,Customer_9837,EGYPT,,0106637801
9838,Customer_9838,Alexandria,cust9837@example.com,0118188342
9839,Customer_9839,Giza,cust9838@example.com,0111075769
9840,Customer_9840,Giza,cust9839@example.com,0105606811
9841,Customer_9841,EGYPT,cust9840@example.com,0106015767
9842,Customer_9842,giza,cust9841@example.com,0123348177
9843,Customer_9843,Egypt,cust9842@example.com,0121252627
9844,Customer_9844,giza,cust9843@example.com,0114377042
9845,Customer_9845,alex,cust9844@example.com,
9846,Customer_9846,Alexandria,cust9845@example.com,0112462427
9847,Customer_9847,Egypt,,0107695744
9848,Customer_9848,cairo,cust9847@example.com,
9849,Customer_9849,Giza,cust9848@example.com,0117821406
9850,Customer_9850,Alexandria,cust9849@example.com,0119891292
9851,Customer_9851,CAIRO,cust9850@example.com,
9852,Customer_9852,alex,cust9851@example.com,0129073949
9853,Customer_9853,alex,cust9852@example.com,0127548697
9854,Customer_9854,Alexandria,cust9853@example.com,0128607719
9855,Customer_9855,cairo,cust9854@example.com,0113953558
9856,Customer_9856,Giza,cust9855@example.com,0117638076
9857,Customer_9857,Cairo,cust9856@example.com,0101365863
9858,Customer_9858,Cairo,cust9857@example.com,0113560525
9859,Customer_9859,Alexandria,cust9858@example.com,0126951527
9860,Customer_9860,EGYPT,cust9859@example.com,0119029635
9861,Customer_9861,giza,cust9860@example.com,0129100664
9862,Customer_9862,alex,cust9861@example.com,0106110458
9863,Customer_9863,cairo,cust9862@example.com,0116773268
9864,Customer_9864,alex,cust9863@example.com,0115441741
9865,Customer_9865,CAIRO,cust9864@example.com,0107920636
9866,Customer_9866,Cairo,cust9865@example.com,0123792294
9867,Customer_9867,Giza,cust9866@example.com,
9868,Customer_9868,CAIRO,cust9867@example.com,0123851482
9869,Customer_9869,Giza,cust9868@example.com,0115979603
9870,Customer_9870,alex,cust9869@example.com,0127781982
9871,Customer_9871,cairo,cust9870@example.com,0122467291
9872,Customer_9872,Cairo,cust9871@example.com,0119600970
9873,Customer_9873,alex,cust9872@example.com,0119015123
9874,Customer_9874,Cairo,cust9873@example.com,
9875,Customer_9875,Alexandria,cust9874@example.com,0125868990
9876,Customer_9876,Giza,cust9875@example.com,0107228663
9877,Customer_9877,alex,cust9876@example.com,0116839428
9878,Customer_9878,Egypt,cust9877@example.com,0123560431
9879,Customer_9879,Cairo,cust9878@example.com,
9880,Customer_9880,Cairo,cust9879@example.com,
9881,Customer_9881,Egypt,cust9880@example.com,0126704417
9882,Customer_9882,EGYPT,cust9881@example.com,0102687087
9883,Customer_9883,alex,cust9882@example.com,
9884,Customer_9884,Egypt,cust9883@example.com,0118139168
9885,Customer_9885,Cairo,cust9884@example.com,0102024904
9886,Customer_9886,alex,cust9885@example.com,0116717368
9887,Customer_9887,cairo,cust9886@example.com,0129812651
9888,Customer_9888,cairo,cust9887@example.com,0123763916
9889,Customer_9889,Giza,cust9888@example.com,0114325825
9890,Customer_9890,EGYPT,cust9889@example.com,0127522017
9891,Customer_9891,cairo,,0103062926
9892,Customer_9892,EGYPT,cust9891@example.com,0122239199
9893,Customer_9893,Giza,cust9892@example.com,
9894,Customer_9894,Alexandria,cust9893@example.com,0127769536
9895,Customer_9895,CAIRO,cust9894@example.com,0101660866
9896,Customer_9896,Giza,cust9895@example.com,0116515772
9897,Customer_9897,giza,,0119896756
9898,Customer_9898,EGYPT,cust9897@example.com,0105995514
9899,Customer_9899,cairo,cust9898@example.com,0126838801
9900,Customer_9900,cairo,cust9899@example.com,
9901,Customer_9901,alex,cust9900@example.com,0126582183
9902,Customer_9902,Cairo,cust9901@example.com,0127427040
9903,Customer_9903,cairo,cust9902@example.com,0118331104
9904,Customer_9904,Egypt,cust9903@example.com,0119409474
9905,Customer_9905,Cairo,cust9904@example.com,0116873744
9906,Customer_9906,Egypt,cust9905@example.com,0126683996
9907,Customer_9907,EGYPT,,0128908072
9908,Customer_9908,giza,cust9907@example.com,0102093373
9909,Customer_9909,Cairo,cust9908@example.com,0108646897
9910,Customer_9910,EGYPT,cust9909@example.com,0115708942
9911,Customer_9911,cairo,,0113282141
9912,Customer_9912,giza,cust9911@example.com,
9913,Customer_9913,Alexandria,cust9912@example.com,0112173556
9914,Customer_9914,cairo,cust9913@example.com,0125714501
9915,Customer_9915,CAIRO,cust9914@example.com,0115937051
9916,Customer_9916,Giza,cust9915@example.com,0111489069
9917,Customer_9917,Cairo,cust9916@example.com,0129648240
9918,Customer_9918,CAIRO,cust9917@example.com,0103001106
9919,Customer_9919,Cairo,,0113199415
9920,Customer_9920,Giza,cust9919@example.com,0117664517
9921,Customer_9921,Cairo,cust9920@example.com,
9922,Customer_9922,EGYPT,cust9921@example.com,0122143685
9923,Customer_9923,Egypt,cust9922@example.com,
9924,Customer_9924,alex,cust9923@example.com,0125629680
9925,Customer_9925,EGYPT,cust9924@example.com,0115551549
9926,Customer_9926,Giza,cust9925@example.com,0107957059
9927,Customer_9927,Cairo,cust9926@example.com,
9928,Customer_9928,EGYPT,cust9927@example.com,0109416033
9929,Customer_9929,Egypt,cust9928@example.com,0101475759
9930,Customer_9930,CAIRO,cust9929@example.com,0111571800
9931,Customer_9931,EGYPT,cust9930@example.com,0128821462
9932,Customer_9932,CAIRO,cust9931@example.com,0122970764
9933,Customer_9933,Giza,cust9932@example.com,0102885302
9934,Customer_9934,CAIRO,cust9933@example.com,
9935,Customer_9935,Cairo,cust9934@example.com,0106413790
9936,Customer_9936,giza,cust9935@example.com,0107559013
9937,Customer_9937,giza,cust9936@example.com,0126170382
9938,Customer_9938,Alexandria,cust9937@example.com,0125960222
9939,Customer_9939,Cairo,cust9938@example.com,0115543327
9940,Customer_9940,Giza,cust9939@example.com,0115009983
9941,Customer_9941,cairo,,0108656660
9942,Customer_9942,giza,cust9941@example.com,
9943,Customer_9943,Giza,cust9942@example.com,0123303766
9944,Customer_9944,CAIRO,cust9943@example.com,0105650278
9945,Customer_9945,EGYPT,cust9944@example.com,
9946,Customer_9946,giza,cust9945@example.com,0118317053
9947,Customer_9947,Cairo,cust9946@example.com,0125401061
9948,Customer_9948,giza,cust9947@example.com,0129914983
9949,Customer_9949,Egypt,,0105666706
9950,Customer_9950,Egypt,cust9949@example.com,
9951,Customer_9951,Egypt,cust9950@example.com,0105052797
9952,Customer_9952,giza,cust9951@example.com,0104081502
9953,Customer_9953,Alexandria,cust9952@example.com,0125018842
9954,Customer_9954,Giza,,0108736216
9955,Customer_9955,Egypt,cust9954@example.com,0112540274
9956,Customer_9956,CAIRO,cust9955@example.com,
9957,Customer_9957,Cairo,cust9956@example.com,0122374585
9958,Customer_9958,alex,,0106547070
9959,Customer_9959,Egypt,cust9958@example.com,0117423009
9960,Customer_9960,Giza,cust9959@example.com,0111467440
9961,Customer_9961,CAIRO,cust9960@example.com,0109810584
9962,Customer_9962,Cairo,cust9961@example.com,0116719617
9963,Customer_9963,EGYPT,cust9962@example.com,
9964,Customer_9964,cairo,cust9963@example.com,0114710135
9965,Customer_9965,CAIRO,cust9964@example.com,0106543636
9966,Customer_9966,Alexandria,,0111702358
9967,Customer_9967,CAIRO,cust9966@example.com,
9968,Customer_9968,CAIRO,cust9967@example.com,0102022232
9969,Customer_9969,Alexandria,cust9968@example.com,0107547609
9970,Customer_9970,EGYPT,cust9969@example.com,0111147352
9971,Customer_9971,giza,cust9970@example.com,
9972,Customer_9972,Cairo,cust9971@example.com,0115363222
9973,Customer_9973,CAIRO,cust9972@example.com,0123576919
9974,Customer_9974,CAIRO,cust9973@example.com,0109649076
9975,Customer_9975,Alexandria,cust9974@example.com,0108661484
9976,Customer_9976,Giza,cust9975@example.com,0104533456
9977,Customer_9977,CAIRO,cust9976@example.com,
9978,Customer_9978,CAIRO,cust9977@example.com,0107016385
9979,Customer_9979,Alexandria,cust9978@example.com,0116725973
9980,Customer_9980,Giza,cust9979@example.com,0105768945
9981,Customer_9981,Alexandria,cust9980@example.com,0124625491
9982,Customer_9982,CAIRO,cust9981@example.com,0124600560
9983,Customer_9983,Egypt,cust9982@example.com,0118608384
9984,Customer_9984,Cairo,,0128498696
9985,Customer_9985,Giza,cust9984@example.com,0121379211
9986,Customer_9986,Egypt,cust9985@example.com,0127154684
9987,Customer_9987,Alexandria,cust9986@example.com,0129302139
9988,Customer_9988,CAIRO,cust9987@example.com,0124043090
9989,Customer_9989,Alexandria,cust9988@example.com,0106467923
9990,Customer_9990,giza,,0112645082
9991,Customer_9991,giza,cust9990@example.com,0115644048
9992,Customer_9992,CAIRO,cust9991@example.com,0109661004
9993,Customer_9993,CAIRO,cust9992@example.com,0102933386
9994,Customer_9994,Egypt,,
9995,Customer_9995,alex,cust9994@example.com,0109974334
9996,Customer_9996,CAIRO,cust9995@example.com,0105672587
9997,Customer_9997,Giza,cust9996@example.com,0125493065
9998,Customer_9998,Giza,cust9997@example.com,0111958270
9999,Customer_9999,Alexandria,cust9998@example.com,0129663249
10000,Customer_10000,Egypt,cust9999@example.com,0128750514
7485,Customer_7485,Cairo,cust7484@example.com,0111643401
9028,Customer_9028,cairo,cust9027@example.com,0112837244
7470,Customer_7470,cairo,cust7469@example.com,0126955057
1183,Customer_1183,alex,cust1182@example.com,0118464595
1835,Customer_1835,Giza,,0129947295
7118,Customer_7118,cairo,,0118812190
2150,Customer_2150,Cairo,cust2149@example.com,0108347183
8846,Customer_8846,Cairo,cust8845@example.com,0119357420
9953,Customer_9953,Alexandria,cust9952@example.com,0125018842
8936,Customer_8936,Giza,cust8935@example.com,0126363686
6890,Customer_6890,Alexandria,,
4614,Customer_4614,CAIRO,cust4613@example.com,0116634351
8763,Customer_8763,giza,cust8762@example.com,0129602546
4452,Customer_4452,Cairo,cust4451@example.com,0127863409
2465,Customer_2465,EGYPT,cust2464@example.com,0113124037
4241,Customer_4241,Cairo,cust4240@example.com,0112041619
8542,Customer_8542,CAIRO,cust8541@example.com,0125385575
9041,Customer_9041,giza,,
7692,Customer_7692,EGYPT,cust7691@example.com,0126956207
7911,Customer_7911,CAIRO,cust7910@example.com,0101965037
4463,Customer_4463,EGYPT,cust4462@example.com,0118651884
4470,Customer_4470,Cairo,cust4469@example.com,
604,Customer_604,Cairo,cust603@example.com,0101593826
3707,Customer_3707,Egypt,cust3706@example.com,0115173635
3630,Customer_3630,Egypt,cust3629@example.com,0112220066
1881,Customer_1881,Alexandria,cust1880@example.com,0129033933
5828,Customer_5828,Egypt,cust5827@example.com,0121131739
4654,Customer_4654,cairo,cust4653@example.com,
1537,Customer_1537,Egypt,cust1536@example.com,0117566166
8987,Customer_8987,CAIRO,cust8986@example.com,0122673865
8013,Customer_8013,CAIRO,cust8012@example.com,0111295825
4880,Customer_4880,CAIRO,cust4879@example.com,
4188,Customer_4188,giza,cust4187@example.com,0106967686
4733,Customer_4733,giza,cust4732@example.com,0113085495
4244,Customer_4244,Egypt,cust4243@example.com,
7493,Customer_7493,alex,cust7492@example.com,0115636791
9423,Customer_9423,EGYPT,cust9422@example.com,
6850,Customer_6850,alex,cust6849@example.com,0117916459
8224,Customer_8224,EGYPT,cust8223@example.com,0122725659
4868,Customer_4868,Giza,cust4867@example.com,0119226005
3020,Customer_3020,Cairo,cust3019@example.com,0127799103
981,Customer_981,cairo,cust980@example.com,0125998210
5876,Customer_5876,Alexandria,cust5875@example.com,0113675767
5556,Customer_5556,CAIRO,,0128859658
3268,Customer_3268,EGYPT,cust3267@example.com,0101056117
5193,Customer_5193,Cairo,cust5192@example.com,0113329053
9783,Customer_9783,cairo,cust9782@example.com,
971,Customer_971,EGYPT,cust970@example.com,
6372,Customer_6372,Alexandria,cust6371@example.com,0119241853
4789,Customer_4789,giza,cust4788@example.com,0113876487
8360,Customer_8360,EGYPT,cust8359@example.com,0104576185
3107,Customer_3107,Cairo,cust3106@example.com,0106353739
9922,Customer_9922,EGYPT,cust9921@example.com,0122143685
5949,Customer_5949,cairo,,0125952591
4033,Customer_4033,EGYPT,cust4032@example.com,0115847977
5541,Customer_5541,alex,cust5540@example.com,0123152608
3126,Customer_3126,alex,cust3125@example.com,0108663955
1413,Customer_1413,CAIRO,cust1412@example.com,0119018068
3540,Customer_3540,Cairo,cust3539@example.com,0111724953
2594,Customer_2594,EGYPT,cust2593@example.com,0109189127
6318,Customer_6318,CAIRO,cust6317@example.com,0101168145
2351,Customer_2351,CAIRO,cust2350@example.com,0107336934
3980,Customer_3980,Alexandria,cust3979@example.com,0102540842
4401,Customer_4401,Giza,cust4400@example.com,0114458944
6023,Customer_6023,EGYPT,cust6022@example.com,0124386268
4843,Customer_4843,Egypt,cust4842@example.com,0114641436
5930,Customer_5930,alex,cust5929@example.com,0114564388
7646,Customer_7646,alex,cust7645@example.com,0128316300
2039,Customer_2039,Giza,cust2038@example.com,0104306757
6988,Customer_6988,Egypt,cust6987@example.com,0118528360
7205,Customer_7205,CAIRO,cust7204@example.com,0123454897
4359,Customer_4359,CAIRO,cust4358@example.com,0117523521
9120,Customer_9120,Giza,cust9119@example.com,
3965,Customer_3965,cairo,cust3964@example.com,0121666233
7598,Customer_7598,Alexandria,cust7597@example.com,0105487195
1504,Customer_1504,Alexandria,,
6182,Customer_6182,Egypt,cust6181@example.com,0114841979
404,Customer_404,Giza,cust403@example.com,0121169022
6378,Customer_6378,CAIRO,cust6377@example.com,0116783177
7780,Customer_7780,giza,cust7779@example.com,0108592687
7567,Customer_7567,Cairo,,0128572530
9583,Customer_9583,Giza,cust9582@example.com,0113954218
5198,Customer_5198,Giza,cust5197@example.com,0124505045
2274,Customer_2274,Cairo,cust2273@example.com,0118467690
6276,Customer_6276,cairo,cust6275@example.com,0127430349
3177,Customer_3177,Egypt,cust3176@example.com,0108801375
7200,Customer_7200,CAIRO,cust7199@example.com,0103137616
2826,Customer_2826,CAIRO,cust2825@example.com,0125971222
3613,Customer_3613,Giza,cust3612@example.com,0108522479
2469,Customer_2469,EGYPT,cust2468@example.com,
8439,Customer_8439,cairo,cust8438@example.com,0108207278
4272,Customer_4272,Egypt,cust4271@example.com,0128043131
6661,Customer_6661,Egypt,cust6660@example.com,0104147614
7919,Customer_7919,alex,cust7918@example.com,0113267699
284,Customer_284,cairo,cust283@example.com,
4738,Customer_4738,giza,cust4737@example.com,0103178790
1191,Customer_1191,Cairo,cust1190@example.com,0104473852
5842,Customer_5842,EGYPT,cust5841@example.com,0116888413
6204,Customer_6204,alex,,0118331731
8001,Customer_8001,CAIRO,cust8000@example.com,0128209780
7932,Customer_7932,giza,cust7931@example.com,0106372185
200,Customer_200,EGYPT,cust199@example.com,0114409497
2362,Customer_2362,EGYPT,cust2361@example.com,0108677440
3347,Customer_3347,Alexandria,cust3346@example.com,0106290703
7593,Customer_7593,giza,cust7592@example.com,0119429274
5166,Customer_5166,Cairo,,0123267416
6958,Customer_6958,EGYPT,cust6957@example.com,0121296897
2843,Customer_2843,alex,cust2842@example.com,0129304964
6537,Customer_6537,cairo,cust6536@example.com,0127628399
6649,Customer_6649,EGYPT,cust6648@example.com,0102226434
4086,Customer_4086,Cairo,cust4085@example.com,0113515311
7049,Customer_7049,alex,cust7048@example.com,0127401788
9402,Customer_9402,cairo,cust9401@example.com,0126417572
6131,Customer_6131,cairo,cust6130@example.com,0122900001
4206,Customer_4206,giza,cust4205@example.com,0113822870
967,Customer_967,EGYPT,cust966@example.com,0107414896
4764,Customer_4764,giza,cust4763@example.com,0124123396
8802,Customer_8802,Alexandria,,0113042782
6792,Customer_6792,giza,cust6791@example.com,0114080218
2581,Customer_2581,CAIRO,,0122901474
3972,Customer_3972,Giza,cust3971@example.com,
4185,Customer_4185,Alexandria,cust4184@example.com,0117789714
4517,Customer_4517,Cairo,,0124975133
8421,Customer_8421,CAIRO,cust8420@example.com,0119895963
4885,Customer_4885,Alexandria,cust4884@example.com,
5938,Customer_5938,alex,cust5937@example.com,0118242081
8621,Customer_8621,alex,cust8620@example.com,0105475087
5485,Customer_5485,Egypt,cust5484@example.com,0107524929
1632,Customer_1632,alex,,0126516477
1969,Customer_1969,cairo,cust1968@example.com,
135,Customer_135,giza,cust134@example.com,0107340279
3942,Customer_3942,Egypt,cust3941@example.com,0102504344
7850,Customer_7850,giza,cust7849@example.com,0103633745
236,Customer_236,alex,cust235@example.com,0104639271
3069,Customer_3069,Cairo,cust3068@example.com,0118999068
7395,Customer_7395,CAIRO,cust7394@example.com,0112098253
7965,Customer_7965,Egypt,cust7964@example.com,0109710275
6840,Customer_6840,Giza,cust6839@example.com,0118663803
445,Customer_445,Egypt,cust444@example.com,0127733243
6042,Customer_6042,Egypt,cust6041@example.com,0112828050
5104,Customer_5104,cairo,cust5103@example.com,0117888275
9855,Customer_9855,cairo,cust9854@example.com,0113953558
594,Customer_594,alex,cust593@example.com,0114536817
3495,Customer_3495,Alexandria,cust3494@example.com,0102949735
6098,Customer_6098,giza,,
8266,Customer_8266,EGYPT,cust8265@example.com,0106048681
8364,Customer_8364,EGYPT,cust8363@example.com,0127462538
8756,Customer_8756,Egypt,cust8755@example.com,0106243213
1979,Customer_1979,cairo,cust1978@example.com,0124274472
8115,Customer_8115,giza,cust8114@example.com,0107644019
2588,Customer_2588,EGYPT,cust2587@example.com,
1454,Customer_1454,Egypt,cust1453@example.com,0104544900
1132,Customer_1132,Alexandria,,0101818109
6377,Customer_6377,Egypt,cust6376@example.com,0107498571
9962,Customer_9962,Cairo,cust9961@example.com,0116719617
6184,Customer_6184,Giza,cust6183@example.com,0129689580
9042,Customer_9042,Egypt,cust9041@example.com,0115671991
1343,Customer_1343,Giza,cust1342@example.com,0106110387
9123,Customer_9123,Egypt,cust9122@example.com,
6717,Customer_6717,cairo,cust6716@example.com,0129003702
749,Customer_749,Egypt,cust748@example.com,0121226517
3504,Customer_3504,Alexandria,cust3503@example.com,0129031553
5706,Customer_5706,CAIRO,cust5705@example.com,0122137280
4329,Customer_4329,Egypt,cust4328@example.com,0107003659
8912,Customer_8912,cairo,cust8911@example.com,0123362721
8753,Customer_8753,Egypt,cust8752@example.com,0114758764
9342,Customer_9342,Giza,cust9341@example.com,0112992605
6467,Customer_6467,alex,cust6466@example.com,0118076109
2267,Customer_2267,CAIRO,cust2266@example.com,0116936840
4294,Customer_4294,Giza,,0129732513
8110,Customer_8110,CAIRO,cust8109@example.com,0122815024
3311,Customer_3311,EGYPT,cust3310@example.com,
1532,Customer_1532,giza,cust1531@example.com,0104431951
8164,Customer_8164,Alexandria,cust8163@example.com,0117718964
7977,Customer_7977,CAIRO,cust7976@example.com,0101834493
4758,Customer_4758,cairo,cust4757@example.com,0114090016
3143,Customer_3143,cairo,cust3142@example.com,0111333407
9769,Customer_9769,cairo,cust9768@example.com,0116901539
8188,Customer_8188,giza,cust8187@example.com,0126189022
9735,Customer_9735,Cairo,cust9734@example.com,0123988784
890,Customer_890,cairo,cust889@example.com,
4161,Customer_4161,Egypt,cust4160@example.com,0105009563
4458,Customer_4458,cairo,cust4457@example.com,0129138984
5656,Customer_5656,Giza,cust5655@example.com,0119137790
7587,Customer_7587,Cairo,cust7586@example.com,0125160823
260,Customer_260,alex,cust259@example.com,0117122621
5732,Customer_5732,cairo,cust5731@example.com,0125800859
2324,Customer_2324,Egypt,cust2323@example.com,0115769206
1727,Customer_1727,Egypt,cust1726@example.com,0111247472
11,Customer_11,giza,cust10@example.com,
9543,Customer_9543,Alexandria,cust9542@example.com,0121095447
4494,Customer_4494,cairo,cust4493@example.com,0126257477
3936,Customer_3936,Giza,cust3935@example.com,0118510502
2455,Customer_2455,Egypt,cust2454@example.com,
3449,Customer_3449,EGYPT,cust3448@example.com,0111247299
4422,Customer_4422,Egypt,cust4421@example.com,0112729678
2490,Customer_2490,CAIRO,cust2489@example.com,0101744804
6772,Customer_6772,Egypt,cust6771@example.com,0124257390
829,Customer_829,alex,cust828@example.com,0108881745
1096,Customer_1096,Egypt,cust1095@example.com,0116928311
