ReturnID,OrderID,ReturnDate,ReturnReason
800001,541591,2022-10-19 18:57:57,Changed Mind
800002,549096,2022-02-09 16:15:22,Changed Mind
800003,506069,2023-02-09 22:49:13,defective
800004,524223,2022-12-14 05:47:01,defective
800005,508942,2023-08-16 16:34:04,Wrong Item
800006,501594,2024-04-20 01:14:11,WRONG ITEM
800007,534978,2023-05-11 06:49:35,Changed Mind
800008,536549,2024-04-03 00:19:50,nan
800009,505642,2024-05-19 23:22:09,Wrong Item
800010,509436,2022-06-24 20:06:57,Changed Mind
800011,534693,2023-12-15 08:21:56,Wrong Item
800012,521730,2024-04-04 13:40:10,Wrong Item
800013,510760,2023-11-22 22:36:06,Changed Mind
800014,528814,2022-04-27 07:50:24,Wrong Item
800015,532670,2023-01-31 02:19:58,WRONG ITEM
800016,522565,2024-09-03 06:30:19,Changed Mind
800017,502755,2023-10-13 13:33:20,Defective
800018,519987,2022-09-15 13:49:03,Changed Mind
800019,521863,2024-12-30 06:13:39,WRONG ITEM
800020,533690,2023-06-21 17:11:03,defective
800021,508605,2022-09-22 14:22:50,Changed Mind
800022,507463,2024-06-07 08:09:27,defective
800023,500287,2023-12-08 20:24:30,defective
800024,536392,2023-06-19 07:39:36,defective
800025,500613,2022-06-14 00:55:31,Defective
800026,512859,2023-01-28 18:09:54,defective
800027,516282,2022-04-12 04:23:36,nan
800028,531851,2022-06-05 09:58:16,defective
800029,537916,2024-11-19 04:08:45,Wrong Item
800030,535005,2022-11-10 03:43:52,nan
800031,502384,2022-09-07 10:29:49,defective
800032,514498,2023-11-02 16:59:32,Wrong Item
800033,510678,2022-01-02 23:20:56,Defective
800034,527929,2022-01-07 22:32:19,Defective
800035,511095,2024-04-06 09:15:11,WRONG ITEM
800036,500917,2024-05-25 02:39:29,Wrong Item
800037,516526,2022-01-19 02:56:30,Defective
800038,521013,2022-10-25 02:06:20,defective
800039,528093,2022-11-21 05:25:21,defective
800040,505164,2024-02-26 22:07:07,nan
800041,525672,2022-10-23 20:52:38,Changed Mind
800042,522711,2022-12-17 03:35:23,Changed Mind
800043,532797,2023-01-21 12:06:24,Wrong Item
800044,512520,2024-06-13 04:39:45,nan
800045,548490,2022-10-29 08:21:59,WRONG ITEM
800046,541204,2023-09-20 12:36:59,Wrong Item
800047,537588,2024-04-13 02:31:34,nan
800048,547103,2022-07-11 04:04:24,Defective
800049,531173,2023-10-12 16:14:40,WRONG ITEM
800050,518831,2024-07-10 04:06:31,Changed Mind
800051,537667,2022-07-23 04:26:26,Defective
800052,545059,2023-04-19 01:47:36,Defective
800053,516031,2023-07-07 07:49:52,Defective
800054,544663,2024-02-23 23:43:02,Wrong Item
800055,549589,2022-03-10 18:18:01,Defective
800056,528959,2023-07-20 23:46:51,Changed Mind
800057,502568,2024-07-09 02:37:57,Defective
800058,510293,2022-02-11 01:25:56,nan
800059,516633,2024-07-24 20:43:27,Changed Mind
800060,509428,2023-11-07 23:07:48,WRONG ITEM
800061,513289,2024-07-03 18:06:43,Defective
800062,504261,2024-11-19 02:37:35,Wrong Item
800063,526230,2022-03-23 18:02:29,defective
800064,503202,2024-12-16 01:54:25,defective
800065,513294,2024-05-03 10:53:42,defective
800066,522920,2023-10-18 13:05:09,Defective
800067,500376,2023-02-19 02:25:37,WRONG ITEM
800068,519284,2023-06-06 06:19:35,Changed Mind
800069,528000,2023-07-06 21:15:52,Defective
800070,541752,2023-07-15 08:53:51,WRONG ITEM
800071,516819,2024-11-23 15:23:07,defective
800072,513540,2024-03-28 17:50:08,nan
800073,512803,2024-07-06 17:21:38,Changed Mind
800074,547434,2022-06-02 01:43:48,defective
800075,509779,2022-11-08 03:28:07,Wrong Item
800076,528278,2024-12-06 08:51:38,Changed Mind
800077,506998,2023-06-17 19:50:13,WRONG ITEM
800078,529152,2024-01-02 08:36:26,Defective
800079,509373,2022-05-09 18:40:25,Defective
800080,516335,2022-12-18 04:07:35,nan
800081,517600,2023-11-04 11:06:13,nan
800082,513252,2024-09-05 20:17:04,nan
800083,542136,2024-01-16 15:46:00,Wrong Item
800084,544246,2024-10-10 13:46:53,Changed Mind
800085,548945,2022-10-18 11:44:02,defective
800086,540866,2024-05-02 17:17:20,defective
800087,503668,2023-10-19 06:15:28,nan
800088,524682,2023-10-21 11:41:53,Wrong Item
800089,531272,2023-02-20 23:03:15,Changed Mind
800090,544162,2022-06-21 00:38:34,nan
800091,503993,2022-11-12 10:59:43,nan
800092,547413,2022-11-02 05:51:08,Changed Mind
800093,529216,2022-06-26 08:02:01,Defective
800094,505870,2024-02-27 07:59:28,Changed Mind
800095,508154,2022-07-07 04:36:25,nan
800096,539797,2022-03-18 14:18:32,Changed Mind
800097,531065,2023-05-30 08:14:15,nan
800098,511467,2022-11-16 00:31:47,Defective
800099,532813,2024-02-14 00:31:06,Changed Mind
800100,543207,2023-07-20 02:18:51,nan
800101,512967,2023-05-03 03:23:15,Wrong Item
800102,544665,2022-08-03 11:56:13,nan
800103,535223,2022-10-27 20:54:49,WRONG ITEM
800104,540289,2023-07-08 03:16:26,Wrong Item
800105,538767,2023-03-13 15:14:18,Defective
800106,522767,2024-06-29 19:52:48,Wrong Item
800107,547181,2023-07-10 05:17:51,WRONG ITEM
800108,521412,2022-08-25 05:40:54,Defective
800109,518506,2023-02-16 06:44:11,defective
800110,516984,2022-10-31 07:58:54,Wrong Item
800111,526718,2022-10-17 20:04:33,defective
800112,510032,2023-10-27 15:39:05,nan
800113,525011,2024-12-30 10:13:04,defective
800114,501952,2022-06-02 09:41:20,Changed Mind
800115,537150,2023-11-12 06:07:13,Defective
800116,537199,2023-12-09 12:17:26,Changed Mind
800117,515206,2022-02-27 01:12:10,nan
800118,528652,2023-05-29 07:31:12,nan
800119,526591,2024-11-24 20:47:27,defective
800120,509283,2024-03-09 12:49:44,WRONG ITEM
800121,542750,2022-08-06 08:35:10,defective
800122,511625,2022-05-26 23:48:14,Wrong Item
800123,536595,2024-07-04 12:22:46,Defective
800124,500607,2023-08-13 03:18:23,Wrong Item
800125,517114,2022-08-19 18:56:43,Wrong Item
800126,508534,2022-03-05 10:32:15,nan
800127,543920,2022-11-07 11:44:53,Changed Mind
800128,539688,2023-10-22 22:19:43,Defective
800129,545122,2023-04-28 05:09:47,Defective
800130,527669,2024-12-11 19:04:25,Defective
800131,536956,2022-01-31 10:02:57,Wrong Item
800132,515907,2022-04-11 04:19:36,defective
800133,535727,2022-11-22 09:36:19,Wrong Item
800134,514924,2023-03-27 12:49:24,WRONG ITEM
800135,509132,2022-08-28 10:40:35,Defective
800136,518608,2022-01-13 20:47:10,nan
800137,525768,2023-09-11 18:47:05,WRONG ITEM
800138,515783,2023-09-23 06:31:11,Changed Mind
800139,522407,2023-10-09 05:12:27,defective
800140,522705,2024-04-04 20:01:00,defective
800141,540226,2023-01-09 06:24:42,Defective
800142,534307,2022-06-14 00:48:44,Defective
800143,522196,2024-05-11 17:59:12,WRONG ITEM
800144,503063,2022-01-10 08:36:08,Wrong Item
800145,519297,2023-10-03 05:03:46,WRONG ITEM
800146,540416,2023-01-15 18:12:00,defective
800147,544356,2022-07-03 22:27:03,defective
800148,520314,2023-08-21 22:57:32,Defective
800149,514952,2024-12-17 15:10:07,nan
800150,504135,2022-10-13 23:52:25,Defective
800151,524362,2023-06-27 18:45:37,nan
800152,538417,2023-04-02 01:04:08,defective
800153,504099,2023-08-18 01:57:11,defective
800154,520459,2022-12-17 19:20:08,Defective
800155,546031,2022-12-07 01:59:35,nan
800156,506144,2023-05-12 20:56:47,Wrong Item
800157,520466,2022-06-06 13:28:09,Defective
800158,524898,2024-04-10 05:50:40,WRONG ITEM
800159,529023,2022-05-12 09:37:36,Changed Mind
800160,507127,2023-02-14 20:59:15,WRONG ITEM
800161,547254,2024-04-16 11:15:01,Defective
800162,540638,2022-10-13 13:15:58,nan
800163,508911,2023-01-30 03:13:02,Defective
800164,523136,2024-08-14 16:08:10,WRONG ITEM
800165,530660,2023-03-27 00:58:44,Wrong Item
800166,525501,2024-10-22 17:45:58,WRONG ITEM
800167,544694,2023-10-30 17:31:15,nan
800168,523482,2023-02-23 05:07:55,defective
800169,549888,2023-09-14 15:12:12,Wrong Item
800170,506026,2022-04-02 07:06:14,nan
800171,504505,2024-04-14 20:29:13,nan
800172,525752,2023-07-29 09:56:57,WRONG ITEM
800173,538865,2022-03-02 01:52:58,Changed Mind
800174,519933,2022-09-24 16:26:53,Wrong Item
800175,548744,2023-07-20 02:30:56,WRONG ITEM
800176,530665,2022-07-09 19:11:03,Defective
800177,512409,2022-09-03 23:24:42,nan
800178,527563,2023-10-21 02:30:41,nan
800179,504756,2022-01-10 14:22:48,WRONG ITEM
800180,500343,2024-05-16 20:09:55,defective
800181,540779,2023-08-11 23:58:53,defective
800182,522321,2024-02-29 17:00:24,defective
800183,513018,2024-01-11 00:20:03,nan
800184,502735,2024-02-08 23:40:12,Changed Mind
800185,507676,2024-12-26 01:42:41,nan
800186,517935,2023-11-27 14:25:29,WRONG ITEM
800187,542312,2024-04-14 15:18:55,defective
800188,543682,2023-09-23 00:43:11,defective
800189,507018,2023-09-24 18:52:42,WRONG ITEM
800190,525946,2022-07-04 22:01:00,defective
800191,549367,2023-11-05 08:06:34,Defective
800192,541923,2024-04-29 06:37:28,nan
800193,547364,2022-07-27 20:43:33,Defective
800194,540619,2022-04-01 04:00:23,Changed Mind
800195,503356,2022-12-08 00:21:51,WRONG ITEM
800196,541606,2022-03-16 21:30:03,Wrong Item
800197,545558,2022-08-29 15:44:35,Wrong Item
800198,500113,2023-10-02 11:10:41,Defective
800199,524229,2023-12-05 16:07:01,Changed Mind
800200,500413,2022-08-14 01:50:00,Changed Mind
800201,522977,2023-02-13 07:23:50,Changed Mind
800202,520455,2024-12-04 14:56:15,defective
800203,504176,2022-03-06 10:55:05,nan
800204,543739,2023-01-24 17:39:30,Wrong Item
800205,542583,2022-08-13 09:08:57,nan
800206,546635,2023-12-18 08:02:14,Defective
800207,528099,2024-12-19 09:18:51,nan
800208,527849,2024-01-28 04:48:11,Wrong Item
800209,531094,2024-02-19 12:21:18,defective
800210,540747,2023-01-08 12:11:39,Changed Mind
800211,527800,2022-02-17 10:58:39,Changed Mind
800212,521164,2023-02-12 04:20:52,Defective
800213,531249,2024-10-29 09:06:46,Changed Mind
800214,521763,2023-08-13 03:11:31,WRONG ITEM
800215,509064,2024-07-03 20:34:03,defective
800216,510539,2024-02-10 00:21:30,nan
800217,524269,2024-11-15 21:12:03,Changed Mind
800218,528968,2022-08-14 21:56:50,Wrong Item
800219,534365,2024-10-04 12:59:14,Defective
800220,528231,2024-08-20 07:28:27,defective
800221,527668,2023-05-23 13:55:08,WRONG ITEM
800222,544162,2022-12-20 22:16:57,WRONG ITEM
800223,542803,2023-07-09 06:50:36,Changed Mind
800224,504819,2022-01-10 01:09:20,nan
800225,520602,2022-04-22 11:04:18,defective
800226,516497,2022-04-27 03:54:57,nan
800227,503099,2024-04-21 06:45:43,nan
800228,515393,2023-09-06 05:22:15,Wrong Item
800229,508795,2024-11-24 01:41:39,Wrong Item
800230,522600,2023-03-12 06:58:45,Changed Mind
800231,536137,2023-05-12 09:26:26,Changed Mind
800232,522325,2024-05-28 10:42:39,defective
800233,535179,2024-10-13 08:19:59,Wrong Item
800234,522478,2024-07-24 18:39:53,Defective
800235,529350,2024-05-25 10:46:43,Wrong Item
800236,520403,2024-06-13 06:01:51,Wrong Item
800237,545730,2022-06-15 21:00:30,Changed Mind
800238,511893,2023-03-05 18:02:25,Wrong Item
800239,508750,2023-03-09 03:50:48,Changed Mind
800240,540531,2023-02-18 16:18:02,nan
800241,543788,2024-07-20 18:57:51,nan
800242,544730,2022-12-24 17:41:25,Wrong Item
800243,520379,2024-02-14 18:06:44,Wrong Item
800244,538118,2023-02-19 22:05:33,Changed Mind
800245,520487,2024-08-04 19:15:23,Defective
800246,525360,2023-04-30 07:45:53,WRONG ITEM
800247,532129,2023-09-08 14:24:34,Defective
800248,512291,2023-01-19 01:21:08,defective
800249,526265,2023-11-28 06:47:48,defective
800250,533176,2022-09-03 18:20:10,nan
800251,524628,2023-10-17 18:58:39,Changed Mind
800252,546338,2023-07-18 20:32:01,Wrong Item
800253,511920,2022-09-01 04:57:52,Wrong Item
800254,503955,2023-07-11 02:30:26,Changed Mind
800255,532445,2024-03-18 03:07:41,nan
800256,547075,2022-12-04 19:47:49,Wrong Item
800257,515553,2023-02-20 14:03:03,nan
800258,532355,2022-10-14 03:35:02,WRONG ITEM
800259,502551,2024-11-18 14:42:48,Wrong Item
800260,514733,2022-02-20 10:06:36,nan
800261,532272,2024-10-10 23:51:51,WRONG ITEM
800262,528656,2023-09-01 13:15:01,Changed Mind
800263,517928,2024-01-26 01:50:10,nan
800264,506615,2023-07-07 14:26:50,Changed Mind
800265,503515,2022-06-22 02:19:03,Wrong Item
800266,539486,2022-12-08 17:57:36,nan
800267,535379,2023-01-01 18:36:15,WRONG ITEM
800268,542347,2024-03-05 12:20:38,Wrong Item
800269,530771,2024-03-17 04:10:50,defective
800270,525469,2022-11-19 23:27:32,Changed Mind
800271,547808,2023-04-27 00:47:13,nan
800272,506581,2022-09-03 09:22:26,WRONG ITEM
800273,524475,2022-05-04 08:40:12,Wrong Item
800274,535598,2022-04-14 03:40:21,nan
800275,511591,2024-01-27 10:02:26,defective
800276,525739,2022-12-23 17:01:58,WRONG ITEM
800277,528559,2023-12-20 22:15:25,Changed Mind
800278,529317,2022-08-31 17:51:03,nan
800279,532493,2024-12-15 04:29:40,Changed Mind
800280,538543,2024-05-14 15:07:27,nan
800281,500764,2022-08-18 17:15:16,defective
800282,543337,2022-03-26 05:23:24,Changed Mind
800283,514192,2024-11-11 01:42:11,Changed Mind
800284,524344,2023-03-19 19:21:50,WRONG ITEM
800285,528476,2023-10-08 10:28:34,Wrong Item
800286,519880,2023-12-05 08:38:50,Changed Mind
800287,545567,2022-10-19 07:53:17,defective
800288,518830,2022-08-31 03:09:59,defective
800289,534633,2023-07-25 01:56:22,nan
800290,539718,2023-05-29 10:50:27,Wrong Item
800291,540254,2024-02-03 20:03:03,WRONG ITEM
800292,528455,2022-01-02 14:52:10,Defective
800293,530143,2023-09-19 21:59:59,nan
800294,530977,2023-12-19 15:09:06,Changed Mind
800295,523038,2024-01-06 18:44:44,Defective
800296,503824,2022-11-20 09:24:30,WRONG ITEM
800297,532490,2023-07-25 03:19:59,WRONG ITEM
800298,514069,2023-09-19 19:35:12,nan
800299,525055,2024-11-16 11:33:44,Changed Mind
800300,522484,2024-01-01 20:06:43,nan
800301,504318,2022-10-02 22:24:42,Defective
800302,511561,2024-09-02 16:02:39,defective
800303,522621,2024-03-04 21:24:11,defective
800304,519193,2024-08-13 06:00:49,nan
800305,516729,2024-05-30 22:54:11,nan
800306,538538,2024-03-12 12:08:44,WRONG ITEM
800307,503043,2024-01-26 05:14:02,nan
800308,535768,2023-07-06 15:59:40,nan
800309,523823,2024-11-21 21:17:24,nan
800310,537969,2022-09-09 03:20:58,Changed Mind
800311,509513,2024-12-14 04:04:13,nan
800312,525739,2023-07-25 06:01:08,WRONG ITEM
800313,523723,2023-04-10 15:19:10,nan
800314,520049,2023-03-03 14:13:05,WRONG ITEM
800315,536804,2024-01-01 21:07:28,Defective
800316,526169,2023-03-03 00:08:16,defective
800317,544689,2022-12-02 20:46:20,Defective
800318,548648,2024-08-04 12:32:13,defective
800319,537916,2024-12-14 20:34:50,nan
800320,511136,2024-12-13 00:32:45,Changed Mind
800321,539032,2024-07-04 01:05:12,Defective
800322,519225,2024-09-08 07:16:16,defective
800323,500761,2023-02-06 20:36:46,Defective
800324,502128,2022-10-22 00:57:24,nan
800325,525958,2022-10-28 22:37:06,Defective
800326,521397,2022-08-09 22:23:45,defective
800327,517049,2023-05-17 03:05:21,Changed Mind
800328,538356,2023-07-19 21:46:58,Changed Mind
800329,506520,2022-04-27 23:11:50,WRONG ITEM
800330,510005,2022-12-06 23:41:24,Changed Mind
800331,532551,2023-12-18 16:25:22,Changed Mind
800332,549037,2024-10-19 03:04:15,Wrong Item
800333,542653,2022-12-10 07:33:54,Changed Mind
800334,527222,2023-10-05 10:50:38,Wrong Item
800335,531943,2023-10-12 05:45:30,WRONG ITEM
800336,539042,2022-06-24 22:27:45,nan
800337,508623,2024-09-16 10:41:13,Wrong Item
800338,521289,2022-07-23 08:23:16,WRONG ITEM
800339,525570,2024-11-26 19:16:48,Wrong Item
800340,510816,2023-10-16 06:24:38,Defective
800341,516185,2022-12-01 22:36:45,defective
800342,531240,2023-05-05 04:17:04,defective
800343,522847,2024-01-07 17:59:36,Wrong Item
800344,514550,2023-11-19 15:05:45,Changed Mind
800345,501656,2023-01-12 14:47:16,Changed Mind
800346,541736,2022-05-23 08:19:04,WRONG ITEM
800347,534748,2023-02-25 09:37:09,nan
800348,504446,2023-01-13 05:24:36,nan
800349,525015,2024-06-26 19:05:41,Defective
800350,517906,2024-01-20 11:43:45,Defective
800351,509344,2023-12-16 08:59:22,defective
800352,502959,2022-01-08 11:14:47,Changed Mind
800353,520300,2024-12-18 02:47:10,Wrong Item
800354,526165,2022-09-08 20:01:41,Changed Mind
800355,513161,2022-12-04 09:45:19,Changed Mind
800356,509312,2023-12-12 06:35:38,Changed Mind
800357,548251,2023-04-07 21:32:56,Wrong Item
800358,524213,2022-10-01 22:58:50,defective
800359,519945,2023-05-22 04:20:57,defective
800360,514782,2022-02-13 16:35:44,nan
800361,505423,2023-03-04 05:26:14,WRONG ITEM
800362,522201,2023-03-06 09:52:02,nan
800363,517482,2024-08-28 19:39:40,nan
800364,520735,2024-08-10 21:59:08,defective
800365,521044,2022-11-18 16:14:18,nan
800366,515856,2023-05-07 13:37:38,Defective
800367,503140,2022-12-26 23:42:04,Changed Mind
800368,507012,2022-10-26 15:27:54,nan
800369,539201,2024-04-28 10:38:27,Defective
800370,517511,2024-03-01 01:28:41,Defective
800371,544333,2023-03-12 01:31:27,Defective
800372,501388,2024-08-31 15:54:05,Defective
800373,533052,2023-10-09 01:31:13,WRONG ITEM
800374,502845,2023-04-05 21:12:50,Defective
800375,513784,2022-11-07 12:18:17,nan
800376,532878,2022-10-07 03:50:32,Defective
800377,508820,2024-10-15 20:34:43,Defective
800378,520944,2024-01-23 07:39:47,nan
800379,521845,2024-06-23 02:33:53,Changed Mind
800380,549057,2022-03-17 22:24:50,defective
800381,504105,2024-01-26 08:35:34,Changed Mind
800382,549817,2022-02-20 00:36:52,Wrong Item
800383,513390,2024-03-18 09:42:42,WRONG ITEM
800384,528726,2023-07-17 19:45:47,WRONG ITEM
800385,528453,2023-03-18 20:41:38,defective
800386,531528,2024-02-24 04:55:59,Defective
800387,528298,2022-10-18 15:30:12,Wrong Item
800388,543362,2023-03-11 18:57:45,nan
800389,510999,2024-03-12 12:47:57,Changed Mind
800390,503073,2023-12-09 13:40:21,WRONG ITEM
800391,537170,2022-04-26 18:27:23,defective
800392,545904,2024-09-16 04:42:28,Changed Mind
800393,532741,2024-10-21 18:04:19,WRONG ITEM
800394,540087,2024-02-27 11:04:00,Changed Mind
800395,519335,2024-06-13 12:55:41,Wrong Item
800396,531188,2022-08-10 15:38:40,nan
800397,519305,2022-08-28 11:44:45,Wrong Item
800398,535766,2023-08-13 22:45:26,nan
800399,511583,2023-01-11 23:51:36,Defective
800400,537301,2023-06-27 10:44:29,Changed Mind
800401,511396,2023-06-06 03:56:05,nan
800402,545308,2022-03-25 23:25:38,Defective
800403,520578,2022-05-04 09:25:40,WRONG ITEM
800404,514215,2024-07-10 14:39:51,Changed Mind
800405,526069,2024-07-15 19:28:57,Defective
800406,515947,2023-03-02 02:31:40,Defective
800407,518780,2023-01-23 01:20:38,Wrong Item
800408,502699,2022-09-07 03:35:51,Changed Mind
800409,547282,2024-08-22 14:10:51,Changed Mind
800410,527975,2022-08-07 13:44:30,nan
800411,502888,2022-06-30 00:49:30,Defective
800412,503535,2023-05-04 04:24:05,nan
800413,509737,2024-07-13 08:58:20,Wrong Item
800414,524753,2024-05-07 21:03:10,defective
800415,510789,2023-08-16 21:41:51,Wrong Item
800416,543848,2022-08-02 00:43:26,Changed Mind
800417,515389,2024-11-25 15:34:47,nan
800418,504859,2023-07-31 00:23:50,Changed Mind
800419,514553,2023-08-10 10:19:44,WRONG ITEM
800420,533847,2024-09-14 09:34:53,Wrong Item
800421,514494,2024-12-02 23:11:26,Defective
800422,516561,2023-12-16 06:18:17,Defective
800423,543002,2022-06-06 08:09:43,Defective
800424,501510,2023-05-14 03:39:57,defective
800425,535489,2022-10-26 15:48:51,Defective
800426,512588,2023-08-24 15:05:59,Changed Mind
800427,545609,2023-08-26 19:25:09,nan
800428,536536,2023-03-05 17:38:56,nan
800429,531719,2023-12-02 13:00:22,Changed Mind
800430,534761,2023-07-02 12:35:39,Changed Mind
800431,547362,2024-01-27 06:11:21,Changed Mind
800432,515071,2023-07-16 17:28:44,nan
800433,543702,2024-12-07 00:32:03,WRONG ITEM
800434,527233,2022-09-02 08:51:14,WRONG ITEM
800435,525615,2022-12-11 04:22:59,Wrong Item
800436,536634,2022-06-22 21:17:26,nan
800437,545347,2023-02-08 09:28:24,Defective
800438,503000,2023-03-31 00:55:57,defective
800439,502600,2024-05-13 06:23:50,Changed Mind
800440,517695,2023-12-20 07:58:06,WRONG ITEM
800441,531323,2023-08-01 13:14:12,Defective
800442,520762,2022-04-25 21:13:41,defective
800443,526334,2023-12-23 13:30:59,Wrong Item
800444,545863,2022-04-21 02:59:31,Defective
800445,504795,2022-10-18 05:28:20,WRONG ITEM
800446,546248,2024-01-11 22:42:14,WRONG ITEM
800447,522568,2024-10-25 01:07:28,WRONG ITEM
800448,515123,2023-03-12 20:45:13,Wrong Item
800449,512357,2024-04-08 11:29:50,Wrong Item
800450,538011,2022-01-28 11:19:25,Changed Mind
800451,522912,2024-04-07 22:07:27,Defective
800452,518095,2022-06-12 13:43:45,WRONG ITEM
800453,535350,2022-01-19 00:06:44,Defective
800454,531572,2024-03-12 00:44:47,Changed Mind
800455,524481,2022-09-21 20:06:44,Defective
800456,548310,2022-05-22 17:51:20,Wrong Item
800457,522662,2022-01-09 04:59:19,Defective
800458,545979,2024-03-01 20:04:23,Changed Mind
800459,534206,2024-11-08 09:37:31,Changed Mind
800460,540589,2022-07-07 10:28:38,Wrong Item
800461,538388,2024-01-19 20:58:27,Wrong Item
800462,538864,2022-09-21 10:57:41,Changed Mind
800463,512810,2023-10-14 03:33:14,Changed Mind
800464,505756,2023-07-06 04:18:13,Changed Mind
800465,526712,2024-06-03 10:33:43,Changed Mind
800466,507921,2022-06-18 19:32:42,Wrong Item
800467,506441,2024-10-11 03:36:17,Defective
800468,523579,2024-08-13 03:36:37,WRONG ITEM
800469,506805,2024-08-21 17:09:54,WRONG ITEM
800470,533782,2022-08-22 08:33:18,Changed Mind
800471,522193,2024-09-16 17:33:59,Changed Mind
800472,503621,2024-06-03 22:06:22,defective
800473,506796,2022-04-20 18:45:19,Defective
800474,549612,2022-05-17 16:32:05,nan
800475,531913,2022-02-20 18:47:22,WRONG ITEM
800476,503735,2023-08-02 02:46:09,WRONG ITEM
800477,538824,2024-12-20 01:45:32,Defective
800478,531035,2022-01-21 16:01:46,WRONG ITEM
800479,546831,2022-04-27 04:15:26,WRONG ITEM
800480,539906,2024-11-08 02:33:49,Changed Mind
800481,519251,2024-05-27 16:45:28,nan
800482,520926,2023-08-03 14:38:59,Wrong Item
800483,539434,2024-09-13 03:01:08,WRONG ITEM
800484,543056,2024-02-28 09:57:57,Wrong Item
800485,545020,2023-12-09 12:14:58,Changed Mind
800486,505853,2024-12-03 21:51:01,nan
800487,538837,2022-03-31 07:38:38,defective
800488,531205,2022-03-23 07:31:28,Wrong Item
800489,540042,2022-04-17 19:32:07,Changed Mind
800490,527347,2023-03-21 11:01:08,WRONG ITEM
800491,518414,2023-04-22 16:55:35,WRONG ITEM
800492,514610,2024-07-31 19:04:54,Changed Mind
800493,535127,2024-04-07 17:14:23,Changed Mind
800494,519579,2024-08-02 04:24:35,defective
800495,517762,2023-10-09 16:08:39,Defective
800496,501262,2024-10-02 02:33:12,Defective
800497,518182,2022-04-29 23:48:42,defective
800498,503456,2023-12-19 04:33:06,defective
800499,528093,2022-10-24 19:41:14,nan
800500,520081,2022-05-02 15:15:15,Wrong Item
800501,523688,2022-02-21 12:47:01,Changed Mind
800502,543007,2023-08-11 20:29:03,Changed Mind
800503,539022,2023-06-05 07:00:12,nan
800504,513829,2022-10-06 19:37:14,WRONG ITEM
800505,535806,2024-04-28 10:16:25,Changed Mind
800506,522049,2024-05-19 06:43:54,nan
800507,528619,2023-01-29 14:06:28,Defective
800508,535620,2024-08-16 14:59:38,WRONG ITEM
800509,533435,2022-12-14 21:09:23,Defective
800510,521590,2023-03-27 15:35:47,WRONG ITEM
800511,519015,2023-07-08 07:46:00,defective
800512,521373,2023-09-12 17:30:51,Defective
800513,510233,2024-04-18 21:48:51,Wrong Item
800514,518514,2024-08-11 20:25:39,WRONG ITEM
800515,519466,2023-03-08 17:44:20,nan
800516,512664,2024-10-27 07:02:38,nan
800517,501862,2022-04-06 06:22:56,Wrong Item
800518,514853,2023-04-14 06:43:34,WRONG ITEM
800519,503808,2024-11-12 20:22:57,nan
800520,528002,2024-03-20 08:01:52,WRONG ITEM
800521,541208,2022-04-12 11:55:55,WRONG ITEM
800522,500523,2022-02-03 06:20:22,defective
800523,527171,2022-02-14 01:29:27,defective
800524,541999,2023-04-08 13:46:39,WRONG ITEM
800525,507288,2022-12-09 14:17:53,defective
800526,541548,2024-09-09 15:26:44,nan
800527,525379,2024-03-22 18:43:22,defective
800528,526734,2022-12-14 22:45:39,Wrong Item
800529,530437,2023-08-06 06:19:07,Defective
800530,502786,2022-01-03 03:32:43,nan
800531,523447,2023-11-27 13:23:25,Wrong Item
800532,503493,2024-01-23 06:20:57,Changed Mind
800533,503457,2023-08-04 16:02:47,Defective
800534,503726,2024-12-28 16:41:18,Defective
800535,528463,2023-08-24 10:56:14,Wrong Item
800536,501633,2022-11-15 03:41:11,Wrong Item
800537,548175,2024-12-28 22:30:38,WRONG ITEM
800538,545455,2023-07-26 05:35:28,Changed Mind
800539,546671,2023-05-28 08:01:09,WRONG ITEM
800540,534884,2022-05-29 21:09:25,WRONG ITEM
800541,530474,2024-09-25 14:56:33,nan
800542,507541,2023-04-30 10:20:42,defective
800543,533885,2022-10-27 02:35:00,Defective
800544,549650,2022-08-25 09:56:35,WRONG ITEM
800545,537682,2023-01-18 17:04:11,defective
800546,514080,2023-12-26 05:54:13,WRONG ITEM
800547,515497,2024-08-17 20:49:12,defective
800548,516883,2022-06-03 08:54:46,nan
800549,514587,2024-05-01 03:41:38,WRONG ITEM
800550,508888,2024-01-27 04:16:47,Changed Mind
800551,527955,2023-03-09 02:01:47,Wrong Item
800552,541424,2022-02-04 04:06:31,Wrong Item
800553,502268,2022-08-01 15:55:45,Defective
800554,508456,2023-05-04 19:46:32,Defective
800555,522092,2023-04-16 16:02:10,WRONG ITEM
800556,511952,2022-08-28 08:23:44,WRONG ITEM
800557,538219,2022-02-19 22:41:08,Changed Mind
800558,504931,2024-01-14 21:19:06,Changed Mind
800559,542176,2022-09-19 16:28:48,Changed Mind
800560,529027,2023-11-11 06:16:37,Changed Mind
800561,510744,2022-04-21 12:06:36,Wrong Item
800562,515110,2022-01-26 12:19:25,Wrong Item
800563,545762,2024-07-27 11:43:04,nan
800564,549117,2023-10-15 21:02:20,Defective
800565,513409,2024-10-12 04:42:00,nan
800566,512740,2022-05-15 13:53:28,Defective
800567,507645,2024-05-06 12:51:47,Wrong Item
800568,545524,2023-12-28 22:57:02,Defective
800569,526597,2024-06-30 14:42:52,Wrong Item
800570,539548,2023-11-04 23:31:31,defective
800571,512838,2024-10-05 20:27:07,WRONG ITEM
800572,515181,2023-05-30 01:48:02,Wrong Item
800573,527552,2024-09-25 15:19:09,WRONG ITEM
800574,512957,2024-05-31 00:09:06,Wrong Item
800575,531560,2022-06-20 12:48:49,Changed Mind
800576,542967,2024-01-28 03:31:02,defective
800577,512401,2023-04-15 20:28:40,Defective
800578,510160,2024-10-22 18:00:44,nan
800579,512220,2024-10-04 04:22:43,Defective
800580,515824,2022-09-09 21:23:35,WRONG ITEM
800581,539095,2024-04-08 07:04:30,Wrong Item
800582,539942,2023-05-04 08:01:52,Defective
800583,542765,2023-02-26 22:11:49,WRONG ITEM
800584,512237,2023-07-29 12:31:36,defective
800585,502120,2023-11-02 23:03:26,Wrong Item
800586,507598,2024-02-03 07:09:10,Defective
800587,514541,2024-12-06 14:17:26,Defective
800588,502067,2023-04-04 08:03:00,Defective
800589,513683,2024-12-12 17:12:19,nan
800590,545122,2024-03-20 02:36:22,defective
800591,512035,2023-05-24 01:16:06,Defective
800592,503222,2022-04-12 21:26:41,nan
800593,509668,2023-10-14 15:41:42,defective
800594,512657,2024-10-06 15:05:14,Defective
800595,528194,2024-11-25 04:15:41,Wrong Item
800596,505423,2023-12-20 16:32:02,Defective
800597,534771,2024-08-10 19:55:42,Defective
800598,543467,2024-10-26 05:23:03,WRONG ITEM
800599,539180,2024-03-01 20:09:30,Wrong Item
800600,549105,2024-08-12 07:42:54,Defective
800601,538228,2024-03-28 01:48:26,nan
800602,509508,2024-05-12 04:58:09,Changed Mind
800603,540878,2024-04-05 09:25:59,nan
800604,505730,2024-05-20 20:37:16,Defective
800605,543031,2023-03-24 05:20:09,Wrong Item
800606,529342,2022-03-30 17:28:34,Wrong Item
800607,516433,2023-01-12 06:56:06,Wrong Item
800608,509620,2024-01-02 03:03:37,nan
800609,509132,2023-07-15 13:40:33,Changed Mind
800610,501288,2023-10-15 04:53:26,WRONG ITEM
800611,523889,2023-03-04 22:27:04,Defective
800612,509996,2024-06-02 23:49:31,nan
800613,547230,2022-06-13 06:57:54,Defective
800614,509653,2022-01-10 08:18:10,Defective
800615,549477,2023-02-24 09:13:09,WRONG ITEM
800616,535667,2024-09-18 03:27:18,Changed Mind
800617,511905,2023-06-11 01:05:23,Wrong Item
800618,534510,2024-02-01 08:36:28,Changed Mind
800619,504218,2024-06-17 03:10:15,WRONG ITEM
800620,548647,2024-10-02 12:57:19,Defective
800621,542328,2023-05-18 14:34:44,WRONG ITEM
800622,507508,2024-10-02 02:30:49,Defective
800623,532874,2024-01-09 16:51:47,Wrong Item
800624,502673,2023-01-01 05:56:53,WRONG ITEM
800625,515365,2023-03-20 03:20:33,Defective
800626,546261,2023-03-14 18:45:08,nan
800627,520378,2024-03-19 02:12:14,WRONG ITEM
800628,513241,2023-11-22 06:13:52,nan
800629,517623,2022-04-04 03:44:36,WRONG ITEM
800630,509322,2024-11-22 04:14:08,nan
800631,506584,2023-11-16 06:39:47,WRONG ITEM
800632,546063,2024-09-30 05:02:59,Wrong Item
800633,523752,2022-08-24 09:17:38,WRONG ITEM
800634,527184,2022-06-03 10:06:29,defective
800635,516017,2024-06-20 17:37:36,Changed Mind
800636,503840,2023-04-20 20:18:10,Wrong Item
800637,510821,2024-06-24 04:48:25,WRONG ITEM
800638,538082,2024-07-04 02:02:30,WRONG ITEM
800639,549818,2024-06-05 22:51:30,Defective
800640,507565,2022-11-26 20:21:56,defective
800641,522029,2023-02-28 07:13:49,nan
800642,506002,2023-02-07 10:35:27,defective
800643,515672,2023-10-03 11:10:34,WRONG ITEM
800644,525254,2022-05-21 11:51:54,nan
800645,525321,2024-05-21 06:40:22,WRONG ITEM
800646,528048,2022-09-16 00:18:57,defective
800647,535091,2024-11-02 18:32:38,defective
800648,509590,2023-06-24 23:07:01,Wrong Item
800649,519148,2024-12-28 18:29:50,Wrong Item
800650,508430,2023-05-26 14:24:51,defective
800651,514647,2023-11-03 03:36:15,nan
800652,522362,2024-04-30 03:50:46,Changed Mind
800653,522862,2022-04-11 21:28:25,Wrong Item
800654,540820,2023-10-29 00:40:28,defective
800655,531672,2022-03-22 13:37:28,Wrong Item
800656,539789,2024-05-12 11:58:20,nan
800657,543119,2024-03-10 13:19:58,WRONG ITEM
800658,543718,2023-07-01 00:39:57,nan
800659,518075,2024-05-25 00:40:05,WRONG ITEM
800660,545181,2022-07-20 16:45:19,Wrong Item
800661,521202,2023-06-01 10:44:23,Defective
800662,511090,2022-09-15 19:55:40,WRONG ITEM
800663,523241,2023-06-04 06:33:32,defective
800664,507118,2023-07-15 17:01:01,Wrong Item
800665,544850,2024-08-02 18:16:15,nan
800666,500792,2024-12-01 10:38:46,nan
800667,507775,2022-06-28 00:10:18,Wrong Item
800668,502232,2022-03-29 18:29:10,Defective
800669,522067,2023-01-06 06:40:16,Defective
800670,504882,2024-07-12 20:52:20,Changed Mind
800671,523237,2024-04-27 20:56:59,nan
800672,508409,2023-12-07 13:25:43,Wrong Item
800673,514520,2022-11-26 14:57:27,Wrong Item
800674,536694,2023-11-10 04:16:43,nan
800675,523918,2024-01-19 23:25:38,WRONG ITEM
800676,520158,2022-04-11 07:04:05,WRONG ITEM
800677,513710,2022-07-28 00:22:22,WRONG ITEM
800678,526193,2022-11-11 15:08:46,Wrong Item
800679,518842,2024-11-05 15:51:23,WRONG ITEM
800680,524654,2024-08-21 15:25:31,WRONG ITEM
800681,510702,2023-07-11 03:38:13,nan
800682,522392,2024-05-27 17:30:43,WRONG ITEM
800683,511429,2024-06-23 06:18:30,nan
800684,530656,2022-09-27 06:16:33,nan
800685,538795,2024-08-29 00:33:58,Defective
800686,524294,2022-12-28 16:28:25,WRONG ITEM
800687,531894,2023-08-02 12:32:05,nan
800688,535351,2023-10-11 08:23:21,Changed Mind
800689,518581,2022-01-30 14:29:09,WRONG ITEM
800690,512723,2023-06-19 20:07:23,nan
800691,545722,2022-03-28 07:29:05,Defective
800692,516426,2024-04-05 16:54:10,defective
800693,522603,2023-03-29 14:57:43,nan
800694,529720,2023-09-25 18:58:18,Changed Mind
800695,506792,2024-02-26 15:13:38,Wrong Item
800696,502406,2024-08-12 03:18:24,Wrong Item
800697,523489,2024-03-21 19:55:35,Changed Mind
800698,520367,2023-07-26 22:49:30,WRONG ITEM
800699,506976,2024-05-27 03:22:44,nan
800700,544346,2024-02-19 18:07:23,WRONG ITEM
800701,511232,2023-12-21 09:31:34,WRONG ITEM
800702,503849,2022-04-07 02:10:43,WRONG ITEM
800703,523604,2023-05-28 22:57:07,nan
800704,524626,2024-06-05 20:03:29,defective
800705,515818,2022-05-23 22:32:41,defective
800706,549522,2022-12-06 14:54:06,Defective
800707,547158,2024-11-12 16:56:54,Defective
800708,524248,2022-02-18 13:59:01,defective
800709,528957,2022-09-11 07:44:35,WRONG ITEM
800710,530257,2022-12-24 09:39:39,Wrong Item
800711,528202,2023-05-29 19:43:59,Wrong Item
800712,513960,2024-08-09 09:24:14,Wrong Item
800713,503327,2022-12-12 08:09:59,WRONG ITEM
800714,528102,2022-09-20 04:44:01,nan
800715,501801,2023-09-27 15:17:53,Wrong Item
800716,524739,2023-03-06 01:35:17,Wrong Item
800717,534872,2024-07-08 21:19:03,WRONG ITEM
800718,527220,2024-09-10 01:46:18,defective
800719,505062,2022-03-19 17:22:45,Defective
800720,540215,2024-06-29 10:10:22,Wrong Item
800721,536155,2023-12-22 06:32:53,defective
800722,526286,2023-07-01 00:31:09,Defective
800723,505728,2023-06-06 03:53:45,nan
800724,509511,2023-05-22 03:52:07,defective
800725,536557,2023-10-03 20:44:17,Changed Mind
800726,533390,2022-08-30 06:58:05,defective
800727,545569,2022-08-21 19:33:32,defective
800728,501206,2022-09-15 16:40:33,Wrong Item
800729,514025,2024-07-29 17:58:16,defective
800730,524126,2024-03-13 11:19:18,defective
800731,544681,2024-10-01 06:46:03,Defective
800732,503622,2022-07-06 00:32:36,Defective
800733,540896,2023-06-06 17:44:28,defective
800734,505927,2023-09-08 21:30:21,nan
800735,519416,2023-09-19 14:36:49,Defective
800736,534768,2024-12-28 18:26:29,defective
800737,534881,2023-12-22 14:02:38,Wrong Item
800738,511922,2022-11-24 18:15:25,WRONG ITEM
800739,521197,2022-02-26 00:43:59,defective
800740,540226,2022-01-31 19:47:50,Defective
800741,519517,2023-10-13 01:15:38,Changed Mind
800742,529072,2022-11-07 14:55:31,WRONG ITEM
800743,505564,2023-07-15 03:37:35,Changed Mind
800744,543511,2022-02-16 10:59:52,nan
800745,540318,2023-01-17 16:21:51,Defective
800746,539991,2023-01-19 04:14:07,Changed Mind
800747,508809,2022-06-13 13:02:29,Wrong Item
800748,522604,2023-10-20 01:07:35,Changed Mind
800749,541886,2022-11-22 16:27:08,WRONG ITEM
800750,529180,2024-04-10 14:35:03,WRONG ITEM
800751,535091,2022-03-22 20:55:22,defective
800752,532895,2022-11-12 22:53:06,nan
800753,503528,2023-10-14 15:13:12,WRONG ITEM
800754,518165,2024-05-30 11:47:52,Defective
800755,535028,2022-05-06 01:27:39,Changed Mind
800756,525362,2023-09-26 02:43:22,Changed Mind
800757,512100,2022-05-08 15:01:00,WRONG ITEM
800758,521756,2022-02-02 17:57:08,Wrong Item
800759,509499,2022-09-24 03:48:42,WRONG ITEM
800760,513597,2023-07-21 08:49:21,Wrong Item
800761,520649,2022-09-10 10:36:49,nan
800762,524294,2023-02-18 05:28:38,WRONG ITEM
800763,502044,2024-10-28 11:46:08,nan
800764,505252,2024-11-21 12:59:20,Defective
800765,530517,2023-05-20 01:17:10,Changed Mind
800766,515550,2022-02-05 22:49:23,Changed Mind
800767,538127,2023-12-15 05:22:17,WRONG ITEM
800768,546533,2022-12-16 15:44:50,defective
800769,526539,2023-08-24 01:47:22,defective
800770,508918,2024-01-11 18:43:43,Wrong Item
800771,523336,2024-12-28 05:43:03,defective
800772,517592,2022-05-08 16:02:05,WRONG ITEM
800773,532760,2022-11-23 07:43:56,nan
800774,545756,2023-05-28 14:05:30,Changed Mind
800775,526357,2023-09-30 05:07:48,nan
800776,512914,2024-10-18 07:44:26,defective
800777,518216,2024-05-26 00:21:01,nan
800778,521119,2022-05-22 18:15:57,WRONG ITEM
800779,546049,2022-05-16 02:13:20,WRONG ITEM
800780,543795,2024-12-15 17:55:22,WRONG ITEM
800781,511735,2022-11-12 06:58:02,WRONG ITEM
800782,541954,2022-12-17 13:06:15,nan
800783,501399,2024-02-01 22:28:06,Wrong Item
800784,525869,2022-01-02 08:31:09,Changed Mind
800785,545373,2022-01-18 23:02:55,nan
800786,549659,2023-06-17 09:00:55,Wrong Item
800787,514667,2024-08-26 23:19:14,defective
800788,500106,2024-02-14 18:09:29,Changed Mind
800789,544504,2023-05-16 12:49:44,Changed Mind
800790,503875,2024-10-03 23:57:12,Defective
800791,538403,2024-01-12 18:23:19,defective
800792,545561,2022-04-24 15:06:15,Changed Mind
800793,515235,2022-06-02 15:54:57,defective
800794,523429,2024-02-24 19:07:36,WRONG ITEM
800795,521597,2023-06-24 09:57:10,Defective
800796,518144,2023-04-21 03:39:19,Wrong Item
800797,511447,2022-06-18 05:43:46,WRONG ITEM
800798,505461,2024-01-20 08:38:56,nan
800799,543796,2024-01-18 07:04:51,defective
800800,511155,2024-03-09 03:17:06,defective
800801,541931,2022-09-22 01:51:25,nan
800802,501649,2024-10-28 09:20:31,Changed Mind
800803,527255,2022-09-15 14:14:23,defective
800804,544049,2022-04-20 13:26:58,Changed Mind
800805,519277,2024-09-12 04:51:30,defective
800806,501183,2024-06-08 15:55:29,Wrong Item
800807,500294,2022-07-01 21:32:19,defective
800808,527442,2022-04-13 10:00:26,WRONG ITEM
800809,520957,2024-08-20 08:36:39,defective
800810,535408,2023-12-09 17:01:09,defective
800811,532089,2023-03-03 03:06:39,WRONG ITEM
800812,549738,2023-02-07 22:36:28,nan
800813,528437,2023-07-22 22:28:19,Changed Mind
800814,546570,2024-04-09 21:38:36,defective
800815,515073,2024-01-31 01:27:57,Defective
800816,509113,2022-10-12 10:56:29,defective
800817,526042,2023-06-18 07:58:13,WRONG ITEM
800818,502775,2024-03-02 17:40:27,defective
800819,500291,2023-05-21 06:34:18,Wrong Item
800820,520529,2024-02-27 06:08:12,defective
800821,542999,2024-03-17 18:49:50,Wrong Item
800822,520507,2023-07-13 14:18:39,WRONG ITEM
800823,548185,2022-11-14 16:41:14,nan
800824,513023,2024-06-08 14:41:07,nan
800825,534163,2022-01-30 14:58:59,Wrong Item
800826,536010,2022-11-26 14:43:23,Changed Mind
800827,517539,2022-07-12 16:35:34,Wrong Item
800828,531167,2023-08-26 11:10:51,Defective
800829,547596,2024-02-03 17:02:04,defective
800830,547638,2024-11-12 12:56:35,nan
800831,540456,2022-10-05 16:19:17,Defective
800832,541984,2024-05-03 09:58:41,WRONG ITEM
800833,502143,2023-10-26 10:19:11,Changed Mind
800834,508487,2023-03-13 19:18:26,defective
800835,548985,2023-06-27 01:40:59,defective
800836,536193,2023-01-14 05:51:05,nan
800837,536234,2023-04-07 09:36:54,WRONG ITEM
800838,509075,2022-10-22 22:52:51,defective
800839,502143,2022-08-20 22:38:32,WRONG ITEM
800840,543820,2023-12-17 14:57:59,nan
800841,528884,2024-07-03 00:34:56,nan
800842,531008,2024-05-12 22:19:58,Changed Mind
800843,525647,2023-11-02 20:18:38,Changed Mind
800844,534939,2022-03-30 18:36:38,defective
800845,503892,2023-05-04 16:35:58,nan
800846,521617,2024-04-25 20:37:37,nan
800847,506993,2023-09-15 00:31:28,nan
800848,541929,2022-10-03 16:13:21,Changed Mind
800849,508897,2023-06-06 14:05:45,Defective
800850,501507,2023-07-25 15:08:41,WRONG ITEM
800851,529762,2023-05-27 00:00:59,Defective
800852,534526,2024-01-23 19:35:00,Changed Mind
800853,526712,2024-05-08 00:42:42,Changed Mind
800854,517821,2024-11-11 04:10:27,defective
800855,535342,2024-12-26 16:05:24,defective
800856,518551,2023-06-17 10:24:03,Wrong Item
800857,507254,2023-12-11 21:30:19,Wrong Item
800858,505811,2023-08-01 11:15:06,Defective
800859,547283,2023-09-13 11:13:02,defective
800860,543977,2022-03-12 00:31:43,nan
800861,521773,2022-01-24 11:09:02,nan
800862,525115,2023-07-16 11:00:07,nan
800863,531132,2023-11-26 11:34:42,nan
800864,508867,2023-05-03 05:23:41,nan
800865,514089,2022-06-19 16:48:28,Changed Mind
800866,545744,2024-06-18 01:01:54,nan
800867,545365,2022-10-21 11:01:57,WRONG ITEM
800868,502343,2023-02-17 21:23:55,defective
800869,525832,2022-06-14 00:58:06,Changed Mind
800870,528020,2023-11-02 11:45:31,WRONG ITEM
800871,512813,2024-01-09 15:15:17,Wrong Item
800872,508166,2023-03-18 09:45:50,nan
800873,528884,2022-07-15 14:59:22,nan
800874,534818,2023-09-30 13:39:00,defective
800875,543698,2022-10-16 14:24:07,WRONG ITEM
800876,530122,2023-04-26 11:28:52,defective
800877,522155,2024-09-17 04:45:47,Defective
800878,531967,2024-05-16 06:50:55,defective
800879,541890,2022-03-22 08:44:15,defective
800880,513649,2024-12-10 08:55:01,nan
800881,539559,2024-04-07 09:32:39,Wrong Item
800882,549226,2022-01-27 10:38:26,WRONG ITEM
800883,520416,2022-07-21 02:48:37,Defective
800884,543645,2022-12-18 07:39:08,Wrong Item
800885,533438,2022-11-12 03:38:15,Defective
800886,513730,2024-02-15 13:00:48,nan
800887,513590,2024-05-21 06:38:39,Changed Mind
800888,517827,2024-02-29 02:36:27,nan
800889,503221,2024-06-08 19:51:07,WRONG ITEM
800890,536577,2023-12-11 18:51:57,Wrong Item
800891,511197,2024-04-04 01:16:05,WRONG ITEM
800892,515267,2022-07-04 21:00:32,WRONG ITEM
800893,538781,2023-08-25 09:50:41,defective
800894,546925,2022-03-20 16:33:25,Defective
800895,532350,2023-10-28 12:30:38,nan
800896,522244,2023-02-01 07:41:56,Defective
800897,549526,2022-06-10 16:26:40,Defective
800898,503081,2024-06-16 21:48:44,Defective
800899,527012,2024-04-30 04:24:32,nan
800900,528672,2022-08-27 08:15:15,WRONG ITEM
800901,532077,2024-08-07 20:07:50,Wrong Item
800902,519158,2022-02-14 21:13:09,WRONG ITEM
800903,546909,2023-10-25 21:19:39,defective
800904,514248,2023-04-19 11:55:42,Wrong Item
800905,535371,2024-08-09 01:57:26,defective
800906,533117,2022-10-17 04:06:45,nan
800907,536611,2022-06-14 19:10:40,WRONG ITEM
800908,515606,2022-11-02 07:59:44,Wrong Item
800909,549308,2022-07-12 03:28:50,Defective
800910,547556,2023-05-29 18:46:58,Defective
800911,529345,2022-03-15 11:15:23,Changed Mind
800912,524761,2023-10-26 22:01:24,Defective
800913,504718,2024-03-18 14:12:50,nan
800914,509342,2024-08-15 23:51:02,Defective
800915,514786,2024-10-31 22:13:42,Wrong Item
800916,544344,2023-03-15 16:28:21,Defective
800917,543065,2022-05-10 16:43:10,Wrong Item
800918,511263,2023-08-22 01:29:04,nan
800919,513165,2022-07-23 06:38:19,WRONG ITEM
800920,509212,2024-10-06 22:31:04,nan
800921,521649,2023-03-11 15:22:51,nan
800922,501076,2022-11-04 13:28:48,Wrong Item
800923,518996,2024-01-31 18:10:16,nan
800924,533675,2022-06-12 13:26:31,Changed Mind
800925,509080,2022-09-19 14:16:20,WRONG ITEM
800926,511524,2024-03-31 22:31:43,Changed Mind
800927,517304,2022-01-25 14:24:13,defective
800928,544112,2023-09-28 22:03:04,defective
800929,542900,2022-04-25 07:52:53,Changed Mind
800930,523498,2023-08-04 06:26:52,Wrong Item
800931,549598,2024-01-18 13:27:37,Defective
800932,511068,2023-09-29 03:44:48,Defective
800933,507007,2024-11-09 16:36:03,Wrong Item
800934,502718,2022-04-07 10:30:24,defective
800935,548732,2024-09-13 05:22:37,nan
800936,532329,2024-09-26 06:34:05,Defective
800937,511913,2024-02-25 18:07:26,nan
800938,546115,2022-10-25 20:05:23,Wrong Item
800939,501442,2024-10-17 14:45:16,WRONG ITEM
800940,528974,2022-11-11 02:04:00,nan
800941,547536,2024-02-11 18:30:28,WRONG ITEM
800942,506754,2023-03-20 13:59:19,nan
800943,508458,2024-08-08 09:42:36,nan
800944,513923,2023-04-19 11:51:16,nan
800945,525519,2022-11-20 00:03:36,Defective
800946,514850,2022-11-22 15:18:46,WRONG ITEM
800947,516956,2023-01-25 00:35:34,Wrong Item
800948,548936,2023-05-19 20:48:05,Defective
800949,515581,2022-06-25 18:28:48,Defective
800950,530264,2023-05-13 18:54:50,nan
800951,511761,2024-11-13 10:48:20,WRONG ITEM
800952,525685,2022-12-06 00:22:56,defective
800953,515684,2024-09-22 00:00:32,Changed Mind
800954,530095,2022-06-04 22:10:17,Wrong Item
800955,536253,2023-06-30 10:53:29,Defective
800956,518640,2022-06-07 10:04:34,Changed Mind
800957,529873,2024-09-26 15:25:23,Defective
800958,526114,2022-01-01 14:02:28,Changed Mind
800959,534070,2024-05-25 05:11:23,WRONG ITEM
800960,543661,2024-12-04 01:13:27,Defective
800961,533854,2022-12-08 07:50:02,Defective
800962,543640,2022-09-05 10:23:55,defective
800963,517573,2023-06-23 05:13:32,defective
800964,535582,2023-11-17 06:32:35,Defective
800965,534806,2023-06-10 13:28:58,Defective
800966,508308,2022-03-22 06:42:42,defective
800967,515789,2023-01-07 03:57:36,Defective
800968,529471,2023-11-14 22:24:04,defective
800969,516465,2024-09-19 05:43:16,Defective
800970,539851,2022-11-30 00:23:51,defective
800971,506923,2023-11-05 12:35:45,Wrong Item
800972,508860,2022-05-10 18:41:16,defective
800973,524400,2023-04-18 08:17:28,Changed Mind
800974,512355,2023-12-08 03:24:10,Defective
800975,546209,2022-06-10 00:59:30,Defective
800976,519736,2024-07-29 18:38:17,WRONG ITEM
800977,515708,2023-09-02 09:43:00,Defective
800978,503001,2023-09-14 09:32:05,defective
800979,538034,2024-06-16 20:49:03,defective
800980,503827,2023-01-25 07:48:28,Wrong Item
800981,506737,2022-06-13 22:36:32,WRONG ITEM
800982,515108,2023-03-28 02:48:18,Wrong Item
800983,528679,2022-02-11 01:05:40,Wrong Item
800984,542789,2023-04-13 21:28:47,defective
800985,537565,2023-12-19 04:22:58,Wrong Item
800986,529020,2024-08-22 06:44:59,Changed Mind
800987,545443,2023-06-22 06:23:02,Changed Mind
800988,544294,2023-09-18 06:30:35,WRONG ITEM
800989,535625,2024-09-30 15:03:51,defective
800990,510179,2024-11-10 04:24:19,nan
800991,505557,2022-05-17 10:41:48,Changed Mind
800992,538267,2024-09-01 13:07:51,WRONG ITEM
800993,504576,2024-08-26 20:05:26,WRONG ITEM
800994,520203,2024-05-31 10:27:41,WRONG ITEM
800995,501631,2022-07-03 17:52:46,Wrong Item
800996,522408,2024-08-30 09:15:54,Changed Mind
800997,517570,2022-06-13 17:12:08,Changed Mind
800998,521508,2024-10-09 13:04:12,nan
800999,547336,2024-10-14 17:03:25,defective
801000,512111,2022-10-18 18:47:19,Defective
801001,510430,2022-02-25 13:22:08,Wrong Item
801002,516401,2023-09-24 14:43:32,WRONG ITEM
801003,515433,2024-06-10 05:46:13,Defective
801004,514502,2022-03-06 21:21:40,nan
801005,518433,2023-04-06 18:02:03,Defective
801006,503240,2024-10-09 03:33:55,Wrong Item
801007,528402,2023-05-01 06:34:16,nan
801008,522682,2023-09-23 10:31:10,nan
801009,535831,2022-09-22 19:34:10,Changed Mind
801010,531569,2024-07-10 19:19:49,defective
801011,520083,2022-06-10 04:38:25,WRONG ITEM
801012,532009,2022-08-22 21:48:09,WRONG ITEM
801013,512415,2022-09-25 05:53:26,Wrong Item
801014,522758,2024-12-23 05:45:20,WRONG ITEM
801015,520759,2023-12-16 13:00:38,WRONG ITEM
801016,512136,2024-04-29 20:29:33,Changed Mind
801017,502346,2022-04-03 14:52:23,Defective
801018,535402,2023-06-10 06:16:31,nan
801019,542339,2024-11-16 03:42:37,nan
801020,514723,2022-10-20 08:38:58,Changed Mind
801021,515619,2022-10-22 18:07:27,nan
801022,504733,2022-09-20 06:36:22,WRONG ITEM
801023,540805,2023-06-14 04:09:53,nan
801024,502380,2024-03-05 13:32:11,Wrong Item
801025,535215,2024-10-15 02:37:22,defective
801026,501993,2022-07-03 00:26:54,nan
801027,524643,2023-04-17 16:39:29,Changed Mind
801028,548194,2022-06-21 09:31:23,Changed Mind
801029,512481,2023-06-05 15:56:53,Changed Mind
801030,540704,2024-12-30 04:29:16,nan
801031,541177,2023-11-26 00:01:26,Wrong Item
801032,536337,2023-01-21 02:18:01,Changed Mind
801033,534902,2022-11-19 11:57:57,Wrong Item
801034,508681,2024-12-18 16:14:49,Wrong Item
801035,504013,2022-12-17 07:03:02,defective
801036,538171,2023-11-02 15:41:45,WRONG ITEM
801037,522219,2022-05-13 18:07:47,Changed Mind
801038,525868,2023-03-31 20:48:11,Defective
801039,536142,2024-07-20 23:00:01,Defective
801040,513971,2024-06-29 06:29:54,Changed Mind
801041,541169,2022-08-23 05:10:47,defective
801042,514643,2024-05-03 18:32:33,Wrong Item
801043,540419,2023-04-13 15:34:22,defective
801044,534870,2024-05-05 23:39:58,WRONG ITEM
801045,526563,2022-02-14 20:49:06,nan
801046,515520,2022-09-29 19:37:46,WRONG ITEM
801047,513962,2024-09-24 21:58:53,Changed Mind
801048,500329,2024-03-25 00:19:52,Wrong Item
801049,511975,2023-10-16 17:04:20,WRONG ITEM
801050,540706,2024-12-30 17:05:39,nan
801051,538105,2023-08-09 17:43:23,Wrong Item
801052,506121,2022-06-25 16:52:26,WRONG ITEM
801053,525967,2022-03-29 23:00:27,Changed Mind
801054,548127,2023-06-28 06:04:42,Wrong Item
801055,506805,2024-11-10 21:02:10,Defective
801056,538538,2022-08-02 00:33:29,nan
801057,546496,2024-11-13 19:25:38,Defective
801058,537906,2024-05-10 04:50:03,WRONG ITEM
801059,516095,2022-09-04 12:11:48,Defective
801060,508438,2024-01-24 00:42:42,nan
801061,515047,2024-08-02 19:50:23,nan
801062,521486,2023-09-02 00:27:22,WRONG ITEM
801063,517204,2022-12-15 17:42:43,defective
801064,531619,2024-02-17 03:44:32,nan
801065,517394,2024-09-15 08:02:23,Changed Mind
801066,539481,2023-01-10 03:49:33,Defective
801067,503623,2022-03-08 21:11:17,Wrong Item
801068,519105,2024-11-13 08:08:30,Wrong Item
801069,506912,2024-12-23 12:57:26,Wrong Item
801070,541499,2022-06-12 07:14:37,nan
801071,530722,2023-07-20 01:07:55,Changed Mind
801072,509407,2023-09-26 15:47:20,nan
801073,531310,2022-08-25 23:21:01,WRONG ITEM
801074,515636,2024-09-14 21:51:31,Defective
801075,549581,2023-08-20 02:33:18,nan
801076,529390,2023-11-23 23:02:08,Defective
801077,514324,2024-04-03 02:13:55,Wrong Item
801078,507157,2024-02-21 07:10:51,nan
801079,540088,2023-03-20 22:54:04,WRONG ITEM
801080,511950,2023-10-19 07:18:05,nan
801081,537814,2024-05-21 08:15:00,Wrong Item
801082,549291,2023-01-18 04:57:31,Wrong Item
801083,549493,2024-04-29 21:39:00,nan
801084,525704,2022-06-22 07:37:30,Wrong Item
801085,513054,2024-02-20 18:49:31,Defective
801086,501605,2022-06-22 22:41:41,Changed Mind
801087,511744,2024-05-20 23:08:17,defective
801088,544272,2023-02-01 09:06:29,Wrong Item
801089,522313,2023-01-30 21:41:51,nan
801090,506851,2022-09-05 06:40:41,Changed Mind
801091,532324,2022-05-18 15:11:29,Wrong Item
801092,514509,2023-08-04 16:26:08,Changed Mind
801093,505980,2024-03-30 15:13:32,Wrong Item
801094,504090,2022-04-12 21:40:50,Wrong Item
801095,524688,2024-09-21 08:49:10,defective
801096,532056,2024-12-01 10:58:32,nan
801097,525893,2022-03-14 23:45:48,defective
801098,503701,2023-11-14 15:45:07,defective
801099,538522,2024-03-28 19:14:48,defective
801100,515428,2022-09-12 04:10:23,nan
801101,522875,2024-06-11 07:02:15,nan
801102,514032,2024-12-29 16:00:08,defective
801103,519861,2023-04-17 08:47:45,Defective
801104,546652,2024-07-26 16:03:02,Defective
801105,520175,2022-02-05 12:46:49,Defective
801106,502815,2024-09-17 05:55:32,WRONG ITEM
801107,536041,2024-01-03 05:59:34,nan
801108,507722,2024-06-13 02:12:28,WRONG ITEM
801109,509796,2023-05-11 04:19:00,Changed Mind
801110,519432,2024-09-24 02:49:55,Wrong Item
801111,514610,2022-02-15 16:55:12,Defective
801112,532872,2022-11-10 23:51:20,nan
801113,533691,2024-06-06 15:32:44,Changed Mind
801114,523819,2023-11-27 23:21:22,Changed Mind
801115,502401,2024-08-24 02:22:32,WRONG ITEM
801116,509319,2022-01-21 20:50:44,WRONG ITEM
801117,528220,2023-09-03 09:07:47,Changed Mind
801118,545630,2023-07-03 11:20:41,Changed Mind
801119,549161,2024-08-29 22:31:20,Changed Mind
801120,532613,2024-05-08 18:41:22,defective
801121,547129,2023-02-17 05:34:49,Defective
801122,534486,2023-09-13 14:58:18,Changed Mind
801123,506054,2022-01-22 10:14:04,Wrong Item
801124,549224,2024-02-02 05:45:07,Changed Mind
801125,543495,2022-11-27 14:26:07,Wrong Item
801126,537047,2023-06-25 11:20:56,Changed Mind
801127,548177,2024-09-27 23:05:31,Changed Mind
801128,539749,2024-12-12 03:07:50,Wrong Item
801129,536254,2024-10-20 09:04:32,Changed Mind
801130,542743,2022-06-05 22:12:11,Changed Mind
801131,515543,2022-02-02 01:58:31,nan
801132,523749,2022-11-21 08:51:51,nan
801133,514992,2023-02-12 12:02:44,nan
801134,541741,2022-11-03 01:52:40,Changed Mind
801135,543531,2022-08-10 09:41:04,Wrong Item
801136,505687,2023-09-21 04:37:57,Wrong Item
801137,523934,2023-01-15 22:24:28,Defective
801138,538419,2022-07-21 12:14:04,Changed Mind
801139,525391,2022-10-19 02:41:57,defective
801140,534372,2023-10-30 13:53:43,Wrong Item
801141,507532,2024-08-25 18:47:22,Defective
801142,535834,2024-06-26 21:24:34,nan
801143,517852,2022-04-21 07:57:38,Wrong Item
801144,524806,2022-01-25 01:20:31,nan
801145,518719,2023-07-20 01:22:04,WRONG ITEM
801146,533986,2022-06-30 12:18:36,nan
801147,531661,2024-02-10 00:57:39,defective
801148,533637,2022-05-27 13:43:35,Defective
801149,510766,2022-06-26 11:34:25,WRONG ITEM
801150,524740,2024-09-09 22:01:30,nan
801151,525494,2023-11-09 21:45:14,nan
801152,505068,2024-02-02 11:11:59,defective
801153,530143,2023-05-05 23:31:48,WRONG ITEM
801154,500943,2023-07-05 17:54:22,Wrong Item
801155,500568,2023-02-17 15:22:52,Wrong Item
801156,533410,2023-03-26 20:36:40,Wrong Item
801157,534157,2023-08-07 11:44:04,WRONG ITEM
801158,504311,2024-11-27 06:36:52,Changed Mind
801159,503836,2023-10-05 12:52:46,Wrong Item
801160,529337,2024-01-21 08:37:25,Defective
801161,526786,2024-11-20 10:35:59,defective
801162,539543,2023-12-14 18:55:41,Defective
801163,549136,2023-12-08 03:30:22,Changed Mind
801164,539087,2024-11-30 01:52:37,Wrong Item
801165,530708,2023-05-25 20:24:36,nan
801166,526010,2023-02-05 01:19:13,defective
801167,512609,2022-09-29 23:12:12,nan
801168,506081,2022-06-02 18:46:30,WRONG ITEM
801169,505603,2024-04-13 17:28:45,nan
801170,540138,2023-09-15 18:02:43,defective
801171,504201,2024-08-29 21:20:51,WRONG ITEM
801172,547200,2023-12-28 14:07:05,nan
801173,519713,2022-03-06 14:05:18,WRONG ITEM
801174,522292,2024-06-10 02:03:55,nan
801175,505560,2023-03-31 19:43:32,Wrong Item
801176,519770,2024-05-10 22:47:56,Changed Mind
801177,512587,2022-12-09 04:32:02,Changed Mind
801178,541251,2023-10-23 00:26:26,Wrong Item
801179,534642,2023-09-11 04:03:17,Changed Mind
801180,524395,2024-06-10 20:52:11,Wrong Item
801181,539838,2023-03-05 19:59:59,WRONG ITEM
801182,524040,2022-09-05 14:25:18,WRONG ITEM
801183,528606,2022-01-23 11:41:39,Defective
801184,522882,2023-12-03 01:21:56,defective
801185,546876,2023-03-28 19:36:00,Wrong Item
801186,502601,2022-04-11 23:08:30,nan
801187,531223,2022-03-17 08:43:38,nan
801188,545505,2022-11-09 21:52:07,Wrong Item
801189,527537,2022-05-11 04:21:25,WRONG ITEM
801190,521820,2022-05-12 13:12:53,WRONG ITEM
801191,523905,2024-05-05 10:10:14,Wrong Item
801192,503259,2023-10-09 12:11:30,Wrong Item
801193,508507,2022-07-03 06:06:56,WRONG ITEM
801194,538897,2023-11-04 03:51:50,Changed Mind
801195,512719,2024-04-14 15:49:05,Defective
801196,528695,2024-02-05 11:05:17,Wrong Item
801197,525924,2022-01-01 10:41:37,Defective
801198,525393,2022-02-24 00:03:32,nan
801199,520466,2024-09-09 01:04:14,Defective
801200,546547,2022-05-29 12:09:17,Changed Mind
801201,539863,2023-12-05 11:32:08,Defective
801202,511517,2022-09-01 23:37:40,Wrong Item
801203,533734,2022-10-25 00:39:53,WRONG ITEM
801204,538513,2024-08-06 04:59:54,Defective
801205,526932,2024-12-15 20:21:26,Wrong Item
801206,533322,2024-05-28 01:45:38,Changed Mind
801207,545498,2023-02-03 23:50:17,Defective
801208,503486,2024-04-26 16:07:45,defective
801209,537150,2024-12-07 23:47:14,Changed Mind
801210,527946,2022-01-21 02:23:55,Changed Mind
801211,517544,2022-07-12 18:23:35,Wrong Item
801212,505797,2023-10-20 20:07:17,Wrong Item
801213,534505,2023-03-04 02:22:51,WRONG ITEM
801214,506629,2024-06-03 11:15:43,Wrong Item
801215,500377,2023-06-01 19:30:03,WRONG ITEM
801216,501809,2022-05-18 23:25:46,Defective
801217,527775,2024-01-31 20:21:31,Defective
801218,526074,2023-06-30 12:39:24,WRONG ITEM
801219,506457,2022-10-09 22:15:28,Changed Mind
801220,527635,2023-07-29 01:30:07,WRONG ITEM
801221,546860,2023-11-15 20:43:22,WRONG ITEM
801222,524094,2022-02-09 08:27:54,Defective
801223,522242,2023-12-22 22:21:47,WRONG ITEM
801224,504300,2024-06-13 15:58:51,defective
801225,513212,2024-06-26 20:12:21,WRONG ITEM
801226,509487,2022-06-02 01:51:31,defective
801227,531621,2024-03-25 18:40:02,nan
801228,503401,2024-01-27 12:00:41,WRONG ITEM
801229,516643,2022-12-27 05:04:13,Changed Mind
801230,540122,2022-06-13 10:18:08,Changed Mind
801231,505015,2024-04-07 22:24:23,nan
801232,515747,2022-06-04 00:47:02,Defective
801233,540447,2022-04-28 04:47:57,Defective
801234,506236,2024-01-13 21:59:04,defective
801235,532523,2022-10-09 18:43:59,Wrong Item
801236,539332,2023-09-27 17:19:17,defective
801237,542141,2023-03-06 14:52:46,Changed Mind
801238,501134,2022-01-12 16:42:00,defective
801239,507385,2024-07-26 00:09:27,WRONG ITEM
801240,549820,2024-10-14 00:53:49,Wrong Item
801241,546550,2022-09-11 09:24:57,Wrong Item
801242,545089,2023-12-26 16:03:58,nan
801243,514011,2022-11-14 17:17:55,Changed Mind
801244,545971,2023-05-05 04:47:51,defective
801245,513429,2023-05-24 00:39:36,Wrong Item
801246,537004,2024-12-20 15:13:06,nan
801247,504001,2024-03-25 04:52:27,nan
801248,518757,2023-11-20 14:06:08,Defective
801249,521454,2022-09-14 04:38:30,WRONG ITEM
801250,549190,2024-09-26 02:23:57,defective
801251,513328,2024-05-02 13:50:00,Changed Mind
801252,512703,2022-06-04 21:18:12,Defective
801253,522092,2023-09-03 20:20:43,defective
801254,519371,2024-04-15 19:40:59,defective
801255,522762,2024-04-20 21:56:38,Defective
801256,546482,2022-02-09 03:29:17,Wrong Item
801257,518503,2022-03-23 06:38:06,defective
801258,521450,2024-06-13 12:29:32,Wrong Item
801259,504408,2023-04-21 08:22:35,WRONG ITEM
801260,546310,2022-08-09 15:36:04,nan
801261,524647,2023-07-07 13:58:39,Defective
801262,513802,2023-08-31 10:35:24,Changed Mind
801263,500761,2023-10-26 14:04:24,Wrong Item
801264,533330,2022-11-28 08:24:43,nan
801265,510567,2022-11-14 10:33:19,Wrong Item
801266,508777,2023-05-22 01:12:23,nan
801267,516165,2022-08-26 11:01:15,nan
801268,506623,2024-05-17 06:51:13,defective
801269,548369,2022-11-05 07:31:33,Wrong Item
801270,518770,2022-07-06 16:14:55,defective
801271,541074,2024-05-04 15:26:14,WRONG ITEM
801272,527078,2024-09-29 12:24:27,WRONG ITEM
801273,525161,2023-01-17 07:19:33,WRONG ITEM
801274,509892,2022-10-03 14:50:14,nan
801275,519883,2024-04-10 18:27:22,nan
801276,531147,2024-04-18 13:33:18,defective
801277,521127,2024-10-15 21:50:17,Defective
801278,508301,2024-08-08 20:18:26,Defective
801279,500258,2023-12-29 20:58:07,Wrong Item
801280,533744,2022-11-10 06:21:05,Changed Mind
801281,532098,2022-01-04 09:46:56,nan
801282,518941,2024-05-22 20:22:36,Changed Mind
801283,530357,2024-07-04 12:08:03,Wrong Item
801284,527525,2022-09-07 09:48:59,defective
801285,531484,2023-09-16 01:49:18,Wrong Item
801286,515602,2023-02-01 12:37:01,Wrong Item
801287,525974,2024-04-25 12:00:21,defective
801288,543518,2022-02-26 16:28:10,defective
801289,506035,2024-08-22 09:33:36,Wrong Item
801290,534223,2024-01-17 09:17:27,defective
801291,501099,2023-10-13 06:41:11,Changed Mind
801292,504527,2023-06-04 11:37:37,Wrong Item
801293,538707,2024-12-11 20:06:29,Defective
801294,501712,2022-05-24 16:23:52,WRONG ITEM
801295,500212,2024-11-02 19:45:27,WRONG ITEM
801296,512035,2024-12-01 03:27:56,WRONG ITEM
801297,524167,2024-09-09 02:31:49,nan
801298,504136,2024-06-01 04:17:48,WRONG ITEM
801299,534912,2023-04-30 21:42:54,Defective
801300,523778,2022-02-01 10:16:52,Changed Mind
801301,516873,2022-11-24 18:04:47,nan
801302,528309,2024-04-05 19:43:11,WRONG ITEM
801303,526862,2022-01-30 22:21:53,Wrong Item
801304,525716,2022-10-02 06:21:27,defective
801305,541652,2024-11-30 04:47:09,WRONG ITEM
801306,542524,2024-10-31 08:55:07,nan
801307,531054,2023-11-21 17:44:12,nan
801308,533971,2022-02-25 21:15:52,Defective
801309,516060,2022-07-19 08:45:10,defective
801310,520960,2023-06-16 17:21:54,WRONG ITEM
801311,533890,2022-03-29 21:35:21,Wrong Item
801312,516890,2023-04-26 03:30:11,defective
801313,529041,2024-01-20 13:50:32,defective
801314,511902,2024-11-19 15:03:37,WRONG ITEM
801315,536057,2023-09-18 21:07:34,defective
801316,515560,2024-08-18 06:15:50,Changed Mind
801317,522704,2024-12-21 05:03:34,WRONG ITEM
801318,526563,2022-09-21 06:55:22,Changed Mind
801319,543593,2024-05-23 20:07:05,Wrong Item
801320,537607,2023-02-15 17:20:18,nan
801321,522992,2024-04-22 19:34:48,Changed Mind
801322,521742,2022-04-09 13:56:09,WRONG ITEM
801323,543666,2022-03-14 04:40:31,defective
801324,515728,2022-04-08 19:55:04,Wrong Item
801325,504936,2024-07-14 21:06:08,WRONG ITEM
801326,517372,2022-09-03 22:08:09,defective
801327,503798,2024-04-04 09:38:33,nan
801328,500379,2024-10-09 14:26:33,nan
801329,504595,2022-11-15 22:04:21,WRONG ITEM
801330,527644,2023-05-20 06:41:12,defective
801331,544421,2023-06-23 00:44:11,Defective
801332,510870,2023-04-27 03:38:43,nan
801333,503036,2024-11-04 05:39:53,nan
801334,518079,2024-04-12 05:43:56,defective
801335,505603,2022-03-28 15:42:38,WRONG ITEM
801336,529020,2024-04-08 08:10:32,nan
801337,533380,2024-01-14 01:09:58,WRONG ITEM
801338,506957,2023-04-01 12:23:49,Wrong Item
801339,520619,2022-09-18 00:21:40,defective
801340,503796,2022-03-29 08:04:17,nan
801341,541811,2022-06-27 16:02:34,nan
801342,535219,2023-01-12 18:46:39,defective
801343,515641,2024-03-19 12:15:03,WRONG ITEM
801344,535809,2022-11-26 21:52:55,defective
801345,513168,2024-08-13 11:09:59,Changed Mind
801346,526672,2023-06-05 22:44:53,nan
801347,505461,2022-12-20 04:23:17,WRONG ITEM
801348,508637,2023-06-16 09:25:25,WRONG ITEM
801349,547257,2024-10-28 22:32:28,Changed Mind
801350,525953,2023-09-03 18:53:12,nan
801351,518178,2024-07-05 16:44:47,defective
801352,541560,2023-10-26 12:16:27,defective
801353,532281,2022-11-04 02:34:02,Defective
801354,520781,2024-03-17 13:41:56,Wrong Item
801355,502584,2022-06-15 09:19:51,nan
801356,512556,2024-12-22 23:49:56,nan
801357,517784,2023-08-10 13:08:38,Defective
801358,519043,2024-04-17 20:49:07,Changed Mind
801359,503173,2023-04-07 10:22:53,Changed Mind
801360,544837,2024-07-11 01:11:59,nan
801361,537832,2022-03-06 19:27:23,nan
801362,549049,2023-10-10 07:34:41,nan
801363,517738,2022-03-22 18:47:52,defective
801364,543897,2024-03-24 09:21:39,defective
801365,508200,2024-08-23 08:18:27,Changed Mind
801366,539272,2024-05-21 18:04:09,WRONG ITEM
801367,513543,2024-12-28 17:24:02,Defective
801368,517853,2023-04-30 13:57:29,defective
801369,501000,2023-01-05 10:38:15,Defective
801370,534943,2023-07-06 19:35:15,WRONG ITEM
801371,515041,2023-05-06 13:58:10,nan
801372,530152,2024-08-02 03:56:08,WRONG ITEM
801373,541914,2022-05-04 02:20:34,nan
801374,506275,2022-01-31 01:25:21,Wrong Item
801375,537075,2023-01-20 07:38:02,Wrong Item
801376,509133,2022-01-07 11:44:39,defective
801377,549926,2023-05-02 09:47:06,Changed Mind
801378,540661,2024-10-03 11:44:33,Wrong Item
801379,529467,2024-12-11 20:31:17,Wrong Item
801380,522697,2022-05-19 14:33:31,nan
801381,540877,2022-11-23 16:28:13,WRONG ITEM
801382,517941,2022-01-28 01:40:36,Changed Mind
801383,531411,2022-10-28 16:23:48,Wrong Item
801384,515687,2022-03-25 12:02:52,WRONG ITEM
801385,506028,2022-08-13 03:40:19,Wrong Item
801386,522560,2024-10-08 21:33:28,Wrong Item
801387,525237,2024-12-18 12:13:21,Wrong Item
801388,542527,2022-02-09 07:11:14,Wrong Item
801389,548755,2023-04-21 11:52:57,defective
801390,548428,2023-10-03 11:22:07,Changed Mind
801391,505736,2023-01-04 15:44:11,defective
801392,537824,2022-05-14 13:48:44,Changed Mind
801393,507610,2022-07-31 08:27:22,defective
801394,536354,2024-01-27 20:43:52,WRONG ITEM
801395,536022,2022-01-23 15:27:00,defective
801396,517661,2024-05-23 15:50:43,nan
801397,509638,2023-05-22 02:59:00,WRONG ITEM
801398,527920,2024-08-20 11:04:03,nan
801399,536158,2023-05-30 20:00:50,Changed Mind
801400,506410,2024-05-12 08:17:05,Changed Mind
801401,522095,2022-12-07 06:13:34,Changed Mind
801402,542368,2023-08-03 13:20:12,Wrong Item
801403,548242,2024-04-14 19:09:13,Changed Mind
801404,526577,2024-08-11 05:38:15,WRONG ITEM
801405,501637,2022-10-25 17:02:24,WRONG ITEM
801406,545211,2024-06-12 14:02:17,defective
801407,539282,2024-09-25 16:28:15,Defective
801408,502951,2023-06-14 00:54:58,Defective
801409,503015,2023-08-18 16:40:15,nan
801410,525986,2024-05-21 11:30:13,Defective
801411,538814,2022-11-04 10:23:54,Defective
801412,521150,2023-07-06 11:56:42,defective
801413,531194,2022-03-30 11:27:32,Wrong Item
801414,527906,2024-07-22 08:38:04,defective
801415,520844,2022-04-01 09:37:43,WRONG ITEM
801416,525950,2023-03-06 18:55:37,Changed Mind
801417,544302,2022-01-04 08:22:20,defective
801418,511235,2022-06-20 09:17:22,Wrong Item
801419,533247,2023-07-15 11:10:06,WRONG ITEM
801420,525937,2024-06-30 20:08:19,Defective
801421,519683,2023-04-05 04:27:14,defective
801422,522666,2023-07-16 08:48:31,WRONG ITEM
801423,541654,2024-04-20 23:51:28,Defective
801424,523921,2022-03-05 10:44:28,WRONG ITEM
801425,544224,2024-03-31 05:40:03,defective
801426,539245,2024-10-28 19:03:08,Changed Mind
801427,536657,2022-03-21 02:38:26,nan
801428,537274,2022-08-25 00:06:34,nan
801429,502676,2024-10-14 08:01:34,Changed Mind
801430,502432,2022-11-18 04:14:01,defective
801431,505221,2022-12-04 03:03:20,WRONG ITEM
801432,517664,2023-03-08 01:26:12,Changed Mind
801433,549069,2024-12-13 03:51:31,Wrong Item
801434,540716,2023-09-09 09:22:42,Wrong Item
801435,525475,2024-08-14 20:51:46,defective
801436,540758,2022-08-09 21:32:00,Wrong Item
801437,528724,2023-09-25 00:04:10,nan
801438,525244,2023-06-19 21:05:25,nan
801439,516271,2023-10-04 03:27:54,Wrong Item
801440,533510,2023-09-26 12:00:58,Wrong Item
801441,535633,2022-09-04 02:09:07,Defective
801442,547320,2022-05-27 15:39:51,defective
801443,537069,2022-02-22 21:03:12,WRONG ITEM
801444,518126,2022-06-17 17:47:42,WRONG ITEM
801445,532804,2022-05-24 04:35:42,WRONG ITEM
801446,520679,2024-06-26 18:08:33,Defective
801447,527111,2024-10-09 18:40:15,WRONG ITEM
801448,539185,2024-10-24 16:13:57,Wrong Item
801449,535994,2024-05-10 00:48:32,defective
801450,522786,2024-11-14 17:35:54,WRONG ITEM
801451,511910,2023-07-23 14:07:06,nan
801452,517316,2024-05-13 19:14:56,defective
801453,531503,2023-08-23 15:52:52,defective
801454,532764,2023-12-18 01:05:26,Changed Mind
801455,525696,2023-07-08 06:53:15,nan
801456,534747,2024-08-19 02:37:37,Defective
801457,525905,2024-12-10 01:25:18,WRONG ITEM
801458,548739,2023-04-15 16:01:01,defective
801459,526914,2024-04-27 13:23:44,defective
801460,517516,2024-03-31 10:36:29,Wrong Item
801461,529009,2022-09-05 16:24:41,nan
801462,539847,2023-02-08 20:14:57,defective
801463,531523,2022-01-08 21:03:05,Defective
801464,534957,2023-05-02 07:54:22,Defective
801465,516190,2023-07-27 13:41:32,Changed Mind
801466,502273,2022-02-26 02:32:21,Changed Mind
801467,513902,2022-10-12 07:09:53,Wrong Item
801468,533838,2022-03-12 20:13:33,Defective
801469,503394,2022-08-14 18:49:10,Defective
801470,509251,2023-02-08 11:03:40,Defective
801471,540280,2023-04-28 02:06:57,Wrong Item
801472,525513,2024-08-09 16:02:54,WRONG ITEM
801473,511939,2022-11-07 16:57:22,WRONG ITEM
801474,545778,2024-04-29 11:32:58,Changed Mind
801475,537956,2022-11-23 15:17:24,Wrong Item
801476,526029,2022-08-22 13:36:26,Defective
801477,541107,2023-07-03 17:23:09,Changed Mind
801478,515072,2024-09-04 10:57:32,Wrong Item
801479,506302,2022-02-27 18:05:41,WRONG ITEM
801480,547809,2024-08-07 11:33:23,Wrong Item
801481,538000,2023-03-17 13:46:36,Changed Mind
801482,524642,2024-03-03 23:32:49,Changed Mind
801483,548776,2023-07-14 15:39:06,defective
801484,535835,2024-11-20 05:42:55,WRONG ITEM
801485,533780,2023-11-25 00:08:04,WRONG ITEM
801486,536330,2022-10-17 16:38:59,defective
801487,535963,2024-08-08 23:32:44,WRONG ITEM
801488,511498,2022-09-06 11:36:04,Changed Mind
801489,537162,2022-03-06 23:02:05,nan
801490,521080,2024-01-20 03:40:51,WRONG ITEM
801491,514058,2022-04-19 21:21:54,Wrong Item
801492,549405,2022-01-27 17:34:18,WRONG ITEM
801493,502782,2023-08-14 16:03:52,Changed Mind
801494,546744,2022-02-21 02:40:54,Wrong Item
801495,538091,2023-04-07 19:02:05,defective
801496,509828,2023-05-07 07:27:03,Wrong Item
801497,516258,2022-03-12 02:45:10,Wrong Item
801498,543742,2024-05-10 00:09:13,Defective
801499,520179,2023-10-27 13:29:11,defective
801500,528507,2024-07-15 01:06:40,nan
801501,540532,2022-11-18 13:57:30,nan
801502,525825,2023-06-13 20:27:25,WRONG ITEM
801503,533936,2023-08-27 14:37:34,Changed Mind
801504,517575,2023-10-31 08:16:02,Defective
801505,539820,2024-07-15 12:06:15,WRONG ITEM
801506,517718,2024-08-28 07:21:05,Wrong Item
801507,523356,2024-03-19 22:26:10,Defective
801508,531241,2023-06-30 12:17:39,Wrong Item
801509,546760,2024-09-14 12:24:53,Defective
801510,547871,2023-04-23 04:37:38,defective
801511,528912,2023-02-08 21:14:10,defective
801512,529788,2024-11-25 06:18:21,defective
801513,543054,2024-11-21 22:07:52,Defective
801514,525181,2024-11-03 02:49:58,WRONG ITEM
801515,537434,2024-08-08 22:56:08,Defective
801516,505373,2023-06-16 05:14:27,Defective
801517,512337,2024-12-07 05:26:03,nan
801518,520004,2022-05-11 09:50:50,nan
801519,514586,2024-05-10 05:21:48,nan
801520,500421,2022-04-13 23:01:35,Wrong Item
801521,526353,2022-03-31 08:38:25,nan
801522,510184,2024-09-25 00:52:41,WRONG ITEM
801523,513935,2022-12-14 02:04:33,Defective
801524,526519,2024-08-02 14:05:53,Wrong Item
801525,526280,2023-01-24 22:17:14,Changed Mind
801526,541710,2022-09-23 23:12:32,Defective
801527,524396,2023-03-28 00:28:12,Defective
801528,517471,2022-01-30 16:08:00,nan
801529,549523,2024-03-05 00:00:00,WRONG ITEM
801530,514320,2022-04-30 17:07:22,nan
801531,541436,2024-10-02 02:37:57,defective
801532,533529,2023-03-06 20:41:05,defective
801533,547281,2024-11-04 10:02:15,Defective
801534,523225,2022-03-24 18:14:20,WRONG ITEM
801535,537481,2023-06-26 13:30:36,Changed Mind
801536,539641,2022-01-28 15:08:24,WRONG ITEM
801537,514598,2024-03-29 14:12:58,WRONG ITEM
801538,527945,2023-11-06 02:03:34,Changed Mind
801539,549917,2022-11-18 03:43:40,nan
801540,515802,2023-02-08 17:02:04,Wrong Item
801541,545336,2024-10-17 19:32:47,Changed Mind
801542,540875,2022-10-02 22:48:23,Wrong Item
801543,533064,2022-10-19 15:44:30,Defective
801544,547349,2024-07-06 18:46:39,WRONG ITEM
801545,527617,2023-01-31 17:53:47,defective
801546,540197,2023-06-10 05:10:27,Changed Mind
801547,523500,2022-10-08 18:01:24,defective
801548,505590,2022-08-10 10:40:24,defective
801549,548084,2024-05-11 16:57:40,WRONG ITEM
801550,538280,2022-06-25 12:22:48,WRONG ITEM
801551,501795,2023-09-12 13:34:56,Defective
801552,534020,2024-02-23 04:10:57,Wrong Item
801553,522923,2022-10-01 22:56:54,defective
801554,514324,2024-06-03 20:32:27,Defective
801555,526810,2024-03-08 04:17:09,Changed Mind
801556,506686,2024-09-22 04:16:14,nan
801557,511787,2022-04-12 23:58:42,nan
801558,516020,2024-09-01 05:13:52,WRONG ITEM
801559,504990,2024-08-08 14:21:26,defective
801560,528585,2022-04-19 12:09:44,Defective
801561,502627,2022-11-20 16:00:34,Defective
801562,535407,2024-02-17 17:25:48,WRONG ITEM
801563,527763,2022-04-05 01:09:25,Wrong Item
801564,539457,2023-02-18 05:15:28,defective
801565,538071,2024-06-09 17:10:58,Wrong Item
801566,505699,2024-09-26 12:04:32,Defective
801567,505339,2022-03-01 11:31:59,Defective
801568,519931,2022-06-29 14:17:03,Wrong Item
801569,508702,2024-03-14 00:41:00,Changed Mind
801570,528702,2023-01-31 22:37:54,nan
801571,536942,2022-06-27 05:17:36,Defective
801572,538771,2024-05-12 01:21:27,nan
801573,537067,2024-06-27 15:01:31,nan
801574,522063,2022-10-06 14:56:42,Wrong Item
801575,513034,2023-02-21 09:01:26,Changed Mind
801576,509392,2023-10-10 07:18:55,Defective
801577,539834,2023-09-05 18:11:24,nan
801578,540180,2022-11-16 01:18:08,Wrong Item
801579,507456,2022-02-04 23:41:31,Wrong Item
801580,500666,2023-01-14 15:00:22,Changed Mind
801581,515202,2024-08-25 08:12:32,Defective
801582,548831,2022-08-23 16:11:04,nan
801583,504883,2022-11-28 07:53:38,Wrong Item
801584,506244,2024-09-30 03:03:49,Changed Mind
801585,507706,2022-09-21 10:29:10,nan
801586,524364,2024-01-21 16:26:30,nan
801587,524106,2024-05-17 23:21:31,Wrong Item
801588,510656,2023-04-26 19:56:03,Changed Mind
801589,541846,2024-06-25 06:51:06,Changed Mind
801590,510106,2024-12-17 06:01:23,nan
801591,500089,2024-06-24 09:06:08,Changed Mind
801592,543178,2023-04-28 06:25:44,Changed Mind
801593,514813,2023-04-05 08:59:44,defective
801594,505476,2022-12-12 11:47:51,WRONG ITEM
801595,522595,2023-07-12 08:03:55,defective
801596,532301,2022-04-14 18:09:18,WRONG ITEM
801597,544554,2024-02-08 07:20:13,nan
801598,543249,2023-01-15 18:16:40,nan
801599,528188,2022-11-06 11:37:12,nan
801600,513107,2022-03-04 18:10:32,nan
801601,533364,2022-11-29 00:32:05,Changed Mind
801602,528979,2023-05-03 22:11:37,Changed Mind
801603,544668,2024-05-07 17:40:40,WRONG ITEM
801604,539355,2022-09-12 04:36:44,Wrong Item
801605,531051,2022-06-12 22:27:57,WRONG ITEM
801606,526108,2024-05-18 14:41:36,nan
801607,504792,2024-11-06 14:09:24,Wrong Item
801608,533732,2024-09-12 12:35:13,WRONG ITEM
801609,544934,2022-08-09 16:00:55,Defective
801610,540639,2023-09-17 15:50:21,Wrong Item
801611,514388,2024-01-08 10:40:36,Defective
801612,514318,2024-03-17 05:25:28,WRONG ITEM
801613,532284,2022-02-01 02:35:48,defective
801614,538468,2022-03-30 18:03:08,WRONG ITEM
801615,530512,2024-12-15 07:33:13,nan
801616,525474,2022-03-29 09:07:00,Wrong Item
801617,543221,2024-03-04 19:48:05,defective
801618,511695,2023-04-23 02:34:52,defective
801619,515296,2022-07-16 08:05:25,WRONG ITEM
801620,538120,2023-02-16 13:36:22,Defective
801621,526394,2024-11-24 10:25:42,Wrong Item
801622,529206,2024-04-19 10:29:39,WRONG ITEM
801623,515301,2022-04-20 19:33:51,nan
801624,540839,2022-01-22 19:03:00,Changed Mind
801625,543929,2022-05-26 19:16:02,WRONG ITEM
801626,534049,2022-11-02 05:19:00,Wrong Item
801627,502925,2022-10-20 20:57:41,Changed Mind
801628,522439,2023-10-23 17:58:49,nan
801629,507361,2022-11-05 02:46:47,Wrong Item
801630,534513,2023-09-04 08:52:09,Wrong Item
801631,514697,2022-08-02 16:07:55,Changed Mind
801632,519019,2022-06-07 04:08:24,nan
801633,528067,2024-06-04 08:26:54,Changed Mind
801634,533968,2022-03-06 20:20:13,defective
801635,538644,2024-02-25 14:24:24,Changed Mind
801636,515661,2022-01-27 00:49:12,Defective
801637,518483,2024-07-12 02:03:20,Changed Mind
801638,521696,2024-01-05 10:04:32,nan
801639,504821,2022-06-15 13:49:06,WRONG ITEM
801640,545698,2024-03-20 10:52:30,WRONG ITEM
801641,513882,2022-12-22 00:25:30,WRONG ITEM
801642,547591,2024-07-13 14:13:44,Defective
801643,534077,2023-03-06 04:49:35,Changed Mind
801644,533967,2023-09-15 10:29:15,Wrong Item
801645,537840,2023-05-18 07:46:45,Changed Mind
801646,501129,2023-11-09 09:01:29,Defective
801647,502443,2023-06-27 04:10:06,Wrong Item
801648,548742,2022-07-24 09:42:22,Changed Mind
801649,514376,2022-01-18 01:52:21,Defective
801650,541876,2023-05-04 22:13:30,defective
801651,513699,2022-05-11 01:44:10,nan
801652,548993,2022-06-21 06:11:28,nan
801653,516589,2024-08-31 21:33:06,Wrong Item
801654,502656,2022-09-29 12:51:06,nan
801655,506167,2024-08-30 05:18:53,Wrong Item
801656,509060,2024-04-10 19:26:11,WRONG ITEM
801657,506297,2023-08-31 03:22:28,nan
801658,511040,2023-05-10 00:15:20,Changed Mind
801659,513431,2022-07-16 07:42:57,Wrong Item
801660,517561,2023-04-12 07:20:52,Defective
801661,529526,2024-03-28 13:16:49,nan
801662,501956,2022-07-08 18:31:26,Changed Mind
801663,509728,2022-08-24 10:31:14,WRONG ITEM
801664,515054,2022-11-26 05:25:18,defective
801665,526168,2023-09-26 07:22:56,Defective
801666,504325,2023-04-28 07:42:07,nan
801667,541384,2023-08-25 18:45:00,Defective
801668,521222,2022-10-17 15:55:29,Changed Mind
801669,506461,2023-08-07 15:16:17,Defective
801670,515377,2024-08-24 08:11:02,nan
801671,526310,2022-08-26 02:20:55,nan
801672,520308,2022-04-16 07:05:02,defective
801673,541568,2024-04-08 07:50:22,Wrong Item
801674,501233,2024-05-24 10:35:02,defective
801675,529318,2024-03-27 16:02:39,Changed Mind
801676,508759,2024-05-18 22:26:29,Defective
801677,527574,2024-10-28 03:56:59,defective
801678,508519,2022-01-09 16:31:35,Wrong Item
801679,538554,2024-11-16 11:52:09,Changed Mind
801680,531506,2022-03-27 12:39:51,nan
801681,510811,2023-07-31 01:35:18,Defective
801682,512877,2022-04-22 15:58:38,WRONG ITEM
801683,524677,2024-12-15 14:44:01,Changed Mind
801684,513253,2024-04-24 01:03:51,Defective
801685,509016,2023-01-18 00:10:42,WRONG ITEM
801686,543729,2022-02-14 01:33:27,Changed Mind
801687,528635,2023-10-27 15:13:30,Wrong Item
801688,502247,2022-04-25 20:45:51,nan
801689,503385,2024-10-25 11:19:21,Wrong Item
801690,505310,2024-12-25 17:25:51,Wrong Item
801691,534446,2023-11-26 23:02:03,nan
801692,507609,2023-03-25 01:11:49,defective
801693,538037,2023-10-13 07:55:55,Changed Mind
801694,511877,2023-06-01 03:58:31,Changed Mind
801695,530494,2024-05-14 23:14:02,WRONG ITEM
801696,510528,2024-11-23 19:46:15,Wrong Item
801697,502417,2022-02-05 14:33:51,WRONG ITEM
801698,511914,2023-06-10 17:32:59,Changed Mind
801699,523401,2023-12-30 04:10:04,Defective
801700,517119,2024-07-01 16:56:35,nan
801701,519995,2024-09-02 04:50:34,Defective
801702,530649,2024-10-19 13:08:08,Changed Mind
801703,549001,2023-05-02 05:42:59,nan
801704,522857,2023-12-13 16:11:42,Wrong Item
801705,529924,2024-04-12 21:21:27,WRONG ITEM
801706,547414,2023-08-02 15:18:24,nan
801707,511707,2022-10-24 11:07:03,nan
801708,508189,2024-08-07 00:18:58,defective
801709,513541,2023-12-04 10:42:39,nan
801710,505336,2024-02-07 12:59:17,WRONG ITEM
801711,513288,2024-10-17 12:23:27,Changed Mind
801712,523651,2022-03-12 21:07:19,defective
801713,538960,2024-12-17 04:09:33,WRONG ITEM
801714,543444,2023-12-23 06:21:09,Defective
801715,502780,2023-12-04 01:39:10,defective
801716,520283,2023-06-08 08:47:11,Changed Mind
801717,523743,2024-11-27 23:05:54,Defective
801718,544780,2024-03-27 02:42:27,Changed Mind
801719,538357,2023-05-03 22:13:22,nan
801720,528533,2024-08-28 20:40:05,Defective
801721,500239,2024-12-04 17:21:30,Changed Mind
801722,516344,2024-09-09 23:03:03,Changed Mind
801723,542767,2023-03-30 06:12:01,Defective
801724,513317,2022-09-29 11:01:38,Defective
801725,517289,2024-05-03 19:51:02,Wrong Item
801726,527581,2022-01-30 06:10:29,Changed Mind
801727,507087,2022-04-21 00:33:15,nan
801728,543738,2023-02-06 00:37:27,Changed Mind
801729,546583,2024-03-05 21:48:57,Wrong Item
801730,525957,2023-03-02 14:21:46,Defective
801731,529316,2022-01-16 16:18:57,Wrong Item
801732,544100,2024-05-14 07:34:28,Changed Mind
801733,543506,2022-05-02 23:30:13,WRONG ITEM
801734,513032,2024-04-01 22:15:50,Changed Mind
801735,501935,2024-02-28 02:10:54,WRONG ITEM
801736,539012,2023-08-14 22:49:08,nan
801737,536494,2023-03-03 12:59:36,Wrong Item
801738,513682,2024-12-28 17:22:26,Changed Mind
801739,504396,2024-07-06 03:50:38,Defective
801740,519822,2023-07-04 10:25:38,nan
801741,528378,2024-07-04 09:55:57,Wrong Item
801742,523577,2023-01-07 05:11:38,Wrong Item
801743,514453,2024-08-03 16:53:32,Defective
801744,516964,2024-03-13 17:24:09,Changed Mind
801745,540486,2023-12-24 00:50:00,nan
801746,528729,2022-10-16 17:02:59,WRONG ITEM
801747,531711,2023-06-06 16:45:15,defective
801748,537549,2022-10-16 13:10:00,defective
801749,542663,2024-04-03 10:14:23,Changed Mind
801750,545642,2023-12-21 20:34:00,WRONG ITEM
801751,534361,2023-01-16 20:47:08,defective
801752,507996,2023-08-08 04:52:04,WRONG ITEM
801753,536752,2022-10-14 07:42:01,WRONG ITEM
801754,506178,2024-04-13 09:39:00,Changed Mind
801755,519158,2023-05-21 05:25:38,Defective
801756,517788,2022-06-26 12:35:05,Changed Mind
801757,501719,2024-02-03 10:12:49,Wrong Item
801758,507065,2022-10-11 23:42:15,Wrong Item
801759,536416,2023-10-11 16:12:27,Changed Mind
801760,506401,2024-04-13 00:51:52,defective
801761,522662,2022-12-10 14:49:43,WRONG ITEM
801762,529108,2023-06-26 18:29:04,WRONG ITEM
801763,530053,2023-08-27 23:58:49,WRONG ITEM
801764,504002,2022-05-30 05:10:07,nan
801765,533831,2022-01-19 11:52:02,Wrong Item
801766,538956,2023-07-22 00:36:30,Wrong Item
801767,506100,2022-02-11 02:17:24,Defective
801768,531317,2023-11-16 20:18:52,defective
801769,511495,2022-05-19 18:50:31,Wrong Item
801770,502198,2022-02-27 11:52:59,Wrong Item
801771,544358,2022-11-23 18:55:59,nan
801772,504188,2024-09-07 20:15:19,Changed Mind
801773,548621,2023-02-06 04:19:16,Wrong Item
801774,529918,2022-08-23 15:34:12,nan
801775,500785,2022-07-27 16:03:47,WRONG ITEM
801776,511494,2023-10-24 07:17:05,Changed Mind
801777,520625,2024-11-04 12:44:16,Wrong Item
801778,532749,2024-02-06 01:43:34,Changed Mind
801779,505692,2024-02-29 11:33:06,Defective
801780,523724,2023-11-15 02:16:16,Wrong Item
801781,528924,2022-06-01 11:43:51,Changed Mind
801782,526307,2023-08-10 08:32:18,Changed Mind
801783,516691,2024-11-17 12:44:39,WRONG ITEM
801784,546002,2023-01-23 06:32:15,nan
801785,514921,2022-04-08 10:34:09,defective
801786,514694,2024-01-30 05:27:08,WRONG ITEM
801787,541970,2023-07-15 03:39:03,Defective
801788,531240,2022-11-15 08:20:55,Wrong Item
801789,533649,2022-12-14 14:19:08,WRONG ITEM
801790,548915,2022-06-08 22:59:58,WRONG ITEM
801791,522170,2024-02-18 20:57:49,nan
801792,517263,2023-06-22 23:20:54,Wrong Item
801793,549431,2023-08-06 13:21:37,nan
801794,520704,2022-06-21 03:09:39,defective
801795,507735,2023-03-26 17:38:39,nan
801796,546143,2022-05-01 22:41:00,Wrong Item
801797,544151,2024-04-12 04:46:31,nan
801798,543618,2022-02-25 12:02:36,defective
801799,536277,2023-05-15 03:30:52,WRONG ITEM
801800,501224,2022-03-15 22:37:51,defective
801801,529296,2022-06-06 14:44:44,WRONG ITEM
801802,507572,2023-09-13 04:23:55,defective
801803,531621,2022-02-17 10:27:17,Defective
801804,523279,2022-02-28 07:18:29,Defective
801805,511008,2023-09-11 02:09:55,Changed Mind
801806,505928,2023-11-22 04:05:30,nan
801807,529096,2023-07-24 23:44:38,Defective
801808,527099,2022-04-17 18:20:35,Wrong Item
801809,508494,2023-10-25 05:25:41,defective
801810,507584,2022-07-10 18:37:22,defective
801811,524009,2023-12-06 03:42:42,nan
801812,530542,2023-04-03 07:34:07,Wrong Item
801813,522880,2022-05-29 21:31:49,Wrong Item
801814,544801,2023-06-03 17:21:43,Changed Mind
801815,512396,2024-02-13 21:09:46,Wrong Item
801816,527796,2024-05-14 01:38:10,Wrong Item
801817,545687,2023-06-22 10:22:49,WRONG ITEM
801818,547248,2022-05-16 10:07:59,Wrong Item
801819,546917,2024-12-18 01:54:39,WRONG ITEM
801820,511132,2023-09-13 16:35:52,WRONG ITEM
801821,527789,2022-04-14 17:56:23,Wrong Item
801822,537552,2022-12-24 20:42:35,nan
801823,515832,2022-04-24 17:28:14,Defective
801824,523992,2022-07-05 04:25:02,Wrong Item
801825,537127,2024-05-02 19:56:44,WRONG ITEM
801826,549192,2024-03-16 22:15:25,Wrong Item
801827,506969,2022-07-16 20:29:24,nan
801828,525260,2024-05-09 12:45:39,Changed Mind
801829,545577,2022-04-27 03:23:05,nan
801830,537218,2024-10-01 01:50:43,nan
801831,534454,2022-04-25 05:22:06,Wrong Item
801832,503935,2022-08-03 22:53:17,WRONG ITEM
801833,524736,2022-03-07 13:00:43,defective
801834,525010,2024-12-26 00:54:08,nan
801835,503273,2023-08-04 23:35:12,defective
801836,536177,2023-06-15 20:52:34,Changed Mind
801837,516499,2024-04-17 01:14:58,defective
801838,526308,2023-10-17 08:33:45,Wrong Item
801839,531947,2022-01-24 21:14:25,WRONG ITEM
801840,503473,2023-06-22 12:17:53,Wrong Item
801841,530207,2023-04-04 01:47:58,defective
801842,505490,2024-08-22 02:49:35,nan
801843,535253,2022-01-21 21:48:17,WRONG ITEM
801844,530082,2024-05-17 01:26:42,Defective
801845,518620,2023-01-27 07:03:34,Wrong Item
801846,512687,2022-06-22 16:51:57,Defective
801847,531174,2024-11-30 00:02:57,Changed Mind
801848,519846,2024-11-04 09:14:08,nan
801849,536160,2023-06-30 10:49:10,WRONG ITEM
801850,525868,2023-06-12 02:30:36,WRONG ITEM
801851,513977,2024-07-03 05:38:35,Wrong Item
801852,503169,2022-04-24 23:24:09,nan
801853,535762,2022-09-15 08:48:09,Changed Mind
801854,510961,2024-10-09 17:02:11,Defective
801855,525615,2024-12-23 22:32:45,defective
801856,511006,2024-09-22 19:16:41,defective
801857,545533,2022-09-28 06:41:57,Changed Mind
801858,511087,2023-07-18 10:06:45,WRONG ITEM
801859,506279,2022-11-14 13:22:06,Changed Mind
801860,524631,2022-05-16 06:39:32,nan
801861,525792,2024-10-04 21:14:18,Wrong Item
801862,537153,2023-07-03 05:23:14,Wrong Item
801863,547853,2023-06-28 21:23:01,nan
801864,521727,2022-04-03 15:47:43,Changed Mind
801865,517584,2024-01-22 02:48:50,WRONG ITEM
801866,549947,2023-05-15 06:32:04,Defective
801867,523940,2022-01-12 01:17:21,Changed Mind
801868,500851,2022-05-21 01:19:37,Defective
801869,549918,2023-05-26 03:19:08,Changed Mind
801870,514483,2024-01-08 13:09:59,Defective
801871,519512,2024-07-24 16:29:32,Defective
801872,506899,2023-10-10 15:13:38,nan
801873,502794,2022-03-15 17:03:56,Wrong Item
801874,527255,2022-12-18 21:51:17,nan
801875,531861,2022-04-14 01:33:23,defective
801876,514962,2024-09-11 02:19:30,WRONG ITEM
801877,529475,2024-08-19 18:54:40,WRONG ITEM
801878,513552,2023-09-11 15:38:12,nan
801879,515434,2023-09-11 01:45:09,Defective
801880,526112,2024-05-08 22:45:51,nan
801881,504608,2024-05-06 05:39:35,WRONG ITEM
801882,532095,2024-03-23 22:34:54,nan
801883,522988,2023-07-27 22:29:09,nan
801884,535959,2023-01-26 10:20:49,Changed Mind
801885,545431,2024-12-18 23:07:06,nan
801886,510145,2023-09-08 14:43:45,nan
801887,537587,2024-05-01 06:33:31,nan
801888,541077,2024-04-25 22:45:31,defective
801889,523755,2024-05-11 01:20:22,Changed Mind
801890,500745,2024-02-21 09:28:11,WRONG ITEM
801891,501536,2023-10-10 20:18:12,Wrong Item
801892,500062,2022-08-17 08:06:22,nan
801893,510014,2022-06-20 01:02:58,WRONG ITEM
801894,501628,2022-03-30 22:21:43,defective
801895,548450,2022-03-23 20:18:11,Wrong Item
801896,507919,2022-05-12 17:16:40,Changed Mind
801897,517752,2024-04-29 11:01:47,nan
801898,531445,2023-06-15 11:29:13,WRONG ITEM
801899,502888,2024-02-06 23:49:10,Defective
801900,532382,2023-03-27 12:23:44,WRONG ITEM
801901,546063,2023-12-31 07:23:58,nan
801902,531424,2023-11-03 17:58:08,WRONG ITEM
801903,523854,2023-11-18 00:41:08,nan
801904,527603,2023-03-12 23:15:42,WRONG ITEM
801905,540635,2024-11-02 10:36:11,WRONG ITEM
801906,518378,2022-08-07 02:54:52,WRONG ITEM
801907,507908,2022-10-21 10:48:38,defective
801908,537162,2024-06-28 10:14:29,defective
801909,537995,2023-07-04 10:50:34,Changed Mind
801910,538703,2022-02-20 08:30:54,WRONG ITEM
801911,546974,2023-07-04 21:37:50,nan
801912,533683,2022-05-06 10:06:25,Wrong Item
801913,549476,2024-01-25 15:27:13,Wrong Item
801914,507020,2024-07-22 02:58:20,WRONG ITEM
801915,521887,2022-05-24 17:28:05,Wrong Item
801916,506949,2024-07-22 13:33:23,Changed Mind
801917,541023,2022-12-16 05:34:32,defective
801918,503377,2024-11-19 06:05:00,nan
801919,535146,2024-05-08 03:55:53,nan
801920,540960,2022-01-30 09:08:37,nan
801921,519402,2022-04-12 14:32:00,Changed Mind
801922,549096,2023-10-06 03:03:57,Defective
801923,548937,2022-08-08 23:41:14,Wrong Item
801924,526901,2022-11-20 03:50:17,Defective
801925,515354,2022-11-19 07:10:44,Changed Mind
801926,531976,2024-09-20 16:45:45,Changed Mind
801927,537297,2023-12-05 21:25:08,Defective
801928,527580,2022-08-11 16:13:38,Wrong Item
801929,531037,2023-04-16 20:49:41,nan
801930,514296,2023-11-13 09:26:08,Changed Mind
801931,533117,2022-12-13 21:37:06,Changed Mind
801932,511378,2022-02-19 17:33:10,WRONG ITEM
801933,516481,2022-03-04 10:25:27,Defective
801934,543973,2023-03-25 22:48:56,Wrong Item
801935,502834,2022-12-29 02:24:30,nan
801936,525752,2022-05-28 02:05:28,Changed Mind
801937,543218,2022-03-17 07:26:37,Wrong Item
801938,547540,2023-10-17 10:23:47,Defective
801939,540186,2024-02-05 00:31:52,Changed Mind
801940,510363,2023-03-29 23:34:41,defective
801941,528335,2022-05-27 03:32:35,Wrong Item
801942,504011,2023-12-28 19:03:57,Changed Mind
801943,537878,2024-07-11 12:26:38,Wrong Item
801944,535124,2023-01-21 15:28:14,nan
801945,546549,2022-01-30 08:45:20,WRONG ITEM
801946,547225,2024-01-30 03:12:26,defective
801947,530873,2024-08-22 07:28:41,Changed Mind
801948,502366,2022-02-25 14:40:00,Defective
801949,506413,2023-03-31 18:06:47,nan
801950,541371,2023-06-21 20:04:59,Wrong Item
801951,500543,2023-02-28 15:08:43,Wrong Item
801952,520747,2024-09-02 02:35:04,Defective
801953,511727,2022-12-01 19:42:43,nan
801954,512810,2022-08-24 04:49:59,Changed Mind
801955,540388,2024-10-09 03:06:36,Changed Mind
801956,514590,2023-04-30 23:20:20,Changed Mind
801957,521006,2023-02-20 00:03:47,Wrong Item
801958,549177,2024-11-19 05:34:51,defective
801959,532163,2024-06-19 22:23:39,WRONG ITEM
801960,541954,2023-06-10 09:28:36,defective
801961,528401,2024-01-07 01:53:34,Defective
801962,516303,2023-07-02 04:39:49,Defective
801963,533711,2023-11-04 04:02:00,Wrong Item
801964,515007,2022-12-02 15:14:04,Wrong Item
801965,508271,2023-12-08 16:46:39,defective
801966,509224,2023-05-11 16:07:20,Defective
801967,543669,2023-07-23 03:35:43,nan
801968,534971,2022-10-22 21:26:55,WRONG ITEM
801969,511508,2023-03-05 09:50:23,defective
801970,547068,2024-12-14 09:18:53,Defective
801971,530243,2024-07-11 17:07:56,defective
801972,517079,2022-03-12 19:07:13,Wrong Item
801973,523846,2023-12-08 16:36:52,Wrong Item
801974,540822,2023-07-02 01:04:16,defective
801975,505749,2024-12-27 20:11:22,Wrong Item
801976,510099,2023-04-04 22:30:42,Changed Mind
801977,533541,2024-09-20 12:48:02,defective
801978,531120,2023-12-22 02:56:52,WRONG ITEM
801979,545722,2022-11-18 07:23:09,WRONG ITEM
801980,509436,2023-04-01 06:25:12,Wrong Item
801981,535523,2024-01-19 21:05:58,Wrong Item
801982,502863,2022-10-29 00:40:19,defective
801983,538468,2023-09-15 11:20:56,Wrong Item
801984,503919,2024-09-22 20:02:07,Changed Mind
801985,500879,2024-11-05 22:10:19,Wrong Item
801986,527876,2022-04-16 14:28:25,WRONG ITEM
801987,536306,2024-07-31 08:08:19,Defective
801988,512342,2022-12-22 11:58:36,nan
801989,506122,2023-09-17 16:02:31,defective
801990,509065,2024-08-25 09:50:18,Changed Mind
801991,545121,2024-01-10 23:52:30,WRONG ITEM
801992,535813,2024-08-18 22:17:49,defective
801993,546114,2024-04-16 05:06:05,Wrong Item
801994,526429,2024-07-22 05:28:56,Defective
801995,503200,2022-07-27 19:21:31,Defective
801996,539586,2023-08-11 21:32:26,WRONG ITEM
801997,500720,2022-11-02 00:09:27,defective
801998,525237,2023-06-15 21:22:56,Wrong Item
801999,519210,2022-01-15 21:36:46,Defective
802000,527820,2023-01-17 10:05:18,Wrong Item
802001,525344,2022-10-22 18:42:47,Wrong Item
802002,511371,2023-04-25 08:07:17,nan
802003,537609,2022-01-09 06:29:15,defective
802004,549130,2023-11-18 05:12:00,WRONG ITEM
802005,511855,2023-09-09 20:55:06,nan
802006,536450,2022-11-23 15:15:28,Wrong Item
802007,533103,2023-05-31 03:35:10,WRONG ITEM
802008,501589,2024-02-01 03:20:24,nan
802009,516716,2022-02-03 20:34:48,Defective
802010,527390,2022-07-09 08:04:36,nan
802011,534746,2023-08-21 17:25:09,Defective
802012,516452,2022-04-14 06:09:57,Defective
802013,528797,2022-05-17 22:45:04,nan
802014,539843,2022-05-26 23:43:41,nan
802015,504442,2024-03-17 01:17:49,defective
802016,501987,2022-01-23 09:00:31,defective
802017,512593,2022-02-11 12:59:53,WRONG ITEM
802018,507237,2024-11-23 09:17:29,nan
802019,535736,2023-08-11 23:33:06,WRONG ITEM
802020,527479,2024-04-10 06:55:58,Wrong Item
802021,506590,2023-02-23 06:09:50,Wrong Item
802022,516448,2022-03-13 02:17:13,Changed Mind
802023,514343,2023-07-24 10:13:53,Wrong Item
802024,510306,2024-10-18 19:36:24,Wrong Item
802025,500659,2022-10-13 03:15:48,WRONG ITEM
802026,519881,2024-05-26 09:15:28,nan
802027,506455,2022-08-05 04:33:09,Wrong Item
802028,518909,2022-08-25 00:37:22,Changed Mind
802029,521262,2022-11-09 18:26:19,Defective
802030,503493,2022-04-26 11:25:21,WRONG ITEM
802031,547246,2024-07-10 15:14:23,Wrong Item
802032,541620,2022-07-08 19:51:34,Defective
802033,547430,2023-07-27 11:20:28,nan
802034,533600,2022-11-04 16:37:52,nan
802035,519290,2024-10-23 05:00:47,defective
802036,513054,2023-07-03 16:46:59,nan
802037,508033,2024-09-21 07:02:05,WRONG ITEM
802038,536797,2024-02-16 01:25:47,defective
802039,541895,2022-05-21 03:12:35,Defective
802040,532807,2022-07-23 04:24:10,Changed Mind
802041,542613,2022-05-01 01:29:38,Defective
802042,543906,2024-12-16 01:12:32,Changed Mind
802043,548640,2024-10-04 18:06:36,defective
802044,523188,2023-03-24 01:18:30,Defective
802045,530585,2023-10-24 08:34:39,Defective
802046,549235,2023-05-25 03:29:25,Wrong Item
802047,521414,2023-10-29 04:46:31,defective
802048,541819,2023-10-13 02:58:12,Defective
802049,527479,2024-09-19 14:05:07,nan
802050,508784,2024-10-19 05:29:37,defective
802051,508821,2024-02-26 06:57:16,WRONG ITEM
802052,546177,2023-03-18 20:58:15,Changed Mind
802053,538981,2022-11-10 09:16:42,Changed Mind
802054,546065,2024-09-30 10:52:58,Defective
802055,530500,2023-10-22 05:47:26,Wrong Item
802056,515526,2022-01-14 15:19:50,WRONG ITEM
802057,502899,2022-03-09 11:41:55,defective
802058,516509,2024-06-27 22:12:58,Wrong Item
802059,536076,2023-02-22 22:16:52,Defective
802060,517947,2024-05-25 17:59:52,WRONG ITEM
802061,529924,2023-02-22 04:38:52,WRONG ITEM
802062,532565,2024-05-24 09:06:46,Defective
802063,533137,2023-10-08 18:15:47,Wrong Item
802064,540258,2023-10-26 14:05:56,defective
802065,508969,2023-08-03 22:44:35,Wrong Item
802066,547230,2023-02-05 16:26:33,Defective
802067,513326,2024-06-20 07:11:51,nan
802068,543283,2022-05-17 02:27:50,Changed Mind
802069,539671,2024-06-12 00:53:48,nan
802070,507245,2024-04-09 01:36:02,Changed Mind
802071,549273,2024-12-19 14:23:23,WRONG ITEM
802072,523600,2023-04-21 12:04:13,Wrong Item
802073,538679,2024-01-06 21:18:00,Changed Mind
802074,538354,2023-11-15 16:17:32,defective
802075,546146,2022-05-31 17:52:14,WRONG ITEM
802076,508045,2024-01-25 20:26:08,WRONG ITEM
802077,524241,2023-05-19 11:01:11,nan
802078,549630,2024-07-29 03:37:58,defective
802079,533037,2024-08-09 05:38:23,nan
802080,534087,2024-01-10 09:17:48,Defective
802081,508579,2022-08-02 09:03:35,defective
802082,510205,2022-08-08 08:46:03,Defective
802083,543957,2024-08-14 21:55:13,WRONG ITEM
802084,546768,2023-04-25 17:53:20,Wrong Item
802085,534221,2023-04-21 02:29:07,Defective
802086,505140,2023-05-07 12:52:59,Changed Mind
802087,529999,2023-11-23 12:58:40,defective
802088,529277,2022-08-12 13:59:49,defective
802089,508960,2023-11-14 09:53:34,nan
802090,501436,2023-05-07 20:41:22,Wrong Item
802091,506194,2024-11-22 23:37:27,defective
802092,514426,2022-10-15 06:17:28,WRONG ITEM
802093,518972,2023-07-28 16:52:36,Changed Mind
802094,514376,2022-03-22 18:43:54,WRONG ITEM
802095,547224,2023-08-17 15:12:57,Wrong Item
802096,508154,2023-02-27 16:58:05,WRONG ITEM
802097,544432,2023-05-04 23:04:16,Defective
802098,524434,2024-10-21 05:38:35,nan
802099,534800,2022-10-06 17:14:21,nan
802100,536465,2023-03-02 11:47:43,Wrong Item
802101,534061,2022-07-17 05:00:41,Changed Mind
802102,540362,2024-09-22 00:24:13,defective
802103,534504,2022-12-16 21:47:02,Wrong Item
802104,549093,2023-07-21 22:48:36,WRONG ITEM
802105,511471,2022-07-10 10:13:08,Changed Mind
802106,503249,2023-01-23 16:24:54,Changed Mind
802107,503539,2023-01-26 03:50:21,Changed Mind
802108,511762,2022-05-04 22:59:01,nan
802109,516885,2023-12-05 09:10:33,defective
802110,543782,2024-02-24 16:46:51,nan
802111,502733,2023-06-12 02:39:00,WRONG ITEM
802112,541548,2022-01-17 22:43:51,Changed Mind
802113,535507,2022-05-27 05:25:43,defective
802114,536826,2023-07-06 23:30:42,Defective
802115,516515,2024-05-26 21:13:32,Defective
802116,541787,2023-12-16 17:40:27,Defective
802117,504251,2022-04-16 16:56:12,defective
802118,517348,2023-08-11 05:41:40,WRONG ITEM
802119,504898,2023-09-19 22:30:40,Defective
802120,505517,2024-01-29 07:22:36,Changed Mind
802121,532848,2022-12-07 20:13:46,Changed Mind
802122,524729,2022-10-25 19:33:30,defective
802123,547385,2023-01-07 06:28:45,nan
802124,500614,2023-08-01 10:13:54,defective
802125,536281,2024-10-09 05:48:58,WRONG ITEM
802126,510544,2022-08-03 22:56:23,defective
802127,545880,2022-01-05 13:46:54,Changed Mind
802128,547819,2023-05-09 15:18:14,Defective
802129,534477,2022-02-19 11:33:07,Defective
802130,510405,2024-07-10 06:44:47,nan
802131,544490,2022-01-25 22:37:59,nan
802132,507217,2024-09-22 20:52:22,Changed Mind
802133,534397,2022-12-16 20:26:55,Changed Mind
802134,528836,2022-11-16 16:40:01,Defective
802135,511677,2023-06-06 23:37:31,Defective
802136,532586,2023-05-03 00:20:23,Defective
802137,514671,2024-02-08 02:14:07,Defective
802138,535858,2022-08-29 08:25:52,Wrong Item
802139,518373,2023-08-30 02:22:24,defective
802140,514656,2024-02-12 07:58:27,Wrong Item
802141,508381,2023-10-25 21:03:29,nan
802142,507158,2023-11-16 03:05:20,Defective
802143,507554,2022-12-18 02:57:06,Changed Mind
802144,500393,2023-06-02 18:12:49,Changed Mind
802145,507560,2024-11-25 18:53:02,Wrong Item
802146,516195,2023-05-22 03:51:34,nan
802147,509940,2024-10-03 15:09:52,Changed Mind
802148,511048,2023-12-12 15:40:23,nan
802149,500721,2024-01-23 22:03:50,defective
802150,502070,2023-10-30 11:17:12,nan
802151,541935,2024-05-06 23:39:41,Wrong Item
802152,515907,2023-06-25 19:50:14,WRONG ITEM
802153,518606,2022-02-21 06:32:01,nan
802154,546051,2023-01-19 05:35:46,defective
802155,520156,2023-03-02 11:39:22,Defective
802156,537637,2022-09-20 20:16:19,Defective
802157,533019,2022-03-21 10:15:26,WRONG ITEM
802158,527277,2022-07-19 13:07:29,WRONG ITEM
802159,517717,2022-11-15 05:30:17,defective
802160,542561,2022-08-04 08:32:07,defective
802161,507371,2022-09-15 05:19:53,Wrong Item
802162,539574,2022-02-23 14:21:18,WRONG ITEM
802163,504914,2023-05-22 13:51:28,Changed Mind
802164,536123,2022-07-17 18:59:29,Changed Mind
802165,531420,2024-11-21 02:34:40,defective
802166,515158,2024-08-26 18:15:02,Wrong Item
802167,526700,2023-05-29 18:31:21,nan
802168,526878,2023-01-30 06:52:14,defective
802169,523550,2022-06-02 04:18:02,Wrong Item
802170,536234,2022-10-17 07:41:36,Changed Mind
802171,513789,2022-05-09 00:20:20,Changed Mind
802172,504777,2022-04-06 19:19:22,Defective
802173,539708,2023-06-05 22:06:17,defective
802174,537621,2023-11-16 17:52:02,WRONG ITEM
802175,508449,2024-03-27 13:25:38,Changed Mind
802176,527001,2024-02-16 23:19:30,defective
802177,510517,2023-04-17 08:14:13,Changed Mind
802178,524134,2024-03-15 18:03:20,WRONG ITEM
802179,520516,2022-03-21 17:19:42,Changed Mind
802180,535910,2024-02-10 19:27:36,WRONG ITEM
802181,538333,2024-09-18 18:55:56,WRONG ITEM
802182,510164,2023-08-12 12:44:36,nan
802183,522744,2023-08-20 01:42:25,Changed Mind
802184,521154,2023-03-13 23:00:38,Defective
802185,504696,2024-10-29 05:53:48,WRONG ITEM
802186,538654,2022-02-28 14:52:08,nan
802187,506208,2024-02-04 13:55:33,WRONG ITEM
802188,520586,2023-02-15 12:08:10,Wrong Item
802189,548327,2023-09-18 22:51:19,Wrong Item
802190,538667,2022-05-20 02:01:45,nan
802191,528593,2023-04-29 00:54:58,WRONG ITEM
802192,534637,2022-11-04 22:23:29,WRONG ITEM
802193,508497,2023-03-17 19:18:59,nan
802194,541252,2023-06-13 15:00:13,Defective
802195,539008,2024-09-10 08:01:45,Wrong Item
802196,535995,2024-09-12 09:48:18,Defective
802197,509638,2022-06-07 13:44:23,defective
802198,510274,2022-11-04 03:11:29,nan
802199,525745,2022-02-17 02:49:40,WRONG ITEM
802200,533656,2024-12-20 15:33:50,WRONG ITEM
802201,502235,2024-12-20 05:11:09,defective
802202,520510,2024-12-22 12:24:20,nan
802203,528761,2023-08-25 02:07:32,Defective
802204,527184,2024-01-17 10:52:19,WRONG ITEM
802205,506551,2022-06-07 19:49:48,nan
802206,535449,2023-10-08 20:04:24,WRONG ITEM
802207,534648,2022-12-03 19:34:08,nan
802208,515293,2022-09-11 15:38:49,Changed Mind
802209,546586,2022-01-02 01:47:51,Changed Mind
802210,516665,2022-11-16 14:26:33,WRONG ITEM
802211,503012,2023-11-16 21:07:33,Defective
802212,522612,2024-01-05 23:21:31,Defective
802213,543351,2024-05-27 13:34:40,nan
802214,518870,2024-10-11 06:31:22,nan
802215,521914,2022-02-14 23:36:41,Defective
802216,511130,2024-07-14 04:03:46,Defective
802217,516972,2023-02-21 16:43:16,nan
802218,514285,2023-06-20 04:46:08,defective
802219,547823,2024-07-28 10:52:27,Defective
802220,541925,2022-01-09 01:59:23,nan
802221,512393,2022-03-29 15:46:40,Changed Mind
802222,520162,2023-03-24 18:25:21,WRONG ITEM
802223,540360,2023-09-23 17:22:43,WRONG ITEM
802224,549679,2022-02-20 09:29:25,Wrong Item
802225,531500,2024-06-18 11:17:00,Wrong Item
802226,527366,2023-12-03 04:25:23,nan
802227,512315,2023-04-20 11:56:04,Wrong Item
802228,546243,2024-02-18 06:51:43,Defective
802229,515690,2022-10-25 05:06:33,Changed Mind
802230,532557,2023-03-18 02:19:31,Defective
802231,537410,2024-11-23 03:31:40,Wrong Item
802232,545228,2024-12-11 08:04:15,Defective
802233,544744,2023-10-04 02:05:59,Defective
802234,503506,2024-08-24 15:02:23,Defective
802235,549177,2024-04-24 09:13:30,nan
802236,528921,2022-04-14 13:27:55,Wrong Item
802237,514789,2022-12-13 08:20:09,Changed Mind
802238,540464,2023-09-26 06:42:34,nan
802239,517509,2023-03-10 14:36:12,defective
802240,545987,2024-09-16 07:42:06,Changed Mind
802241,539316,2024-03-22 00:11:55,WRONG ITEM
802242,530884,2023-10-20 14:05:40,Defective
802243,506340,2022-03-28 04:49:57,nan
802244,515177,2024-04-15 03:56:34,nan
802245,515844,2022-08-14 00:31:52,WRONG ITEM
802246,528357,2023-04-28 08:01:11,defective
802247,504285,2022-05-05 18:21:01,WRONG ITEM
802248,521793,2023-07-28 19:57:15,defective
802249,546738,2022-05-26 23:18:41,Changed Mind
802250,520278,2024-12-05 09:34:29,defective
802251,530238,2022-09-24 01:35:28,defective
802252,513738,2023-10-03 23:55:16,Changed Mind
802253,517795,2024-03-30 17:17:04,nan
802254,524989,2024-01-10 03:58:26,nan
802255,531058,2023-10-03 18:05:12,nan
802256,522657,2023-10-07 05:11:53,nan
802257,504479,2022-02-28 08:54:29,Changed Mind
802258,528131,2024-09-23 14:34:00,Changed Mind
802259,525247,2024-03-01 06:38:28,WRONG ITEM
802260,522732,2024-06-10 05:56:39,Defective
802261,545004,2022-08-04 11:13:38,Changed Mind
802262,538072,2023-07-09 07:40:46,nan
802263,510735,2023-10-09 05:21:32,defective
802264,510836,2023-12-01 16:20:46,Defective
802265,510783,2022-02-07 21:21:21,defective
802266,532477,2022-06-04 14:40:32,nan
802267,522284,2022-05-05 23:52:19,Wrong Item
802268,504311,2023-08-25 23:35:08,WRONG ITEM
802269,540004,2024-03-24 15:03:35,nan
802270,538232,2024-02-03 12:01:49,Defective
802271,516041,2024-11-02 11:28:16,Wrong Item
802272,535640,2022-07-12 06:57:05,Changed Mind
802273,521100,2023-07-12 11:39:45,Defective
802274,535467,2023-01-25 18:01:21,Wrong Item
802275,549950,2024-07-20 00:18:47,nan
802276,502473,2022-02-02 00:02:17,nan
802277,529503,2022-09-13 18:18:53,WRONG ITEM
802278,536622,2023-09-29 08:53:35,Defective
802279,525240,2024-03-12 04:06:32,WRONG ITEM
802280,524944,2023-03-22 01:27:23,Changed Mind
802281,540499,2023-03-13 10:10:14,Changed Mind
802282,548520,2024-08-25 09:54:55,Defective
802283,535174,2024-07-12 07:46:27,Changed Mind
802284,522277,2023-10-17 11:08:01,Changed Mind
802285,546637,2022-07-20 22:45:33,Defective
802286,546774,2022-09-03 04:32:43,nan
802287,540543,2022-05-19 15:59:39,WRONG ITEM
802288,545426,2024-11-16 22:57:45,Wrong Item
802289,527382,2024-09-18 18:24:43,WRONG ITEM
802290,500440,2024-02-13 09:25:47,nan
802291,535967,2023-08-20 21:40:26,defective
802292,530433,2022-12-20 12:02:51,Defective
802293,515281,2023-04-08 23:06:58,WRONG ITEM
802294,502084,2024-10-21 18:28:38,Wrong Item
802295,506910,2023-08-16 04:13:25,Wrong Item
802296,506042,2023-04-24 01:05:14,Changed Mind
802297,538669,2023-12-01 05:41:37,defective
802298,539608,2024-02-02 17:02:27,nan
802299,504574,2024-01-14 17:27:31,defective
802300,508279,2022-11-29 12:26:27,Wrong Item
802301,508492,2022-08-09 18:41:24,defective
802302,515071,2024-07-21 08:01:24,WRONG ITEM
802303,533867,2022-03-11 23:24:07,nan
802304,509260,2022-08-13 01:22:13,nan
802305,542901,2024-11-25 10:51:17,Changed Mind
802306,520173,2023-03-21 14:15:53,Wrong Item
802307,542842,2024-07-11 08:01:32,WRONG ITEM
802308,508142,2024-07-22 05:40:43,Changed Mind
802309,519383,2023-05-16 09:53:42,Wrong Item
802310,500739,2024-10-14 00:37:32,WRONG ITEM
802311,531729,2024-09-05 04:20:10,WRONG ITEM
802312,535482,2023-02-12 13:20:48,defective
802313,545118,2023-09-20 22:51:07,Changed Mind
802314,525711,2024-09-02 09:04:52,Changed Mind
802315,502122,2022-10-07 11:48:47,nan
802316,513099,2022-09-08 16:00:04,nan
802317,532673,2022-10-21 13:37:43,Defective
802318,542939,2022-07-14 06:49:50,Wrong Item
802319,506193,2022-10-30 20:23:24,WRONG ITEM
802320,534531,2024-04-23 13:54:49,Wrong Item
802321,510238,2024-08-13 13:25:48,WRONG ITEM
802322,545196,2024-05-31 17:31:40,Wrong Item
802323,521328,2023-01-09 05:47:48,WRONG ITEM
802324,526080,2022-04-18 19:59:04,Defective
802325,521656,2022-05-04 22:55:56,Wrong Item
802326,521534,2022-01-17 19:20:53,defective
802327,524138,2024-07-04 04:44:52,defective
802328,518885,2024-01-13 13:16:10,defective
802329,535345,2024-10-01 04:50:05,Wrong Item
802330,511834,2024-10-20 14:48:59,nan
802331,540011,2022-09-24 18:18:24,Defective
802332,511881,2022-07-31 05:41:27,Wrong Item
802333,548399,2023-12-18 22:10:06,WRONG ITEM
802334,504251,2022-11-15 01:08:49,nan
802335,501976,2024-06-04 19:32:07,Wrong Item
802336,527766,2022-03-23 02:42:48,Wrong Item
802337,529390,2024-06-30 22:30:54,defective
802338,527171,2023-06-30 12:06:35,nan
802339,513816,2022-09-04 02:57:48,WRONG ITEM
802340,549752,2024-12-27 01:51:12,nan
802341,525314,2023-09-10 08:35:20,Changed Mind
802342,506674,2023-08-29 05:49:46,WRONG ITEM
802343,537865,2022-07-03 05:15:56,Wrong Item
802344,510254,2023-04-14 13:22:24,Changed Mind
802345,511927,2022-07-21 18:50:42,nan
802346,536332,2024-11-08 14:02:03,Changed Mind
802347,522298,2024-04-28 10:02:15,Defective
802348,504248,2023-09-17 16:52:56,WRONG ITEM
802349,519146,2024-06-24 13:13:34,Wrong Item
802350,512461,2024-12-03 04:17:21,Changed Mind
802351,516164,2022-11-25 17:54:06,Wrong Item
802352,535467,2024-01-18 11:33:39,Wrong Item
802353,548686,2022-01-11 22:09:02,Defective
802354,523697,2023-08-18 09:34:08,Changed Mind
802355,544909,2023-10-24 03:07:28,Wrong Item
802356,547065,2023-07-17 13:36:57,Defective
802357,530502,2023-09-14 11:43:25,Defective
802358,515416,2023-07-23 03:19:32,WRONG ITEM
802359,539388,2024-08-27 10:23:31,WRONG ITEM
802360,519074,2024-07-11 02:01:47,defective
802361,537767,2024-05-26 07:37:53,nan
802362,502364,2023-08-30 06:47:03,Defective
802363,522943,2024-04-19 03:21:23,WRONG ITEM
802364,529375,2023-10-22 23:06:31,defective
802365,545504,2022-11-11 23:52:15,Changed Mind
802366,510773,2024-05-23 22:42:26,Wrong Item
802367,515075,2022-07-25 19:17:37,nan
802368,506050,2023-05-29 08:05:20,Defective
802369,506808,2023-09-27 10:39:11,Defective
802370,530661,2022-04-03 00:58:14,Defective
802371,517863,2023-04-04 07:45:18,Changed Mind
802372,504367,2023-02-02 20:40:28,defective
802373,530598,2022-05-18 14:06:53,WRONG ITEM
802374,526942,2024-02-10 21:09:32,defective
802375,537036,2024-05-04 16:46:14,Changed Mind
802376,539838,2023-05-30 10:00:31,Changed Mind
802377,536348,2024-07-25 16:45:37,Defective
802378,539182,2024-01-16 00:53:44,defective
802379,546327,2022-09-30 13:51:04,WRONG ITEM
802380,533791,2022-08-02 12:42:00,Wrong Item
802381,544391,2024-04-01 19:38:44,nan
802382,529328,2024-05-13 14:41:30,Changed Mind
802383,517781,2024-09-25 03:23:33,Defective
802384,507466,2022-08-25 21:30:54,defective
802385,531266,2024-05-18 20:54:36,Defective
802386,523938,2022-07-08 21:39:56,defective
802387,534776,2024-01-22 03:40:39,defective
802388,526237,2022-05-15 21:46:56,defective
802389,549041,2024-02-02 16:07:55,Changed Mind
802390,516310,2022-03-15 07:56:42,nan
802391,532293,2023-08-03 04:02:27,defective
802392,528595,2022-07-19 06:46:18,Defective
802393,513249,2023-11-01 10:25:33,Wrong Item
802394,516760,2023-10-21 07:09:47,Defective
802395,541854,2023-03-29 05:33:39,nan
802396,521192,2023-01-07 12:15:47,Changed Mind
802397,501229,2022-02-14 08:15:05,nan
802398,501862,2022-10-31 17:19:14,nan
802399,528923,2024-08-28 05:25:46,WRONG ITEM
802400,500525,2023-11-26 23:46:15,Defective
802401,515830,2022-11-08 02:46:42,Wrong Item
802402,503466,2023-01-15 21:02:30,Defective
802403,525601,2024-02-04 20:30:10,Defective
802404,507031,2024-10-30 00:58:53,Wrong Item
802405,528837,2023-05-21 18:09:15,Wrong Item
802406,541226,2024-12-11 10:06:43,nan
802407,502660,2022-03-01 16:15:11,Changed Mind
802408,500662,2024-12-01 14:50:02,Changed Mind
802409,503279,2023-01-09 02:20:29,nan
802410,521298,2024-12-09 18:50:29,defective
802411,518725,2024-03-13 12:37:19,nan
802412,516666,2023-05-24 06:55:27,defective
802413,548787,2023-11-13 20:58:11,Changed Mind
802414,528573,2022-01-24 09:36:15,Defective
802415,515791,2023-02-16 00:20:49,Wrong Item
802416,510021,2024-01-14 04:08:08,Defective
802417,528151,2023-03-31 22:57:15,defective
802418,518880,2022-01-16 04:37:50,WRONG ITEM
802419,539657,2024-06-30 01:14:30,WRONG ITEM
802420,545825,2022-01-18 12:04:27,nan
802421,509670,2024-02-17 05:31:05,nan
802422,529515,2023-06-26 21:11:07,nan
802423,537875,2023-10-25 20:45:55,WRONG ITEM
802424,536055,2023-12-17 16:06:13,Changed Mind
802425,504223,2023-05-03 01:59:26,Changed Mind
802426,502611,2024-12-06 11:24:07,Wrong Item
802427,546809,2024-08-07 11:49:03,nan
802428,502511,2022-03-02 13:10:42,WRONG ITEM
802429,507163,2023-10-25 02:15:28,Changed Mind
802430,503282,2023-12-23 10:56:17,Defective
802431,530840,2022-05-07 01:08:27,Wrong Item
802432,539029,2024-01-13 18:36:29,defective
802433,531172,2023-09-07 12:54:46,Defective
802434,546666,2023-05-30 19:40:18,Wrong Item
802435,502199,2023-08-15 19:34:31,Changed Mind
802436,515914,2022-09-21 20:39:10,Wrong Item
802437,537344,2024-03-06 19:17:07,Defective
802438,503574,2022-01-17 09:53:24,Defective
802439,520261,2024-05-10 16:42:02,Wrong Item
802440,514607,2023-04-06 04:06:32,Wrong Item
802441,525915,2022-12-18 00:31:39,WRONG ITEM
802442,532202,2023-04-09 15:26:29,Wrong Item
802443,506156,2023-05-18 18:55:29,defective
802444,503780,2024-06-29 22:14:31,WRONG ITEM
802445,539637,2022-02-25 08:10:48,Changed Mind
802446,521997,2023-08-03 14:28:10,Defective
802447,520083,2022-06-14 17:07:49,Defective
802448,535004,2023-12-26 13:25:32,WRONG ITEM
802449,533838,2022-12-27 19:36:15,WRONG ITEM
802450,525768,2024-01-09 03:13:39,defective
802451,527433,2022-04-05 09:28:10,WRONG ITEM
802452,547407,2024-01-06 11:50:36,defective
802453,522392,2024-02-04 23:33:43,Changed Mind
802454,506466,2022-07-21 00:57:40,defective
802455,548459,2024-01-04 16:31:00,WRONG ITEM
802456,524264,2024-09-19 16:26:43,nan
802457,500940,2024-06-18 12:04:42,defective
802458,507558,2022-09-20 04:32:04,nan
802459,528699,2022-11-15 11:24:55,Wrong Item
802460,525761,2022-03-08 16:37:39,defective
802461,541520,2022-07-31 20:31:44,defective
802462,501017,2024-07-02 10:10:16,Wrong Item
802463,545471,2022-11-13 13:53:34,Defective
802464,510803,2022-07-24 20:53:45,Changed Mind
802465,516824,2022-10-01 16:16:29,Changed Mind
802466,541140,2024-02-22 18:56:09,WRONG ITEM
802467,535588,2024-05-09 00:52:53,Wrong Item
802468,540231,2022-03-27 00:16:38,Changed Mind
802469,541601,2022-03-28 20:30:33,defective
802470,516756,2023-08-23 20:08:45,Wrong Item
802471,502878,2023-06-30 11:44:42,defective
802472,505058,2023-01-16 21:24:21,defective
802473,507788,2024-12-02 05:04:25,Defective
802474,502234,2024-04-30 16:55:11,WRONG ITEM
802475,532022,2022-09-30 01:39:58,WRONG ITEM
802476,521632,2022-09-02 08:00:34,Wrong Item
802477,507610,2024-12-15 00:10:05,defective
802478,541506,2024-03-15 21:23:46,Defective
802479,547614,2022-05-20 16:26:40,nan
802480,517304,2022-10-06 04:00:43,Defective
802481,501684,2022-01-16 20:27:44,WRONG ITEM
802482,528549,2023-06-25 10:46:03,Changed Mind
802483,528691,2023-06-21 07:32:16,nan
802484,533042,2024-12-27 04:55:03,Changed Mind
802485,509845,2024-10-22 04:43:06,Changed Mind
802486,515392,2024-04-19 11:33:25,nan
802487,546040,2022-01-11 23:57:01,Changed Mind
802488,520907,2023-11-20 19:59:44,defective
802489,547162,2024-06-29 17:19:29,Changed Mind
802490,545381,2022-04-30 08:30:20,Changed Mind
802491,521689,2022-02-13 02:52:50,Defective
802492,544841,2024-01-20 23:04:06,WRONG ITEM
802493,547928,2024-05-02 23:08:01,Wrong Item
802494,527039,2024-09-09 16:20:38,Changed Mind
802495,530206,2022-08-30 05:02:12,nan
802496,508265,2023-10-24 22:24:06,WRONG ITEM
802497,511218,2023-03-03 12:16:54,Defective
802498,541276,2023-05-02 09:11:19,WRONG ITEM
802499,507802,2023-03-31 22:19:48,Wrong Item
802500,503867,2024-11-16 19:33:02,Defective
802501,549639,2022-09-29 01:07:54,Defective
802502,516307,2024-12-08 02:37:07,Defective
802503,502159,2024-10-16 11:54:37,Changed Mind
802504,530112,2024-07-25 12:10:58,defective
802505,521451,2024-01-25 00:34:10,Defective
802506,516411,2024-11-13 16:46:55,Wrong Item
802507,534869,2022-06-05 03:45:28,nan
802508,512100,2023-09-08 21:26:40,Defective
802509,524716,2024-03-20 10:07:37,nan
802510,526041,2023-02-14 19:26:43,nan
802511,518760,2023-09-13 11:50:24,nan
802512,545322,2022-12-09 17:43:05,nan
802513,534651,2022-05-01 18:23:26,defective
802514,524668,2023-11-29 21:32:23,nan
802515,502815,2023-11-09 18:22:05,defective
802516,512771,2023-01-29 05:56:07,WRONG ITEM
802517,543944,2024-02-13 18:32:35,Defective
802518,543322,2024-09-23 21:40:34,Changed Mind
802519,519474,2023-08-31 10:18:16,Defective
802520,533918,2023-04-09 13:06:42,defective
802521,519215,2022-06-05 07:00:40,nan
802522,507214,2024-03-10 16:18:34,nan
802523,525381,2022-07-08 00:43:15,defective
802524,502997,2022-11-20 18:53:04,Wrong Item
802525,505177,2023-09-25 21:41:41,Wrong Item
802526,529720,2024-01-08 22:47:08,nan
802527,502329,2023-05-26 15:28:04,WRONG ITEM
802528,518642,2024-03-06 15:26:53,WRONG ITEM
802529,526618,2023-01-08 10:26:02,Defective
802530,530652,2024-10-10 06:41:47,Defective
802531,528706,2022-09-16 19:36:38,Wrong Item
802532,544714,2023-01-17 01:48:51,nan
802533,531349,2022-02-27 08:32:39,defective
802534,549080,2024-11-22 00:14:36,WRONG ITEM
802535,512917,2024-05-22 05:16:45,Wrong Item
802536,518560,2022-09-18 01:51:50,Wrong Item
802537,518588,2023-09-30 23:02:40,WRONG ITEM
802538,531299,2024-06-26 20:48:33,Changed Mind
802539,534509,2024-06-26 07:45:54,nan
802540,509013,2023-09-07 04:57:15,defective
802541,523175,2022-01-19 05:30:38,nan
802542,538806,2024-02-02 13:24:03,nan
802543,536819,2023-06-18 21:51:52,Defective
802544,537176,2022-09-08 10:52:28,nan
802545,514172,2022-03-26 21:44:47,nan
802546,508834,2022-11-30 20:24:27,WRONG ITEM
802547,507355,2023-04-06 23:29:10,Changed Mind
802548,532196,2024-06-18 17:16:19,WRONG ITEM
802549,522896,2022-11-06 22:54:55,Defective
802550,528389,2023-05-12 04:31:35,Defective
802551,501619,2024-08-13 08:52:54,WRONG ITEM
802552,539426,2024-10-16 08:32:06,nan
802553,544710,2024-09-17 16:58:48,Wrong Item
802554,542848,2023-10-17 21:24:51,Changed Mind
802555,519473,2022-01-11 18:07:22,nan
802556,505224,2022-09-27 04:06:32,nan
802557,509595,2022-04-29 13:54:19,defective
802558,510103,2024-07-05 14:55:55,defective
802559,538425,2022-06-14 15:45:41,nan
802560,537770,2023-02-23 14:04:52,Defective
802561,532149,2022-06-10 13:04:35,nan
802562,534165,2024-06-09 15:00:33,Defective
802563,500203,2023-08-06 14:14:15,Defective
802564,531724,2024-02-05 05:30:58,nan
802565,546510,2024-09-27 07:49:45,defective
802566,525377,2023-05-05 01:11:54,Defective
802567,535103,2022-05-16 01:19:51,nan
802568,542689,2023-05-11 02:31:08,nan
802569,515721,2024-03-19 04:56:20,Wrong Item
802570,540574,2024-10-29 03:00:08,WRONG ITEM
802571,509503,2024-06-12 21:27:39,defective
802572,544864,2024-08-08 15:47:50,WRONG ITEM
802573,545733,2023-04-16 03:04:30,nan
802574,527029,2023-04-09 09:37:43,WRONG ITEM
802575,537588,2024-11-29 19:27:54,Defective
802576,512998,2022-11-10 22:16:32,Wrong Item
802577,510795,2024-03-07 20:14:35,Defective
802578,536436,2024-07-03 02:31:34,defective
802579,523916,2024-08-06 23:09:28,WRONG ITEM
802580,511075,2023-02-18 19:24:25,nan
802581,517381,2023-02-16 23:34:44,Wrong Item
802582,511099,2024-10-03 06:45:00,Wrong Item
802583,537580,2022-10-10 19:29:20,WRONG ITEM
802584,543146,2022-05-05 05:40:29,nan
802585,523771,2022-09-28 18:57:48,Defective
802586,518244,2024-09-04 15:23:57,nan
802587,523674,2022-06-29 17:58:53,Defective
802588,501794,2023-09-07 19:22:30,Defective
802589,548635,2022-01-06 15:22:39,WRONG ITEM
802590,543693,2024-02-10 18:44:41,Defective
802591,534852,2023-06-30 00:05:21,defective
802592,522563,2022-11-27 02:51:32,Defective
802593,512623,2024-08-05 18:40:37,WRONG ITEM
802594,520192,2024-09-29 23:41:46,WRONG ITEM
802595,511801,2022-11-08 12:42:14,nan
802596,517703,2023-03-24 00:58:44,Changed Mind
802597,539290,2023-07-23 00:37:49,WRONG ITEM
802598,545818,2022-08-12 22:19:21,Wrong Item
802599,515334,2023-09-07 00:06:52,nan
802600,500354,2024-01-06 13:56:59,WRONG ITEM
802601,528998,2024-11-30 03:48:59,Changed Mind
802602,523204,2023-04-20 11:30:57,defective
802603,512094,2023-06-28 02:16:12,Defective
802604,539489,2023-08-25 18:34:31,Changed Mind
802605,519629,2022-03-28 19:40:23,Defective
802606,513974,2022-02-15 11:13:37,Defective
802607,541272,2022-10-31 00:05:26,WRONG ITEM
802608,546935,2024-01-30 06:47:56,WRONG ITEM
802609,511640,2024-05-28 04:35:10,Defective
802610,536899,2024-10-03 13:47:27,WRONG ITEM
802611,545384,2022-07-01 14:10:41,Wrong Item
802612,502962,2022-03-02 07:20:29,Changed Mind
802613,512924,2024-04-29 07:39:37,Wrong Item
802614,521114,2022-07-07 10:08:51,Wrong Item
802615,525796,2024-03-17 08:21:23,Defective
802616,547196,2022-03-24 08:19:17,Wrong Item
802617,509229,2024-07-07 12:35:40,Defective
802618,518622,2024-11-07 21:50:25,defective
802619,526419,2024-08-16 13:51:31,Changed Mind
802620,532501,2023-12-24 02:09:37,nan
802621,545436,2023-05-25 17:15:11,defective
802622,537564,2022-04-25 01:44:08,defective
802623,537409,2023-03-27 10:53:38,defective
802624,540942,2023-01-15 18:55:53,WRONG ITEM
802625,521947,2023-06-11 12:34:46,Wrong Item
802626,541044,2023-11-14 05:15:39,WRONG ITEM
802627,535334,2024-02-04 15:13:29,WRONG ITEM
802628,543015,2024-05-08 22:09:10,WRONG ITEM
802629,534820,2022-02-04 23:56:20,Defective
802630,506858,2023-09-17 15:27:31,defective
802631,534208,2022-11-03 16:52:00,defective
802632,530020,2022-08-12 13:57:08,nan
802633,534686,2024-11-08 10:13:32,Wrong Item
802634,546638,2024-07-21 12:17:28,WRONG ITEM
802635,514091,2024-09-02 19:43:10,WRONG ITEM
802636,536906,2023-02-17 06:43:18,defective
802637,523522,2023-08-05 21:36:21,WRONG ITEM
802638,504571,2024-03-18 02:25:22,Changed Mind
802639,507214,2023-03-09 02:35:16,nan
802640,546342,2024-12-21 14:26:24,nan
802641,508777,2022-04-08 11:38:13,Changed Mind
802642,521326,2023-04-11 15:43:09,defective
802643,528742,2022-12-23 12:54:52,Wrong Item
802644,533488,2022-01-21 13:22:55,defective
802645,544803,2022-07-22 12:27:43,nan
802646,540971,2024-01-04 18:10:23,Changed Mind
802647,507583,2022-07-01 14:27:19,Changed Mind
802648,522763,2023-05-28 11:18:29,Wrong Item
802649,544841,2024-03-23 01:00:33,nan
802650,505640,2024-01-16 20:50:31,WRONG ITEM
802651,503663,2024-05-05 16:01:46,Wrong Item
802652,531689,2022-11-15 02:50:00,Changed Mind
802653,518576,2022-11-16 20:02:37,WRONG ITEM
802654,504787,2024-04-19 09:42:28,WRONG ITEM
802655,509992,2024-10-29 14:52:13,defective
802656,546712,2023-11-26 06:06:55,Wrong Item
802657,541232,2022-12-26 18:00:32,Defective
802658,505887,2024-09-30 15:22:01,Changed Mind
802659,536817,2023-10-10 20:30:49,Changed Mind
802660,544804,2023-02-22 11:13:05,Changed Mind
802661,526016,2024-01-09 02:37:56,defective
802662,518325,2024-10-12 00:55:35,WRONG ITEM
802663,501612,2024-11-30 23:22:59,nan
802664,548556,2022-10-10 11:01:08,nan
802665,544395,2024-06-28 23:41:10,nan
802666,544761,2024-01-04 13:40:26,Wrong Item
802667,537196,2024-09-10 09:26:36,Defective
802668,547707,2024-08-22 17:58:54,defective
802669,523223,2024-06-08 23:20:58,Changed Mind
802670,508779,2024-03-20 23:12:26,Wrong Item
802671,518605,2022-05-02 03:59:45,Wrong Item
802672,540858,2024-02-25 16:11:05,defective
802673,509893,2023-03-13 04:10:46,WRONG ITEM
802674,537512,2024-12-16 17:26:39,defective
802675,523206,2022-10-02 15:56:05,nan
802676,511486,2024-03-23 15:10:57,Changed Mind
802677,522426,2023-07-24 03:58:48,WRONG ITEM
802678,505999,2022-07-15 14:59:46,Changed Mind
802679,511108,2023-07-06 21:01:13,Wrong Item
802680,533443,2023-04-23 03:27:36,Defective
802681,538279,2024-06-03 16:33:52,WRONG ITEM
802682,547864,2024-10-04 04:25:53,WRONG ITEM
802683,525762,2023-05-20 21:07:59,Changed Mind
802684,506712,2023-12-13 11:03:30,defective
802685,525853,2024-04-22 19:13:40,WRONG ITEM
802686,518306,2022-03-11 15:05:22,nan
802687,525243,2023-01-02 13:08:07,Changed Mind
802688,543745,2024-01-14 11:45:53,Changed Mind
802689,512517,2022-10-16 08:49:02,nan
802690,522288,2023-04-18 02:48:09,Wrong Item
802691,532472,2024-11-26 22:41:47,defective
802692,541469,2023-06-04 09:02:05,Changed Mind
802693,547020,2023-04-11 03:58:55,defective
802694,515877,2024-04-06 14:21:05,Wrong Item
802695,532593,2024-03-25 03:14:50,Wrong Item
802696,518528,2022-09-08 18:10:36,defective
802697,503559,2022-06-01 03:08:08,Wrong Item
802698,501914,2022-12-06 06:53:49,defective
802699,512147,2022-10-10 14:57:56,nan
802700,524829,2022-11-07 20:27:32,Wrong Item
802701,509527,2022-05-26 11:32:01,defective
802702,516166,2024-05-21 05:17:17,WRONG ITEM
802703,527778,2023-10-16 13:50:45,Wrong Item
802704,517141,2023-10-31 16:39:10,Wrong Item
802705,538713,2022-11-21 17:35:54,defective
802706,529439,2023-05-02 09:53:43,WRONG ITEM
802707,534589,2023-04-29 17:19:43,Defective
802708,548419,2024-10-11 08:35:26,defective
802709,535287,2022-05-15 17:25:47,Changed Mind
802710,541419,2023-12-25 02:07:11,nan
802711,531067,2024-09-26 23:13:05,Wrong Item
802712,548269,2022-08-29 08:12:20,Changed Mind
802713,546647,2024-11-26 02:11:26,defective
802714,501312,2022-02-18 16:57:42,defective
802715,535076,2023-02-25 00:32:05,defective
802716,536953,2024-06-02 14:11:28,Changed Mind
802717,531149,2022-02-26 11:26:52,nan
802718,546892,2023-03-08 22:06:00,defective
802719,519127,2024-06-22 02:47:39,Changed Mind
802720,539187,2023-02-10 04:37:16,Wrong Item
802721,537927,2023-11-14 00:50:45,nan
802722,528984,2022-08-14 07:07:21,nan
802723,502331,2023-01-11 12:41:35,Wrong Item
802724,534007,2024-03-14 14:23:09,Changed Mind
802725,509460,2022-03-12 03:32:18,WRONG ITEM
802726,541700,2024-03-08 22:40:27,WRONG ITEM
802727,532236,2022-02-18 21:17:15,nan
802728,542774,2024-09-20 16:39:39,WRONG ITEM
802729,534493,2023-05-24 10:37:28,Changed Mind
802730,529389,2024-03-01 23:14:12,Changed Mind
802731,523160,2022-09-28 15:51:16,defective
802732,538290,2023-03-14 22:36:11,Wrong Item
802733,547764,2022-04-06 07:22:02,nan
802734,538514,2022-07-13 14:30:39,WRONG ITEM
802735,501250,2024-04-19 18:06:14,Changed Mind
802736,518812,2022-09-24 15:19:30,nan
802737,537339,2022-08-08 09:11:34,nan
802738,531605,2023-05-23 00:11:49,defective
802739,523536,2022-11-13 19:46:03,WRONG ITEM
802740,539844,2023-02-19 06:40:45,Changed Mind
802741,500550,2023-06-05 13:06:44,Defective
802742,533830,2022-08-30 06:52:03,Changed Mind
802743,525234,2022-09-24 16:58:07,Changed Mind
802744,503388,2023-02-27 21:43:58,nan
802745,503047,2024-08-27 11:41:13,nan
802746,505532,2022-05-25 20:34:02,Wrong Item
802747,511517,2024-08-25 01:38:25,Changed Mind
802748,545875,2024-09-30 18:22:22,WRONG ITEM
802749,544923,2024-01-04 04:04:37,Changed Mind
802750,513990,2024-05-13 19:22:57,Defective
802751,544864,2022-07-02 14:13:09,nan
802752,539096,2024-02-08 23:12:55,Changed Mind
802753,538459,2023-10-29 20:50:12,nan
802754,530593,2022-07-21 04:05:08,Wrong Item
802755,524755,2022-07-23 09:05:41,Defective
802756,538966,2024-02-29 03:34:09,Defective
802757,506656,2022-04-04 11:43:27,Changed Mind
802758,506311,2024-10-24 00:10:33,Defective
802759,513369,2023-12-11 23:23:12,WRONG ITEM
802760,524795,2024-08-05 07:56:05,nan
802761,504510,2022-03-23 23:58:33,Wrong Item
802762,540887,2022-03-07 21:53:05,nan
802763,514041,2023-07-18 00:22:22,nan
802764,548492,2024-09-18 19:45:03,nan
802765,525816,2022-08-11 11:09:58,Defective
802766,501735,2022-06-30 09:48:28,nan
802767,505099,2024-01-06 12:01:04,defective
802768,541409,2022-11-27 06:23:46,nan
802769,523993,2023-05-17 00:14:23,nan
802770,510720,2023-02-21 15:02:59,defective
802771,526631,2024-09-11 17:54:47,defective
802772,513214,2022-05-02 12:35:16,nan
802773,527928,2024-10-06 01:49:56,nan
802774,545270,2022-04-09 10:05:07,defective
802775,534118,2022-12-21 19:47:34,Defective
802776,543594,2022-09-28 10:33:41,Changed Mind
802777,517287,2024-03-22 02:50:13,WRONG ITEM
802778,515797,2023-08-24 01:38:44,defective
802779,517091,2022-07-07 03:59:18,nan
802780,501462,2023-07-05 10:15:32,WRONG ITEM
802781,506335,2022-10-31 19:20:28,WRONG ITEM
802782,520146,2023-03-17 22:18:31,Wrong Item
802783,501504,2024-07-21 07:31:44,Changed Mind
802784,538049,2022-01-16 12:58:39,defective
802785,541069,2024-04-11 11:53:28,Defective
802786,548354,2022-10-06 13:39:19,nan
802787,519210,2023-01-28 15:33:29,Wrong Item
802788,509121,2022-10-14 05:35:31,nan
802789,516044,2024-05-20 07:23:16,defective
802790,524395,2022-11-06 16:51:36,Changed Mind
802791,523675,2023-08-22 03:51:39,Defective
802792,547322,2023-07-12 01:53:29,Defective
802793,542405,2023-09-20 08:25:40,nan
802794,525725,2024-12-24 04:07:21,defective
802795,534231,2022-11-28 08:59:27,nan
802796,513033,2023-06-02 11:58:48,Changed Mind
802797,532500,2024-12-19 23:28:14,nan
802798,519455,2022-02-25 15:03:42,Defective
802799,541853,2023-07-20 21:23:56,Changed Mind
802800,506797,2022-11-01 04:26:28,nan
802801,548985,2024-01-15 21:58:39,WRONG ITEM
802802,524453,2024-06-10 09:49:25,Wrong Item
802803,516190,2023-02-12 20:48:23,Defective
802804,530096,2022-12-02 20:34:50,Changed Mind
802805,530890,2023-12-20 00:27:52,Wrong Item
802806,548146,2023-11-18 03:49:26,Wrong Item
802807,548153,2022-01-11 05:50:33,Defective
802808,548438,2022-02-07 01:22:54,Wrong Item
802809,530010,2024-11-01 13:58:18,nan
802810,513643,2022-10-10 22:07:11,Wrong Item
802811,512260,2024-02-24 01:30:35,Changed Mind
802812,549146,2022-06-27 02:06:54,defective
802813,549732,2022-09-02 12:07:56,Wrong Item
802814,524859,2022-06-19 14:26:18,Wrong Item
802815,523786,2023-02-04 09:07:41,WRONG ITEM
802816,531739,2022-04-27 05:45:51,Changed Mind
802817,538969,2023-10-18 04:30:36,WRONG ITEM
802818,548506,2022-01-14 03:44:55,nan
802819,504107,2022-09-15 09:02:32,WRONG ITEM
802820,505612,2024-10-07 15:29:22,nan
802821,515393,2022-04-07 04:18:22,Changed Mind
802822,506122,2024-08-24 02:53:13,nan
802823,501993,2024-02-16 22:28:22,nan
802824,546893,2024-10-21 19:04:13,nan
802825,513543,2024-02-20 04:38:16,Changed Mind
802826,510640,2024-12-21 23:23:13,defective
802827,539736,2022-07-19 18:31:00,nan
802828,505964,2023-11-12 09:30:49,Wrong Item
802829,542303,2023-11-30 03:41:56,Defective
802830,520312,2022-04-14 21:18:47,nan
802831,528981,2022-05-28 12:53:57,Changed Mind
802832,542035,2024-03-06 05:38:47,WRONG ITEM
802833,531907,2023-09-21 09:04:30,Wrong Item
802834,544667,2023-08-08 12:54:43,WRONG ITEM
802835,538126,2022-03-11 16:58:13,defective
802836,505805,2022-12-09 21:15:19,Defective
802837,518446,2022-01-08 04:25:54,Wrong Item
802838,533292,2022-09-07 05:14:03,Wrong Item
802839,508638,2023-02-24 07:01:06,nan
802840,519598,2024-01-19 08:49:41,nan
802841,545424,2023-03-10 10:54:11,defective
802842,514117,2023-06-13 10:58:52,WRONG ITEM
802843,533775,2023-07-14 06:03:03,defective
802844,524089,2024-06-21 05:24:24,Changed Mind
802845,543919,2023-09-13 23:59:34,Defective
802846,547266,2024-01-25 07:30:28,WRONG ITEM
802847,537581,2024-09-23 07:05:27,Defective
802848,514189,2024-11-15 14:20:26,Changed Mind
802849,526115,2022-09-09 01:01:54,Defective
802850,522475,2023-07-09 07:02:36,Defective
802851,533316,2023-08-16 19:05:20,nan
802852,545950,2023-10-17 20:23:58,WRONG ITEM
802853,504531,2022-06-06 01:34:41,Changed Mind
802854,512500,2023-12-11 17:15:28,Defective
802855,510990,2022-01-14 18:21:27,defective
802856,542344,2022-02-23 14:08:51,defective
802857,548919,2024-08-19 02:32:07,WRONG ITEM
802858,512936,2022-10-10 05:20:02,Wrong Item
802859,533971,2024-03-07 00:29:09,Defective
802860,517543,2022-02-09 13:35:08,nan
802861,528120,2024-11-23 00:28:53,Wrong Item
802862,520184,2024-11-28 09:58:56,Changed Mind
802863,525135,2024-08-09 23:37:23,Defective
802864,538808,2022-06-03 12:51:21,Wrong Item
802865,504768,2022-03-30 00:42:13,nan
802866,529593,2023-12-08 14:41:12,defective
802867,514421,2023-07-20 22:58:30,nan
802868,534889,2022-07-28 14:42:39,nan
802869,512853,2024-10-31 18:33:52,Wrong Item
802870,513375,2024-07-13 01:16:19,Defective
802871,540608,2022-10-26 09:01:32,Wrong Item
802872,526297,2024-12-27 05:20:20,Defective
802873,519328,2024-03-19 23:08:06,defective
802874,514410,2023-04-01 21:03:48,WRONG ITEM
802875,515332,2022-02-19 07:38:49,defective
802876,512313,2023-09-22 09:39:08,Defective
802877,542598,2022-02-28 07:23:16,Changed Mind
802878,514028,2022-11-03 06:49:30,Defective
802879,538818,2024-07-19 21:15:06,WRONG ITEM
802880,542960,2024-06-12 05:26:00,defective
802881,531777,2023-11-27 16:32:19,WRONG ITEM
802882,536309,2022-03-05 06:16:35,Changed Mind
802883,519885,2024-12-11 15:41:26,Changed Mind
802884,525463,2022-08-02 15:40:52,Wrong Item
802885,508585,2022-10-10 16:44:17,Changed Mind
802886,514205,2022-12-08 07:22:42,nan
802887,540799,2022-02-02 23:34:37,Defective
802888,516039,2023-05-19 05:53:19,defective
802889,530982,2022-10-28 01:55:30,defective
802890,547115,2023-04-15 21:57:37,Changed Mind
802891,509174,2023-04-18 00:11:11,Changed Mind
802892,523772,2022-06-02 14:43:45,Changed Mind
802893,534362,2023-11-01 12:24:51,Defective
802894,537405,2023-12-01 22:47:10,WRONG ITEM
802895,531347,2022-07-09 03:30:23,Defective
802896,548029,2022-12-07 19:13:16,Changed Mind
802897,524165,2022-08-27 04:47:08,defective
802898,544727,2023-12-20 09:10:11,Wrong Item
802899,524692,2023-10-29 22:35:22,nan
802900,529378,2023-03-06 18:11:46,Changed Mind
802901,508446,2022-10-23 02:43:23,nan
802902,503404,2024-08-01 07:20:56,defective
802903,531462,2024-10-25 23:59:59,nan
802904,540833,2024-12-19 03:59:15,Changed Mind
802905,527830,2022-10-08 01:27:58,WRONG ITEM
802906,517670,2022-11-15 13:03:05,Changed Mind
802907,545402,2022-02-12 03:43:15,WRONG ITEM
802908,516988,2022-11-07 12:22:55,Changed Mind
802909,519649,2023-09-12 02:17:10,nan
802910,543038,2022-03-21 02:22:16,defective
802911,527440,2023-08-11 03:56:56,Changed Mind
802912,525579,2024-04-29 21:06:26,Defective
802913,549194,2023-03-23 13:15:26,nan
802914,537966,2023-06-11 19:15:33,Changed Mind
802915,500531,2023-10-03 05:39:18,WRONG ITEM
802916,503238,2022-01-17 01:09:21,Changed Mind
802917,532706,2023-03-05 07:09:14,nan
802918,547392,2022-03-18 19:17:19,WRONG ITEM
802919,520009,2023-12-12 11:33:33,WRONG ITEM
802920,515576,2024-09-18 20:17:19,nan
802921,520068,2023-01-15 16:07:06,WRONG ITEM
802922,511664,2024-09-26 13:42:54,nan
802923,532453,2024-07-07 18:11:28,Wrong Item
802924,503136,2024-11-22 01:19:47,nan
802925,546421,2022-02-16 11:40:15,defective
802926,511789,2023-10-15 12:01:38,Wrong Item
802927,520735,2024-01-29 11:45:44,Wrong Item
802928,516915,2023-01-19 00:40:44,nan
802929,518940,2024-07-08 06:56:50,Changed Mind
802930,528396,2022-03-11 20:15:51,WRONG ITEM
802931,538400,2023-02-07 19:44:02,WRONG ITEM
802932,539941,2024-11-03 11:25:51,WRONG ITEM
802933,541529,2022-06-18 13:15:04,nan
802934,515163,2024-04-18 08:40:31,Wrong Item
802935,539632,2022-09-28 22:25:15,defective
802936,537231,2024-04-12 11:58:00,defective
802937,530868,2024-10-14 12:41:31,defective
802938,518293,2022-10-20 06:23:18,Wrong Item
802939,507122,2024-04-17 23:36:20,Defective
802940,516131,2024-10-25 18:24:15,Defective
802941,511801,2022-02-09 16:02:30,Defective
802942,523005,2023-10-03 19:31:09,Changed Mind
802943,536177,2024-11-19 23:44:58,Changed Mind
802944,521347,2024-12-20 13:43:53,WRONG ITEM
802945,542802,2024-06-06 07:02:57,Wrong Item
802946,541716,2022-10-24 12:37:18,Wrong Item
802947,524967,2023-11-02 13:02:21,nan
802948,508995,2023-05-09 10:47:39,Wrong Item
802949,528776,2024-01-14 07:13:36,WRONG ITEM
802950,545268,2024-12-13 21:46:22,Wrong Item
802951,516834,2022-01-13 12:18:22,Defective
802952,518782,2023-04-03 14:26:44,Defective
802953,505897,2024-12-12 03:32:43,WRONG ITEM
802954,546225,2024-12-12 07:52:03,Wrong Item
802955,537266,2023-08-04 18:45:04,nan
802956,509583,2022-08-17 19:50:30,nan
802957,515527,2024-06-16 06:40:26,nan
802958,508059,2023-04-20 06:08:55,defective
802959,515368,2024-01-19 15:24:18,defective
802960,521229,2024-08-27 18:32:39,defective
802961,523240,2022-10-11 20:34:50,Changed Mind
802962,511529,2023-11-18 08:15:11,nan
802963,545017,2023-07-13 13:07:01,defective
802964,509844,2024-06-01 14:06:27,nan
802965,531436,2024-01-11 18:35:48,WRONG ITEM
802966,508386,2022-11-01 14:45:26,defective
802967,542730,2024-09-25 21:19:26,defective
802968,523136,2024-02-25 09:05:22,nan
802969,522959,2023-10-22 13:26:31,WRONG ITEM
802970,535752,2022-07-10 07:27:42,WRONG ITEM
802971,504726,2023-10-29 11:02:03,Defective
802972,521225,2024-12-12 00:08:52,Wrong Item
802973,533441,2023-06-13 15:41:48,defective
802974,535188,2023-01-31 04:20:52,defective
802975,542006,2023-08-18 14:49:19,defective
802976,536403,2024-11-03 12:32:11,Defective
802977,534999,2024-05-07 15:53:44,defective
802978,516546,2022-02-08 09:37:50,WRONG ITEM
802979,535166,2022-08-12 16:37:16,defective
802980,501045,2023-02-05 12:37:29,nan
802981,501604,2023-05-15 11:59:28,Changed Mind
802982,525486,2023-05-25 03:27:54,Defective
802983,541559,2023-05-05 11:40:20,Changed Mind
802984,543992,2023-09-28 19:57:54,WRONG ITEM
802985,503164,2024-10-20 22:55:53,WRONG ITEM
802986,513665,2022-09-18 12:31:15,Defective
802987,549735,2023-10-16 01:30:04,defective
802988,510933,2023-08-30 23:48:30,defective
802989,511425,2022-02-26 05:47:29,Wrong Item
802990,524351,2024-10-06 13:29:09,WRONG ITEM
802991,507170,2023-06-30 10:57:00,Defective
802992,513310,2024-09-29 04:35:03,Defective
802993,548379,2022-07-20 11:50:38,defective
802994,520221,2024-12-16 19:16:50,Changed Mind
802995,532382,2022-11-30 05:21:29,Wrong Item
802996,535156,2024-03-06 13:32:06,WRONG ITEM
802997,517847,2023-05-02 08:56:29,Defective
802998,536761,2022-01-24 11:06:20,Changed Mind
802999,537973,2022-01-03 23:05:03,Changed Mind
803000,504863,2023-02-26 09:58:30,WRONG ITEM
803001,528077,2023-11-14 05:57:34,WRONG ITEM
803002,510548,2023-04-02 11:46:31,Changed Mind
803003,549233,2023-09-08 10:59:37,defective
803004,503596,2022-10-16 13:59:57,defective
803005,505754,2024-06-28 08:42:53,WRONG ITEM
803006,519232,2024-06-29 05:12:06,Wrong Item
803007,511693,2024-09-04 02:06:18,nan
803008,531085,2023-04-20 21:17:56,nan
803009,536182,2023-03-17 12:55:50,WRONG ITEM
803010,530820,2022-04-10 06:53:28,WRONG ITEM
803011,534874,2024-12-20 19:12:34,Wrong Item
803012,505270,2024-04-15 16:49:34,nan
803013,512967,2022-09-28 20:05:09,WRONG ITEM
803014,542588,2022-04-27 01:51:47,Defective
803015,534583,2022-02-15 23:08:21,WRONG ITEM
803016,540980,2024-01-28 15:10:23,Wrong Item
803017,537067,2023-04-20 04:33:53,Changed Mind
803018,523157,2023-09-27 20:52:25,Changed Mind
803019,501894,2024-12-08 23:49:53,Wrong Item
803020,547725,2024-03-22 13:00:05,defective
803021,526594,2023-07-12 06:17:22,WRONG ITEM
803022,538648,2023-12-27 23:36:57,WRONG ITEM
803023,516314,2024-11-01 05:04:23,nan
803024,514481,2023-05-19 09:54:28,defective
803025,522744,2022-07-31 19:37:21,Defective
803026,510174,2023-02-21 05:21:40,WRONG ITEM
803027,518341,2022-10-19 09:55:41,Defective
803028,515075,2023-03-07 22:49:14,WRONG ITEM
803029,501159,2022-03-18 13:33:35,nan
803030,538225,2023-12-18 17:46:57,Defective
803031,545971,2022-04-23 16:00:08,defective
803032,527664,2023-05-08 10:55:03,nan
803033,503287,2023-10-06 01:07:56,WRONG ITEM
803034,523466,2023-12-25 14:58:38,WRONG ITEM
803035,539414,2022-07-17 07:34:10,nan
803036,543241,2024-12-09 20:14:33,Wrong Item
803037,527384,2024-09-06 11:59:34,Defective
803038,529437,2023-10-16 17:50:05,Changed Mind
803039,513065,2024-11-28 17:53:55,Defective
803040,523367,2022-04-12 07:10:20,nan
803041,548950,2024-08-13 18:51:13,Wrong Item
803042,537508,2023-09-28 20:26:29,Changed Mind
803043,517078,2022-08-03 10:23:29,WRONG ITEM
803044,532024,2022-03-21 06:45:30,WRONG ITEM
803045,543759,2023-09-22 22:00:33,Wrong Item
803046,527974,2022-03-30 14:40:54,nan
803047,541643,2023-10-04 02:46:38,nan
803048,517901,2022-03-07 08:49:14,WRONG ITEM
803049,500810,2024-07-26 17:29:46,nan
803050,538377,2022-01-25 18:14:09,nan
803051,513920,2022-02-08 20:36:01,Wrong Item
803052,529316,2023-07-22 20:15:43,WRONG ITEM
803053,509070,2022-02-17 05:09:05,Wrong Item
803054,505427,2022-09-13 16:17:33,Changed Mind
803055,522609,2022-08-08 16:55:40,WRONG ITEM
803056,514422,2022-03-28 20:54:03,defective
803057,514800,2024-10-07 02:47:19,nan
803058,541958,2024-09-30 10:30:44,Defective
803059,500441,2023-12-11 07:57:16,nan
803060,545375,2022-06-30 16:27:18,defective
803061,521851,2022-01-06 08:03:50,defective
803062,548898,2022-03-12 12:13:09,Changed Mind
803063,544615,2023-06-20 16:17:06,defective
803064,520621,2024-07-10 13:50:12,Wrong Item
803065,544933,2023-05-27 07:26:54,Defective
803066,548037,2023-09-25 21:14:03,WRONG ITEM
803067,524218,2022-04-24 22:08:48,nan
803068,521378,2022-08-26 03:40:23,Wrong Item
803069,512104,2024-01-18 11:49:45,Wrong Item
803070,528116,2024-02-29 23:03:28,WRONG ITEM
803071,511765,2023-03-26 17:48:36,Defective
803072,502438,2023-01-14 10:44:06,defective
803073,528054,2024-09-06 09:01:01,Defective
803074,517299,2022-02-28 15:09:48,Wrong Item
803075,519743,2022-05-18 05:22:03,Changed Mind
803076,537773,2022-02-20 21:44:34,defective
803077,535647,2023-08-15 15:08:58,Changed Mind
803078,549127,2022-09-11 16:21:21,WRONG ITEM
803079,516265,2023-01-29 18:19:12,defective
803080,514021,2023-10-31 13:15:57,WRONG ITEM
803081,505879,2024-02-16 05:15:31,Wrong Item
803082,501147,2023-04-01 09:09:04,Changed Mind
803083,545215,2024-07-23 23:51:28,Wrong Item
803084,518255,2024-05-24 02:12:06,Defective
803085,532783,2023-05-31 02:35:00,Changed Mind
803086,529985,2024-03-02 07:06:34,Changed Mind
803087,537504,2023-09-01 07:43:57,defective
803088,528781,2023-03-08 15:32:37,Defective
803089,509898,2022-03-22 21:06:13,Changed Mind
803090,502763,2023-02-02 06:48:57,Defective
803091,531899,2023-04-14 12:21:42,Changed Mind
803092,534567,2022-05-12 21:22:56,defective
803093,530408,2023-03-23 10:01:37,WRONG ITEM
803094,532952,2023-09-28 23:09:39,nan
803095,541215,2022-05-30 20:34:13,Changed Mind
803096,517550,2023-08-04 20:27:59,Changed Mind
803097,519924,2022-03-13 12:48:11,Wrong Item
803098,546884,2023-04-21 18:29:03,WRONG ITEM
803099,501870,2022-09-25 06:44:04,Defective
803100,508591,2023-05-10 06:31:27,defective
803101,541786,2024-02-04 23:37:10,WRONG ITEM
803102,541924,2022-05-19 01:50:57,Defective
803103,509965,2023-09-19 01:43:02,Defective
803104,535823,2022-12-23 19:59:28,Changed Mind
803105,508085,2022-03-29 07:59:23,defective
803106,502765,2023-04-24 08:39:37,defective
803107,535860,2023-05-13 06:02:28,Defective
803108,549985,2022-05-29 18:29:31,defective
803109,512374,2022-10-18 12:01:55,Changed Mind
803110,525728,2022-04-28 08:17:58,nan
803111,541443,2023-07-31 02:19:17,Defective
803112,523622,2022-03-14 14:11:40,defective
803113,548814,2023-07-17 23:59:38,Wrong Item
803114,530658,2022-03-07 13:55:11,Changed Mind
803115,526838,2024-09-28 03:09:48,Defective
803116,529391,2022-08-23 10:34:47,Wrong Item
803117,505619,2022-07-02 09:48:14,WRONG ITEM
803118,529696,2022-06-12 02:17:55,WRONG ITEM
803119,517973,2023-09-21 05:07:02,nan
803120,526702,2024-12-23 00:40:21,nan
803121,513073,2024-12-15 05:31:35,Defective
803122,518423,2022-06-13 03:56:23,Changed Mind
803123,534810,2024-11-27 17:06:23,WRONG ITEM
803124,549832,2022-03-14 03:11:56,Defective
803125,549137,2024-07-23 02:38:47,Wrong Item
803126,546898,2022-08-29 06:56:37,WRONG ITEM
803127,544583,2023-04-04 05:44:39,defective
803128,548158,2024-11-19 08:26:31,Defective
803129,525495,2022-12-10 08:44:52,Changed Mind
803130,515501,2022-03-12 04:05:00,nan
803131,516901,2022-11-07 23:43:06,WRONG ITEM
803132,544085,2024-02-26 22:26:33,Changed Mind
803133,517408,2023-07-11 03:10:56,WRONG ITEM
803134,548976,2023-11-02 06:11:19,defective
803135,522467,2022-03-26 21:03:11,nan
803136,502558,2023-02-17 06:38:31,Defective
803137,518649,2022-11-13 10:43:28,Wrong Item
803138,531532,2024-08-15 22:08:07,Changed Mind
803139,544841,2023-12-08 13:08:26,Defective
803140,528894,2022-12-19 16:42:24,nan
803141,529056,2023-10-29 20:03:55,nan
803142,538820,2022-01-31 02:20:17,Changed Mind
803143,502208,2024-04-14 08:49:27,Changed Mind
803144,501062,2022-10-11 20:41:54,Wrong Item
803145,500433,2023-05-22 09:47:27,WRONG ITEM
803146,530885,2024-11-27 17:14:58,Wrong Item
803147,534801,2024-11-04 17:38:17,nan
803148,504357,2024-11-29 15:31:52,nan
803149,537940,2023-09-14 07:57:10,Changed Mind
803150,542138,2022-12-23 07:03:29,Wrong Item
803151,544798,2023-06-25 14:30:20,WRONG ITEM
803152,517004,2024-04-12 04:13:48,nan
803153,544492,2024-06-22 03:00:16,Wrong Item
803154,503165,2024-12-13 00:51:32,nan
803155,540755,2022-07-24 01:25:23,Wrong Item
803156,535018,2024-03-21 06:52:08,WRONG ITEM
803157,529875,2022-08-07 00:08:36,nan
803158,526567,2022-06-02 19:07:34,Wrong Item
803159,541256,2024-04-04 18:40:21,Defective
803160,523862,2024-04-13 15:20:23,Wrong Item
803161,548221,2024-01-01 19:07:47,Defective
803162,527016,2024-04-18 14:36:18,Changed Mind
803163,546967,2024-10-21 02:36:18,defective
803164,547784,2024-10-09 05:02:04,Wrong Item
803165,536082,2023-05-29 00:39:27,Changed Mind
803166,502175,2024-05-07 16:14:11,Wrong Item
803167,516229,2023-04-17 03:34:20,Changed Mind
803168,517046,2024-02-04 10:45:21,Changed Mind
803169,504825,2023-08-25 09:48:13,WRONG ITEM
803170,501074,2022-10-13 11:44:51,defective
803171,543238,2024-01-31 20:36:44,nan
803172,507424,2024-04-30 16:34:35,Defective
803173,547630,2022-11-10 01:40:25,WRONG ITEM
803174,548315,2023-02-13 06:37:48,defective
803175,535147,2024-06-08 16:11:05,WRONG ITEM
803176,543371,2024-01-26 13:11:21,Changed Mind
803177,538863,2024-05-05 06:16:02,defective
803178,548425,2023-12-18 21:55:27,defective
803179,511602,2023-10-01 04:21:46,Defective
803180,523564,2022-10-04 20:35:48,Changed Mind
803181,510549,2024-01-19 04:45:59,nan
803182,532907,2022-10-21 20:25:31,WRONG ITEM
803183,534397,2023-01-25 21:50:48,WRONG ITEM
803184,505956,2022-11-12 13:45:29,defective
803185,514125,2022-01-02 12:17:20,nan
803186,538711,2023-05-25 19:08:33,nan
803187,546277,2023-02-27 06:12:56,defective
803188,508273,2023-11-19 08:45:18,Wrong Item
803189,526018,2024-01-05 22:44:46,defective
803190,522592,2023-05-18 06:58:42,Wrong Item
803191,533181,2024-09-12 18:29:58,Wrong Item
803192,543967,2024-08-28 04:19:25,Changed Mind
803193,506192,2022-04-11 09:37:32,Wrong Item
803194,511824,2024-11-04 03:22:56,Wrong Item
803195,500111,2023-12-28 02:25:35,Wrong Item
803196,511209,2022-11-08 16:16:43,WRONG ITEM
803197,522000,2024-12-09 09:10:56,WRONG ITEM
803198,543909,2022-10-17 14:48:58,Defective
803199,536255,2022-03-03 13:07:20,Wrong Item
803200,505909,2023-07-27 17:44:49,Changed Mind
803201,536026,2024-05-04 20:54:35,Defective
803202,534789,2024-02-04 02:43:24,Changed Mind
803203,513500,2022-11-18 06:28:22,Wrong Item
803204,514586,2024-04-30 11:06:42,defective
803205,521866,2024-03-11 20:00:50,defective
803206,528761,2023-07-19 11:55:08,Changed Mind
803207,528503,2022-08-24 16:57:11,WRONG ITEM
803208,527099,2023-02-16 20:22:03,Defective
803209,507541,2022-04-14 20:32:51,Changed Mind
803210,533563,2022-03-05 02:23:21,Changed Mind
803211,514688,2023-02-17 12:41:18,Changed Mind
803212,508581,2024-07-16 13:51:06,Defective
803213,548673,2022-11-04 14:41:05,nan
803214,519069,2023-11-08 18:23:47,nan
803215,533362,2022-04-08 13:49:33,WRONG ITEM
803216,538002,2022-08-14 22:11:11,nan
803217,547498,2023-10-27 07:46:11,WRONG ITEM
803218,545755,2023-05-21 13:06:05,Defective
803219,506978,2022-11-12 07:03:26,Wrong Item
803220,542827,2022-08-16 00:01:01,defective
803221,534870,2022-05-19 11:37:11,Wrong Item
803222,504907,2022-03-08 22:00:30,nan
803223,509749,2024-11-23 16:31:43,Changed Mind
803224,529087,2024-07-17 23:04:51,defective
803225,529473,2024-02-15 13:11:49,Wrong Item
803226,501503,2024-12-27 19:17:48,WRONG ITEM
803227,521351,2022-12-26 02:21:32,Changed Mind
803228,534901,2022-05-06 17:55:15,Wrong Item
803229,506652,2023-08-05 17:14:06,nan
803230,538803,2023-03-01 05:46:00,Changed Mind
803231,531711,2022-04-09 14:25:20,defective
803232,518808,2024-07-03 13:49:36,Wrong Item
803233,500753,2022-01-26 21:22:46,nan
803234,528620,2022-10-18 08:45:41,defective
803235,524830,2024-03-22 18:11:31,nan
803236,536370,2024-10-28 09:12:03,Wrong Item
803237,504475,2022-05-25 18:31:06,defective
803238,513019,2024-06-20 20:03:41,nan
803239,547847,2023-11-21 11:04:27,WRONG ITEM
803240,511824,2022-10-25 22:17:54,defective
803241,528440,2022-09-13 08:39:21,Changed Mind
803242,508844,2024-04-20 19:21:27,Changed Mind
803243,515268,2023-02-03 23:24:29,defective
803244,514247,2023-07-27 16:07:20,Changed Mind
803245,509095,2023-05-28 13:35:56,WRONG ITEM
803246,503593,2024-09-12 11:28:03,defective
803247,509779,2022-03-08 09:52:42,Changed Mind
803248,546093,2022-02-09 16:18:02,Defective
803249,525308,2023-03-06 15:33:16,nan
803250,538608,2023-04-29 01:37:13,nan
803251,503005,2022-10-01 20:25:01,nan
803252,516469,2024-05-28 03:15:49,Defective
803253,506392,2024-02-20 20:23:18,Wrong Item
803254,515314,2023-01-08 19:49:43,Defective
803255,528187,2023-08-24 14:38:50,defective
803256,529751,2022-05-20 01:43:05,defective
803257,515296,2022-02-10 02:26:06,nan
803258,501775,2024-02-21 06:25:38,Wrong Item
803259,513846,2022-11-16 04:39:39,WRONG ITEM
803260,537160,2022-12-26 14:43:05,defective
803261,534794,2023-03-14 12:35:53,nan
803262,501748,2024-02-27 14:39:02,WRONG ITEM
803263,511701,2024-01-01 22:52:15,Wrong Item
803264,511136,2023-09-08 12:59:06,WRONG ITEM
803265,542326,2023-10-16 20:58:35,Defective
803266,505100,2024-05-19 12:26:59,defective
803267,521118,2023-08-29 15:48:52,Wrong Item
803268,501453,2024-02-17 11:47:51,WRONG ITEM
803269,526992,2024-10-21 19:56:09,Wrong Item
803270,500202,2024-06-22 21:08:08,Wrong Item
803271,540379,2022-09-05 03:08:20,Changed Mind
803272,514004,2024-04-26 19:40:13,defective
803273,545278,2024-07-15 20:38:08,nan
803274,510470,2023-08-25 09:37:24,defective
803275,503657,2024-03-11 11:30:18,Defective
803276,548503,2022-10-01 12:44:14,Defective
803277,502315,2023-03-10 15:28:50,Changed Mind
803278,517103,2024-08-07 03:14:17,Defective
803279,501267,2022-02-24 19:24:24,Changed Mind
803280,504450,2022-06-06 09:05:55,Defective
803281,505007,2023-11-07 00:23:56,WRONG ITEM
803282,526323,2023-09-20 11:50:58,defective
803283,546038,2023-07-10 03:38:16,Wrong Item
803284,511808,2022-07-17 03:56:12,Wrong Item
803285,505021,2022-02-21 16:48:44,Wrong Item
803286,537646,2023-03-01 14:27:49,nan
803287,542547,2022-07-23 01:07:37,Defective
803288,513784,2024-08-19 20:11:20,defective
803289,509157,2024-11-06 15:26:10,Wrong Item
803290,524412,2024-09-14 13:02:13,nan
803291,537683,2024-05-08 12:51:35,Defective
803292,546835,2024-08-12 08:08:39,defective
803293,542275,2022-07-12 04:29:20,Defective
803294,548936,2024-12-20 19:39:27,Changed Mind
803295,530509,2023-03-02 02:55:43,Defective
803296,515453,2023-01-12 09:06:55,Defective
803297,531706,2024-03-26 15:55:47,Wrong Item
803298,523494,2024-03-23 21:53:56,Defective
803299,520878,2024-05-22 03:07:06,Changed Mind
803300,500477,2024-01-13 18:24:47,WRONG ITEM
803301,506016,2023-04-16 12:40:21,defective
803302,507692,2024-11-09 08:57:30,Wrong Item
803303,546755,2024-10-31 16:04:04,Defective
803304,547398,2024-09-16 13:15:21,WRONG ITEM
803305,538470,2022-04-20 01:43:04,Defective
803306,545561,2023-12-07 11:52:12,Defective
803307,519687,2023-03-14 05:43:01,Changed Mind
803308,534513,2022-08-15 07:15:22,Wrong Item
803309,500358,2022-05-29 11:22:39,Defective
803310,531817,2023-12-14 05:44:01,Wrong Item
803311,504790,2023-03-10 16:15:16,WRONG ITEM
803312,513444,2023-05-18 21:56:35,Defective
803313,547946,2024-09-09 01:23:23,nan
803314,523968,2022-09-08 14:22:02,WRONG ITEM
803315,504954,2024-03-18 23:46:29,Defective
803316,519277,2024-07-30 08:26:12,Defective
803317,532645,2022-04-22 05:09:49,Defective
803318,547012,2024-07-23 10:15:13,Defective
803319,545344,2022-06-30 01:02:20,defective
803320,518895,2024-07-18 01:23:22,Changed Mind
803321,523201,2023-12-12 17:55:04,nan
803322,503602,2023-04-26 06:31:30,nan
803323,548838,2024-04-19 21:28:00,Changed Mind
803324,509326,2024-06-22 10:41:44,Defective
803325,513514,2022-10-11 07:08:50,Wrong Item
803326,511284,2023-09-23 08:26:38,Changed Mind
803327,539472,2023-09-24 05:45:23,Defective
803328,518899,2023-12-26 19:29:48,Defective
803329,502322,2022-08-06 22:21:57,nan
803330,503589,2023-12-30 04:04:24,defective
803331,526347,2024-04-24 14:50:53,nan
803332,527647,2023-10-05 16:57:01,Wrong Item
803333,519282,2022-11-07 23:13:58,Changed Mind
803334,502551,2023-10-14 20:51:04,Wrong Item
803335,505038,2024-01-02 00:27:12,WRONG ITEM
803336,506990,2022-09-26 12:23:03,Wrong Item
803337,505655,2022-06-27 03:08:02,defective
803338,533434,2023-03-10 07:11:47,WRONG ITEM
803339,512162,2023-12-27 23:22:48,Defective
803340,514475,2022-07-09 10:23:56,nan
803341,543777,2023-11-16 16:48:27,Defective
803342,547206,2022-05-04 14:36:54,nan
803343,515570,2024-08-01 15:16:38,Wrong Item
803344,512341,2023-10-24 08:44:54,nan
803345,547952,2022-11-09 08:27:17,Changed Mind
803346,520712,2022-04-23 18:06:36,Wrong Item
803347,517122,2022-07-21 05:13:10,Defective
803348,539472,2022-02-22 23:56:12,WRONG ITEM
803349,535878,2022-02-16 10:35:20,Defective
803350,542094,2024-07-11 15:21:36,Wrong Item
803351,500423,2022-12-05 06:56:13,nan
803352,531766,2022-11-09 04:51:32,Changed Mind
803353,533899,2023-06-01 14:55:51,defective
803354,549166,2023-05-08 13:54:21,defective
803355,518651,2022-10-14 07:18:34,Defective
803356,505527,2022-11-18 00:33:30,WRONG ITEM
803357,526215,2024-04-13 09:36:45,nan
803358,539169,2023-04-05 19:23:50,WRONG ITEM
803359,533338,2023-11-10 13:10:10,WRONG ITEM
803360,534450,2024-12-20 14:34:27,defective
803361,531179,2023-12-22 14:30:22,defective
803362,508777,2022-01-15 06:35:41,Wrong Item
803363,505305,2024-02-14 18:25:03,nan
803364,547899,2024-03-13 11:02:18,Wrong Item
803365,539653,2023-03-12 09:36:06,Defective
803366,541642,2023-10-29 05:16:51,Changed Mind
803367,546938,2023-04-17 05:47:24,nan
803368,503967,2024-08-28 14:05:32,WRONG ITEM
803369,508765,2022-08-11 22:24:39,Defective
803370,542294,2023-10-08 07:53:18,nan
803371,548063,2023-10-12 05:24:42,Changed Mind
803372,523541,2022-06-20 10:39:27,Wrong Item
803373,519075,2024-08-30 21:26:30,Changed Mind
803374,510424,2022-06-18 14:46:35,Defective
803375,537539,2023-12-17 05:55:18,Wrong Item
803376,521719,2023-02-17 04:05:04,Wrong Item
803377,526632,2023-01-02 01:17:39,WRONG ITEM
803378,519576,2022-06-30 09:04:13,Wrong Item
803379,501986,2023-01-11 11:10:56,Wrong Item
803380,504560,2023-03-11 04:29:38,defective
803381,500369,2022-11-17 17:31:59,nan
803382,546883,2024-08-29 05:05:12,nan
803383,548384,2022-09-28 01:15:41,defective
803384,518437,2022-01-06 09:05:53,Defective
803385,530823,2022-04-07 10:13:46,Wrong Item
803386,511862,2024-07-30 11:10:33,Wrong Item
803387,514869,2023-07-29 17:13:41,Wrong Item
803388,517079,2024-10-06 00:41:51,Changed Mind
803389,514536,2024-10-06 15:30:44,Wrong Item
803390,505735,2023-07-20 06:38:29,defective
803391,530041,2024-09-17 14:26:30,defective
803392,544779,2023-04-22 19:51:29,nan
803393,508471,2022-10-16 19:00:13,Wrong Item
803394,531198,2024-03-20 20:34:31,defective
803395,537220,2024-02-12 13:44:12,WRONG ITEM
803396,510016,2023-03-26 05:04:23,nan
803397,522958,2023-08-26 11:06:45,Defective
803398,500508,2023-10-31 07:38:30,Defective
803399,517104,2022-09-09 11:43:25,WRONG ITEM
803400,502453,2022-01-20 18:17:49,defective
803401,529249,2022-10-31 20:26:53,nan
803402,540117,2023-01-19 20:09:50,Defective
803403,527852,2024-05-04 23:14:19,Changed Mind
803404,514999,2022-03-29 23:04:10,defective
803405,532517,2022-02-09 09:57:34,WRONG ITEM
803406,534365,2022-04-22 16:24:11,nan
803407,526492,2022-10-06 04:58:02,Changed Mind
803408,533894,2022-07-11 16:32:32,nan
803409,509741,2024-07-22 11:04:45,nan
803410,534069,2024-05-12 19:38:50,WRONG ITEM
803411,526331,2024-02-03 03:59:00,Changed Mind
803412,526419,2023-04-20 13:23:27,Defective
803413,526651,2023-07-17 02:28:48,defective
803414,547592,2022-10-03 20:37:18,Defective
803415,547808,2023-04-27 05:45:09,Changed Mind
803416,539831,2022-02-15 14:48:28,defective
803417,525234,2023-02-17 08:38:46,nan
803418,515391,2023-11-24 22:47:09,Defective
803419,528445,2023-12-02 17:04:53,defective
803420,501911,2023-06-02 14:51:39,Changed Mind
803421,503376,2023-06-30 09:42:12,defective
803422,514648,2023-10-26 22:12:15,defective
803423,517704,2022-05-27 00:30:35,Changed Mind
803424,515418,2022-06-07 10:03:03,Defective
803425,549022,2024-08-09 12:48:07,Defective
803426,537302,2023-02-01 06:29:44,Defective
803427,514970,2024-02-27 20:05:23,Changed Mind
803428,519239,2023-08-13 09:57:32,WRONG ITEM
803429,539584,2023-06-15 00:57:49,WRONG ITEM
803430,501317,2024-04-02 00:46:31,WRONG ITEM
803431,500641,2024-06-22 06:01:11,Wrong Item
803432,512383,2023-02-23 23:17:35,Wrong Item
803433,508405,2022-09-06 17:41:34,nan
803434,507896,2022-12-24 10:37:07,Wrong Item
803435,508350,2023-07-20 04:42:09,Defective
803436,513693,2024-07-22 17:15:25,Wrong Item
803437,542646,2024-07-15 19:03:04,Changed Mind
803438,522734,2023-01-07 15:18:31,Defective
803439,533309,2023-12-09 18:09:31,Changed Mind
803440,540084,2024-09-24 01:08:54,Changed Mind
803441,502994,2023-06-22 11:23:58,defective
803442,529841,2022-07-23 16:59:22,nan
803443,535048,2024-11-22 22:00:02,Changed Mind
803444,518162,2024-02-05 19:54:56,WRONG ITEM
803445,523795,2022-05-01 11:53:20,defective
803446,506153,2023-05-18 12:23:57,Defective
803447,523607,2022-01-25 15:53:22,Defective
803448,517195,2022-06-22 19:02:42,defective
803449,529893,2023-09-09 12:32:20,nan
803450,534542,2023-04-13 15:24:22,WRONG ITEM
803451,545825,2023-10-21 12:16:28,Changed Mind
803452,547279,2024-12-16 11:40:52,Defective
803453,538567,2022-08-16 19:59:03,Defective
803454,549113,2024-01-20 15:24:11,defective
803455,544493,2023-06-29 18:17:21,WRONG ITEM
803456,524337,2024-09-12 04:51:20,nan
803457,502488,2024-07-02 23:11:26,Changed Mind
803458,535111,2022-11-04 10:08:03,Defective
803459,512344,2022-11-16 23:47:13,Changed Mind
803460,526066,2024-07-27 01:57:29,Wrong Item
803461,543819,2024-09-09 21:30:06,defective
803462,531518,2024-04-12 15:23:48,Wrong Item
803463,513977,2024-02-02 17:53:35,nan
803464,540175,2022-10-31 23:53:27,defective
803465,519777,2023-08-02 13:10:38,WRONG ITEM
803466,504564,2022-05-30 16:39:42,Changed Mind
803467,531958,2023-11-24 15:51:41,WRONG ITEM
803468,539014,2023-05-03 11:26:12,WRONG ITEM
803469,515169,2024-07-09 09:09:35,defective
803470,502347,2023-09-23 08:38:34,Defective
803471,517444,2023-12-11 23:11:09,Wrong Item
803472,501912,2023-09-20 20:07:58,WRONG ITEM
803473,531918,2022-05-24 18:39:39,Wrong Item
803474,511908,2024-01-26 18:40:56,defective
803475,508626,2022-06-24 00:01:25,nan
803476,535504,2024-06-21 02:59:19,WRONG ITEM
803477,536572,2024-06-15 13:57:58,nan
803478,541095,2024-12-25 04:59:20,WRONG ITEM
803479,533996,2022-01-08 09:50:01,Defective
803480,526964,2022-07-26 11:05:13,nan
803481,502684,2024-09-14 01:46:00,nan
803482,511823,2024-11-24 09:58:24,WRONG ITEM
803483,510363,2022-09-18 20:20:20,defective
803484,503044,2022-08-01 08:02:27,defective
803485,548620,2022-06-04 07:54:22,WRONG ITEM
803486,549012,2022-03-26 17:04:24,Changed Mind
803487,526074,2024-10-18 19:52:42,defective
803488,509413,2022-03-05 04:53:06,WRONG ITEM
803489,517934,2023-02-27 22:51:17,defective
803490,521879,2022-02-28 14:31:24,Defective
803491,534297,2024-02-13 22:02:49,Changed Mind
803492,549453,2024-03-13 16:23:11,Wrong Item
803493,537446,2022-11-27 08:20:55,defective
803494,501748,2023-05-02 05:08:02,defective
803495,545173,2024-08-16 10:40:04,defective
803496,523805,2023-12-02 06:42:29,Changed Mind
803497,547226,2022-08-12 09:00:18,Defective
803498,516249,2024-08-09 10:43:30,Changed Mind
803499,500080,2023-05-07 12:53:46,WRONG ITEM
803500,532076,2023-02-21 23:18:11,Changed Mind
803501,512282,2022-10-29 20:27:06,WRONG ITEM
803502,517827,2023-05-24 15:27:30,nan
803503,517875,2023-12-17 08:57:55,Wrong Item
803504,513622,2023-11-27 07:25:35,defective
803505,503164,2023-02-04 01:08:49,defective
803506,545277,2022-04-16 04:20:20,WRONG ITEM
803507,543821,2024-08-16 06:10:14,Defective
803508,523928,2023-04-18 20:18:55,Wrong Item
803509,519919,2024-04-12 04:17:54,WRONG ITEM
803510,548043,2023-09-15 14:59:25,defective
803511,504586,2024-07-16 16:34:01,nan
803512,548278,2023-11-18 11:43:43,WRONG ITEM
803513,526071,2022-02-12 09:25:27,defective
803514,535989,2023-11-14 07:17:13,Wrong Item
803515,507735,2024-05-18 21:38:33,Defective
803516,509713,2022-11-29 11:58:51,Defective
803517,503859,2022-07-23 13:41:33,defective
803518,507094,2023-01-01 01:39:33,defective
803519,511787,2023-03-03 18:25:24,WRONG ITEM
803520,503094,2022-09-06 03:54:24,nan
803521,535148,2023-08-22 13:30:11,nan
803522,545212,2022-01-21 22:48:47,Defective
803523,545541,2023-06-13 19:57:08,Wrong Item
803524,512953,2023-11-08 16:35:09,defective
803525,501084,2023-05-16 08:40:45,nan
803526,539069,2024-04-10 17:34:37,Changed Mind
803527,543987,2023-11-06 08:20:43,Changed Mind
803528,501719,2022-07-09 22:27:21,Changed Mind
803529,541281,2023-01-31 07:31:04,nan
803530,546939,2022-06-28 23:09:37,Defective
803531,538023,2024-09-19 08:29:40,Defective
803532,527357,2022-10-24 18:10:48,nan
803533,516930,2023-04-14 19:09:40,WRONG ITEM
803534,535561,2023-10-16 23:15:43,Changed Mind
803535,533949,2024-09-13 06:12:20,WRONG ITEM
803536,534314,2023-06-09 23:02:02,Wrong Item
803537,512777,2022-07-07 10:31:38,WRONG ITEM
803538,544527,2022-08-12 22:33:50,defective
803539,510904,2023-04-24 10:11:21,WRONG ITEM
803540,506481,2022-05-04 00:24:23,defective
803541,523688,2023-09-22 12:13:38,defective
803542,537108,2024-05-10 10:01:20,Changed Mind
803543,512388,2024-03-16 11:30:30,Wrong Item
803544,536874,2023-02-16 17:14:59,nan
803545,508391,2022-08-01 03:51:37,defective
803546,516717,2022-05-03 01:47:58,Wrong Item
803547,505705,2023-11-25 23:49:46,Wrong Item
803548,507708,2024-05-28 01:30:48,Wrong Item
803549,503637,2024-06-25 01:25:14,Defective
803550,547206,2022-02-21 02:37:24,nan
803551,547863,2024-02-29 08:15:29,Wrong Item
803552,503571,2024-07-31 17:13:46,defective
803553,507993,2022-08-29 05:10:45,Wrong Item
803554,510650,2023-08-04 12:03:51,nan
803555,506022,2023-10-17 11:07:52,Changed Mind
803556,548787,2024-11-12 12:10:36,Changed Mind
803557,520612,2023-10-29 10:00:56,defective
803558,546188,2022-01-26 17:39:01,defective
803559,534761,2024-11-16 14:34:59,defective
803560,533162,2024-03-20 12:00:48,Changed Mind
803561,530375,2024-05-30 07:55:06,Changed Mind
803562,502478,2024-10-14 05:55:10,Changed Mind
803563,521281,2023-09-03 08:58:50,nan
803564,507245,2024-09-13 00:41:27,nan
803565,526285,2024-04-26 11:09:21,nan
803566,510167,2024-12-19 18:30:34,defective
803567,539501,2024-09-15 11:16:31,Changed Mind
803568,501280,2023-04-12 21:05:17,defective
803569,512204,2023-05-21 07:14:56,Defective
803570,505129,2022-02-18 18:17:01,Changed Mind
803571,537340,2024-03-02 19:56:49,defective
803572,538645,2023-01-29 05:22:06,defective
803573,523904,2023-10-25 05:42:13,Changed Mind
803574,518305,2023-02-17 15:28:42,Changed Mind
803575,517589,2022-08-23 02:15:44,Changed Mind
803576,501719,2023-06-06 06:57:43,Wrong Item
803577,520365,2022-06-25 20:45:11,Changed Mind
803578,517315,2024-05-30 16:22:44,Changed Mind
803579,544409,2024-11-27 20:29:56,Defective
803580,526811,2023-02-28 02:07:29,defective
803581,536665,2023-08-05 13:58:30,Defective
803582,538463,2022-09-28 08:01:17,Defective
803583,549612,2023-04-01 22:26:54,Wrong Item
803584,528628,2024-08-24 22:24:26,Defective
803585,538210,2022-03-11 22:37:00,nan
803586,529066,2023-08-13 17:16:35,WRONG ITEM
803587,544008,2022-04-22 15:55:22,Wrong Item
803588,549522,2022-06-04 10:40:50,Defective
803589,532139,2023-03-02 04:01:55,defective
803590,513420,2023-12-13 00:34:44,Changed Mind
803591,501407,2022-03-18 08:23:03,Changed Mind
803592,511608,2024-01-19 15:39:25,WRONG ITEM
803593,530096,2024-04-15 04:01:42,WRONG ITEM
803594,502928,2022-08-05 23:47:49,Changed Mind
803595,532695,2023-11-02 01:45:51,WRONG ITEM
803596,509074,2023-09-27 15:29:58,Defective
803597,548118,2023-08-15 23:22:32,Changed Mind
803598,510739,2022-07-28 00:57:07,WRONG ITEM
803599,528159,2022-03-06 15:42:46,nan
803600,514569,2024-08-13 19:37:53,defective
803601,531315,2024-05-27 06:03:05,WRONG ITEM
803602,524275,2022-12-24 22:29:57,WRONG ITEM
803603,516941,2022-08-16 12:32:17,WRONG ITEM
803604,510320,2022-10-03 19:59:42,Changed Mind
803605,534882,2022-10-07 02:07:36,Changed Mind
803606,514432,2023-04-15 11:26:44,WRONG ITEM
803607,516993,2024-05-08 09:24:39,defective
803608,526015,2022-11-19 02:33:57,Changed Mind
803609,542092,2024-04-05 04:35:20,WRONG ITEM
803610,507936,2024-12-25 23:44:00,Changed Mind
803611,504783,2022-01-17 13:28:05,Changed Mind
803612,506316,2023-08-15 08:52:48,Defective
803613,516266,2022-04-29 20:41:00,defective
803614,536137,2024-09-21 09:34:34,nan
803615,505472,2023-12-11 16:14:17,nan
803616,537730,2023-09-13 16:11:53,nan
803617,516566,2024-10-17 01:12:00,Changed Mind
803618,531588,2022-06-13 17:43:33,WRONG ITEM
803619,528727,2023-08-13 09:55:55,defective
803620,501339,2022-06-01 09:41:14,defective
803621,500338,2023-03-27 01:20:18,Wrong Item
803622,531686,2024-05-19 22:06:33,Changed Mind
803623,542747,2024-04-01 22:56:06,Changed Mind
803624,519046,2023-07-30 01:46:08,WRONG ITEM
803625,506117,2022-11-27 17:41:41,Defective
803626,508519,2024-02-25 13:47:47,WRONG ITEM
803627,513250,2023-02-10 08:55:43,nan
803628,527053,2023-05-08 14:59:17,Changed Mind
803629,525231,2023-09-15 18:22:07,nan
803630,542408,2022-05-24 13:03:14,nan
803631,516715,2024-12-10 04:13:06,Wrong Item
803632,515810,2022-04-05 19:37:44,nan
803633,515888,2022-06-07 17:26:37,defective
803634,537023,2023-06-05 13:07:28,defective
803635,527552,2023-05-15 09:00:39,Wrong Item
803636,516812,2022-05-27 02:28:06,Changed Mind
803637,529920,2024-04-26 00:21:17,WRONG ITEM
803638,520380,2024-06-29 07:13:07,WRONG ITEM
803639,547871,2024-05-04 21:19:33,nan
803640,525573,2024-11-02 21:49:56,Defective
803641,535589,2022-01-08 12:03:13,nan
803642,520174,2024-02-04 17:03:30,Wrong Item
803643,545645,2023-06-03 03:27:19,Changed Mind
803644,545678,2024-02-24 05:34:48,nan
803645,539847,2023-12-04 10:28:05,Defective
803646,539423,2024-06-12 15:02:04,defective
803647,517670,2024-12-16 10:12:39,Defective
803648,534828,2022-12-10 18:42:39,Defective
803649,530480,2024-12-27 07:37:33,Wrong Item
803650,548729,2023-04-30 23:23:37,Changed Mind
803651,518280,2022-01-21 22:37:41,Changed Mind
803652,511337,2022-08-13 02:12:07,Changed Mind
803653,527059,2022-11-04 01:02:57,Defective
803654,547473,2024-05-16 16:03:46,Defective
803655,500767,2024-03-12 22:24:58,Changed Mind
803656,516837,2023-04-07 10:30:52,Wrong Item
803657,545742,2023-05-26 22:52:45,nan
803658,509896,2022-03-08 06:45:09,Changed Mind
803659,514387,2022-02-24 04:25:39,WRONG ITEM
803660,516813,2023-07-05 06:19:44,Wrong Item
803661,522950,2024-06-07 14:23:12,WRONG ITEM
803662,548026,2024-10-31 18:09:20,nan
803663,527724,2023-12-10 23:25:36,defective
803664,536477,2022-10-29 00:37:23,Defective
803665,515178,2022-09-04 03:12:27,Changed Mind
803666,511259,2022-06-02 23:04:03,Defective
803667,521538,2023-08-15 04:13:43,defective
803668,516317,2023-12-04 05:41:52,Changed Mind
803669,545300,2022-12-17 18:15:02,Changed Mind
803670,529247,2022-12-02 23:37:36,nan
803671,515750,2023-02-28 05:21:08,WRONG ITEM
803672,541988,2023-09-03 23:12:49,Defective
803673,521807,2024-11-15 08:10:50,WRONG ITEM
803674,544796,2023-05-08 00:09:51,WRONG ITEM
803675,528486,2023-02-19 07:44:36,WRONG ITEM
803676,526175,2022-01-01 07:16:28,WRONG ITEM
803677,526397,2022-11-13 12:57:01,Defective
803678,549327,2024-07-02 09:09:20,Wrong Item
803679,528511,2024-01-23 05:28:10,Changed Mind
803680,538335,2024-11-28 23:14:05,nan
803681,530450,2023-02-11 13:31:51,defective
803682,515562,2022-06-20 14:05:54,WRONG ITEM
803683,522392,2024-01-02 04:04:29,WRONG ITEM
803684,547304,2023-11-05 02:44:39,Changed Mind
803685,502714,2024-03-10 12:40:54,nan
803686,531188,2022-06-05 14:04:02,WRONG ITEM
803687,517003,2024-03-13 03:59:42,nan
803688,536065,2022-09-04 09:18:30,Wrong Item
803689,511101,2023-11-22 11:20:09,Changed Mind
803690,509002,2023-06-24 07:05:38,Wrong Item
803691,539921,2022-04-19 12:30:43,defective
803692,523571,2023-05-21 06:04:52,WRONG ITEM
803693,546986,2023-11-03 16:37:59,defective
803694,544949,2023-10-01 17:58:35,nan
803695,535668,2022-08-22 13:34:17,Wrong Item
803696,549274,2022-12-23 15:09:56,Wrong Item
803697,505799,2022-04-14 00:22:47,Wrong Item
803698,538510,2024-01-12 23:45:04,Wrong Item
803699,511895,2023-02-05 10:02:09,Changed Mind
803700,522688,2022-12-17 01:10:15,Wrong Item
803701,542841,2022-01-27 04:51:16,Wrong Item
803702,502888,2022-11-14 13:39:52,Wrong Item
803703,530033,2024-10-21 16:57:43,nan
803704,501798,2023-02-12 08:13:54,nan
803705,517323,2024-12-02 17:25:10,Defective
803706,510619,2024-08-20 11:09:47,WRONG ITEM
803707,507270,2024-08-26 07:29:48,nan
803708,536541,2023-11-28 16:29:34,Wrong Item
803709,513240,2024-08-29 15:02:57,defective
803710,522222,2023-09-09 11:44:41,Wrong Item
803711,503518,2023-07-12 06:45:43,Changed Mind
803712,513040,2022-02-25 05:18:19,WRONG ITEM
803713,504722,2023-04-07 06:50:51,Defective
803714,502889,2024-03-14 20:53:46,WRONG ITEM
803715,500145,2023-03-27 18:07:02,nan
803716,511298,2024-09-04 01:33:47,Defective
803717,521559,2023-09-08 06:59:14,Defective
803718,519127,2023-08-14 23:44:11,nan
803719,543352,2022-12-14 14:12:26,Defective
803720,509131,2024-11-09 01:38:42,Changed Mind
803721,531891,2023-12-25 03:22:27,Wrong Item
803722,507355,2023-11-10 07:53:16,defective
803723,549048,2022-09-20 02:15:38,Wrong Item
803724,513373,2022-10-07 14:52:52,WRONG ITEM
803725,540887,2023-11-11 23:30:18,WRONG ITEM
803726,535251,2024-12-12 18:18:02,Wrong Item
803727,502399,2024-01-25 09:29:14,nan
803728,524194,2023-07-02 15:33:54,Wrong Item
803729,511137,2024-11-15 00:12:30,Changed Mind
803730,526486,2023-09-04 04:59:33,nan
803731,505329,2023-02-02 11:50:19,defective
803732,526932,2024-03-14 09:53:53,Changed Mind
803733,546291,2022-01-30 20:11:25,nan
803734,528613,2023-12-07 11:46:34,WRONG ITEM
803735,547135,2023-12-17 01:09:15,WRONG ITEM
803736,544989,2024-05-20 17:47:55,Wrong Item
803737,544531,2023-04-17 16:33:21,defective
803738,549882,2022-03-13 12:58:44,Defective
803739,524180,2022-02-27 21:30:36,nan
803740,504117,2023-04-12 21:13:20,WRONG ITEM
803741,525208,2022-09-21 23:41:16,nan
803742,514978,2022-10-11 08:40:54,nan
803743,516056,2023-08-06 14:07:32,Changed Mind
803744,501575,2022-03-15 12:11:59,Defective
803745,503617,2022-04-29 09:11:09,Wrong Item
803746,504452,2023-03-07 12:39:11,nan
803747,546088,2023-05-29 11:38:56,Wrong Item
803748,510645,2022-08-25 11:45:04,Changed Mind
803749,503348,2024-10-17 23:08:47,Defective
803750,519754,2024-07-27 18:50:17,defective
803751,542291,2022-06-16 22:26:47,defective
803752,527815,2022-12-21 08:37:07,nan
803753,500088,2024-10-14 03:42:45,Defective
803754,534173,2022-06-02 14:08:19,nan
803755,508689,2023-01-17 03:54:46,nan
803756,502119,2022-08-17 06:58:38,nan
803757,535324,2024-05-25 07:29:39,Changed Mind
803758,505133,2024-06-16 09:22:35,WRONG ITEM
803759,529231,2023-10-26 07:18:42,Changed Mind
803760,519700,2022-07-09 12:21:12,Wrong Item
803761,523724,2023-10-13 11:49:12,nan
803762,526919,2022-08-28 06:41:16,Defective
803763,510439,2022-02-12 07:10:31,defective
803764,548946,2022-07-06 10:20:29,nan
803765,537101,2023-02-09 20:52:09,nan
803766,539506,2024-10-28 04:27:22,Wrong Item
803767,514253,2022-06-29 09:26:27,Defective
803768,542072,2023-04-27 16:28:54,Defective
803769,507997,2024-05-27 16:32:57,Defective
803770,531065,2023-03-11 04:42:43,WRONG ITEM
803771,500565,2023-02-22 04:33:29,nan
803772,521375,2023-12-21 19:35:50,Defective
803773,508179,2024-11-04 03:48:43,Wrong Item
803774,534630,2024-07-28 05:21:55,Changed Mind
803775,510799,2022-12-23 14:19:53,Changed Mind
803776,533478,2022-06-29 03:39:32,Wrong Item
803777,523947,2024-05-27 05:03:39,Wrong Item
803778,508404,2024-10-26 13:19:47,defective
803779,548510,2022-10-28 12:07:30,Changed Mind
803780,529521,2022-04-19 11:45:49,WRONG ITEM
803781,516767,2022-07-05 23:31:49,Changed Mind
803782,504028,2023-09-03 21:25:38,Defective
803783,521306,2023-03-27 01:58:22,Wrong Item
803784,511772,2024-05-30 08:11:42,defective
803785,544709,2024-04-01 23:09:10,Defective
803786,501847,2023-06-09 16:56:40,Defective
803787,530286,2023-01-30 12:14:52,defective
803788,513076,2022-12-05 11:45:15,Wrong Item
803789,546240,2023-02-26 21:32:23,Wrong Item
803790,547687,2022-07-14 18:40:02,WRONG ITEM
803791,531372,2023-11-05 15:05:46,Changed Mind
803792,513373,2023-07-02 13:15:48,Changed Mind
803793,541726,2024-04-14 12:33:02,Defective
803794,517763,2022-01-06 05:57:55,Defective
803795,514057,2024-08-30 03:22:33,defective
803796,519888,2024-02-19 21:40:49,nan
803797,512699,2022-09-11 13:24:08,nan
803798,510619,2023-04-21 08:58:11,Changed Mind
803799,511531,2024-11-19 02:28:14,Changed Mind
803800,537190,2022-08-09 22:37:03,nan
803801,548565,2022-08-28 12:07:45,Wrong Item
803802,529329,2022-10-14 09:53:01,Wrong Item
803803,528549,2022-02-22 12:45:47,Wrong Item
803804,547466,2022-10-16 16:18:21,Wrong Item
803805,515272,2024-07-01 05:37:10,defective
803806,518896,2024-04-22 05:21:07,WRONG ITEM
803807,544430,2023-01-17 04:37:32,Changed Mind
803808,539039,2024-02-28 14:56:53,Wrong Item
803809,507322,2023-10-23 15:30:44,WRONG ITEM
803810,514896,2023-11-30 16:10:26,Wrong Item
803811,511773,2022-11-13 15:17:28,Wrong Item
803812,512961,2022-01-21 08:15:13,WRONG ITEM
803813,521131,2022-12-24 17:28:00,WRONG ITEM
803814,545320,2023-04-25 22:06:21,nan
803815,546744,2024-06-20 14:14:16,WRONG ITEM
803816,519994,2024-11-23 08:29:31,WRONG ITEM
803817,523957,2023-11-20 15:13:06,WRONG ITEM
803818,529467,2023-02-02 08:43:25,Defective
803819,537348,2022-02-03 13:30:27,Changed Mind
803820,526854,2023-05-17 07:30:15,Wrong Item
803821,531655,2023-10-18 09:47:11,defective
803822,533171,2024-06-07 21:13:59,Changed Mind
803823,506737,2024-09-16 06:51:57,WRONG ITEM
803824,530657,2022-11-09 03:52:41,Defective
803825,521074,2022-10-03 05:28:04,Changed Mind
803826,500801,2024-06-12 22:05:46,nan
803827,524901,2022-11-05 07:34:07,nan
803828,539327,2024-08-05 14:22:44,nan
803829,508471,2024-08-18 12:50:16,Defective
803830,533972,2023-09-19 23:23:25,Wrong Item
803831,541577,2022-11-03 03:43:21,Changed Mind
803832,521915,2024-08-08 07:53:14,Changed Mind
803833,520930,2024-04-04 04:53:17,Wrong Item
803834,541509,2024-03-08 11:00:00,Wrong Item
803835,539089,2023-04-26 19:58:23,defective
803836,511921,2023-09-17 19:55:50,WRONG ITEM
803837,508812,2024-12-08 04:11:04,WRONG ITEM
803838,548777,2024-10-02 07:08:52,WRONG ITEM
803839,500698,2024-11-25 01:34:27,Changed Mind
803840,532897,2022-03-04 00:36:16,Wrong Item
803841,542215,2024-05-16 06:14:42,Wrong Item
803842,525950,2024-02-12 22:27:58,WRONG ITEM
803843,519632,2023-09-20 19:14:04,Wrong Item
803844,511921,2022-12-08 04:16:18,WRONG ITEM
803845,528450,2022-05-06 06:22:50,WRONG ITEM
803846,502508,2024-11-25 00:09:34,Defective
803847,534675,2023-07-11 16:37:05,Wrong Item
803848,539515,2022-01-13 05:00:48,Wrong Item
803849,541447,2024-12-12 15:00:56,Changed Mind
803850,508445,2024-10-05 09:12:49,nan
803851,519398,2022-01-05 20:57:28,Changed Mind
803852,510484,2024-11-04 08:23:31,Changed Mind
803853,507838,2023-02-07 20:14:04,nan
803854,544642,2024-12-08 14:00:56,Wrong Item
803855,533839,2024-09-26 22:32:39,Changed Mind
803856,545999,2024-01-29 21:16:02,defective
803857,509679,2024-05-23 20:58:47,Changed Mind
803858,525586,2022-01-05 20:36:42,defective
803859,503559,2022-11-05 12:23:55,nan
803860,510220,2022-08-06 05:55:56,Defective
803861,547880,2024-12-09 01:58:07,Defective
803862,535341,2023-07-20 04:18:30,Defective
803863,540925,2022-05-15 16:06:13,Defective
803864,549636,2022-10-25 11:32:16,defective
803865,508423,2024-05-17 01:36:12,nan
803866,511371,2024-07-27 11:26:53,nan
803867,519522,2022-08-14 03:49:18,Changed Mind
803868,535359,2024-09-27 09:40:23,Wrong Item
803869,531956,2023-12-26 16:28:24,Changed Mind
803870,514045,2022-05-11 23:16:55,Changed Mind
803871,502207,2022-03-07 18:17:26,nan
803872,514242,2024-03-26 09:39:21,Changed Mind
803873,517842,2022-03-01 16:31:44,nan
803874,501206,2023-04-10 22:44:09,defective
803875,536247,2023-12-13 06:54:21,Changed Mind
803876,544986,2023-09-13 14:25:58,Changed Mind
803877,525041,2022-07-24 03:04:46,Defective
803878,514236,2022-07-26 22:06:51,Defective
803879,517977,2024-04-03 03:35:52,nan
803880,504346,2023-03-26 22:36:10,Changed Mind
803881,517336,2023-04-29 13:53:36,nan
803882,518562,2024-08-09 22:33:08,WRONG ITEM
803883,537945,2023-05-12 12:04:55,Changed Mind
803884,510028,2022-06-07 22:05:26,Wrong Item
803885,502947,2023-05-05 02:33:41,defective
803886,501352,2022-04-10 22:45:12,WRONG ITEM
803887,545948,2024-01-11 17:33:12,WRONG ITEM
803888,528626,2023-02-02 22:37:35,Wrong Item
803889,522620,2024-10-27 19:27:48,Defective
803890,544654,2023-10-22 23:42:58,defective
803891,528348,2024-09-21 08:53:28,defective
803892,518824,2024-04-11 22:00:24,Defective
803893,528534,2024-11-01 13:38:24,WRONG ITEM
803894,511014,2022-09-27 11:01:49,WRONG ITEM
803895,539879,2024-12-23 19:26:01,Wrong Item
803896,516368,2023-07-28 22:51:31,defective
803897,543073,2023-05-21 00:12:31,Wrong Item
803898,529179,2024-08-02 22:55:29,Changed Mind
803899,540031,2024-09-06 21:31:36,nan
803900,504351,2023-11-09 14:22:37,Wrong Item
803901,527812,2022-05-26 07:31:07,Wrong Item
803902,520009,2024-01-12 18:48:16,WRONG ITEM
803903,537298,2024-01-27 10:07:05,Changed Mind
803904,532623,2024-03-08 19:02:00,nan
803905,543838,2023-05-22 15:38:24,nan
803906,526104,2022-01-14 23:54:19,WRONG ITEM
803907,517701,2023-07-15 07:59:19,WRONG ITEM
803908,518359,2023-06-08 22:17:56,nan
803909,541992,2023-05-24 00:40:39,Defective
803910,502157,2022-05-25 06:30:21,nan
803911,503025,2023-06-12 20:40:54,nan
803912,520508,2023-01-16 21:07:46,Defective
803913,529577,2023-10-13 19:54:25,Defective
803914,519452,2024-04-30 07:51:17,Changed Mind
803915,515122,2023-03-08 17:32:18,defective
803916,507074,2024-05-23 07:21:15,Defective
803917,541735,2024-12-23 08:55:53,Defective
803918,521397,2023-03-24 12:09:30,WRONG ITEM
803919,524804,2022-12-21 05:09:02,nan
803920,525745,2024-10-10 18:34:54,defective
803921,523283,2023-08-31 04:17:47,WRONG ITEM
803922,539992,2024-11-29 02:00:25,nan
803923,547281,2023-09-21 14:34:49,Wrong Item
803924,538090,2024-04-17 03:04:25,Wrong Item
803925,500529,2024-09-07 20:54:21,WRONG ITEM
803926,519742,2022-05-11 08:54:31,Changed Mind
803927,541036,2022-06-28 09:21:19,defective
803928,517409,2022-01-02 10:15:20,nan
803929,545977,2023-04-11 01:34:34,Defective
803930,542955,2023-01-27 02:55:05,defective
803931,546305,2022-04-27 06:55:24,defective
803932,525153,2024-12-29 08:10:56,Defective
803933,514346,2024-10-18 03:14:27,Wrong Item
803934,505245,2024-06-01 09:08:36,Changed Mind
803935,523717,2022-05-14 21:42:06,Defective
803936,537204,2022-11-24 15:53:15,Defective
803937,524127,2023-09-04 22:29:28,WRONG ITEM
803938,510907,2023-10-10 12:40:39,nan
803939,534206,2023-07-02 09:03:26,Changed Mind
803940,505893,2024-05-05 09:52:41,nan
803941,503299,2024-07-14 07:16:00,WRONG ITEM
803942,523736,2022-11-03 17:51:30,defective
803943,504217,2024-11-07 10:33:29,defective
803944,523760,2024-02-08 12:50:30,Wrong Item
803945,540140,2024-10-01 22:05:34,nan
803946,500195,2023-11-02 18:15:49,nan
803947,528672,2024-06-21 15:46:02,defective
803948,509776,2024-02-14 20:57:53,Defective
803949,525602,2023-09-24 13:56:52,WRONG ITEM
803950,511686,2022-01-31 03:59:35,WRONG ITEM
803951,546580,2022-03-10 21:18:19,nan
803952,501955,2022-12-10 13:28:56,Defective
803953,508559,2022-12-06 20:24:39,defective
803954,511021,2022-07-03 07:04:15,Defective
803955,508394,2024-10-09 08:37:57,defective
803956,512090,2024-02-11 19:40:21,defective
803957,528732,2022-02-12 01:37:18,WRONG ITEM
803958,540658,2022-11-27 20:11:09,Changed Mind
803959,503551,2024-11-11 02:56:25,Changed Mind
803960,531253,2022-08-17 20:37:13,Wrong Item
803961,528529,2022-02-28 15:04:13,Defective
803962,520527,2023-07-03 19:07:03,defective
803963,525330,2022-03-16 08:55:23,Defective
803964,532336,2022-10-14 13:40:08,defective
803965,543792,2024-09-27 14:48:38,Wrong Item
803966,514550,2022-08-08 14:04:51,defective
803967,537120,2023-04-11 05:00:52,WRONG ITEM
803968,508354,2024-08-07 11:34:09,nan
803969,508279,2024-11-27 11:26:26,Wrong Item
803970,544142,2023-01-03 10:12:04,Changed Mind
803971,533510,2022-08-12 02:19:16,Defective
803972,507899,2024-10-03 20:20:18,Wrong Item
803973,514896,2023-09-09 05:59:27,Defective
803974,501469,2022-10-18 11:01:33,Changed Mind
803975,545733,2023-09-25 13:39:41,WRONG ITEM
803976,518533,2022-04-28 19:54:57,WRONG ITEM
803977,507706,2024-10-29 01:36:08,Wrong Item
803978,509442,2022-03-07 09:07:30,Wrong Item
803979,515989,2023-08-22 01:27:40,nan
803980,523152,2024-03-22 06:24:25,Wrong Item
803981,520972,2022-01-13 18:37:26,nan
803982,510485,2024-10-05 07:11:17,Changed Mind
803983,512676,2023-05-24 06:02:44,Wrong Item
803984,520333,2023-01-05 18:01:26,Wrong Item
803985,505822,2022-04-17 09:32:07,Wrong Item
803986,507916,2024-04-13 22:43:55,Changed Mind
803987,517768,2024-01-27 19:48:03,defective
803988,549064,2024-04-09 15:35:52,nan
803989,539927,2023-09-18 08:12:20,Defective
803990,525397,2024-01-15 02:11:27,nan
803991,517106,2023-10-11 15:51:59,nan
803992,514545,2024-03-04 07:19:15,nan
803993,537964,2022-09-30 09:15:54,Changed Mind
803994,542116,2024-04-28 03:30:39,defective
803995,501997,2024-02-12 18:36:28,nan
803996,528029,2023-09-09 01:54:18,Wrong Item
803997,544166,2024-05-19 10:37:54,WRONG ITEM
803998,543734,2022-07-24 16:18:38,Wrong Item
803999,527804,2023-11-07 18:52:42,WRONG ITEM
804000,534382,2024-06-13 23:36:16,Changed Mind
804001,508766,2022-08-07 03:46:54,defective
804002,544883,2023-10-16 06:19:18,WRONG ITEM
804003,501853,2023-01-12 18:06:33,WRONG ITEM
804004,537162,2022-01-18 18:06:53,WRONG ITEM
804005,536164,2023-09-18 14:42:47,Changed Mind
804006,505347,2023-07-14 04:58:19,Changed Mind
804007,530600,2023-11-07 07:07:57,nan
804008,501066,2024-08-28 04:22:50,Changed Mind
804009,507017,2023-06-30 18:06:36,nan
804010,510508,2022-01-09 15:10:38,defective
804011,520071,2023-07-19 13:08:54,Changed Mind
804012,533436,2023-11-24 23:03:05,defective
804013,514205,2023-10-25 01:43:10,Changed Mind
804014,524022,2024-11-14 13:10:45,nan
804015,529214,2024-10-22 23:05:07,Defective
804016,517304,2022-06-07 16:51:48,defective
804017,505857,2024-11-26 19:34:59,WRONG ITEM
804018,540336,2022-10-08 13:37:07,nan
804019,543883,2023-10-13 05:17:54,defective
804020,500441,2023-06-02 01:26:15,defective
804021,500038,2024-09-29 22:32:47,Wrong Item
804022,500751,2022-08-31 06:07:13,nan
804023,546317,2023-09-23 08:04:43,Changed Mind
804024,516909,2022-07-26 19:14:37,Wrong Item
804025,539200,2024-12-12 08:42:35,WRONG ITEM
804026,528309,2023-10-24 16:00:33,Defective
804027,540870,2024-02-03 16:06:55,WRONG ITEM
804028,544127,2024-04-16 23:06:11,WRONG ITEM
804029,507732,2022-10-04 17:27:25,Wrong Item
804030,511857,2024-04-04 21:50:39,WRONG ITEM
804031,512126,2023-07-10 16:57:52,Changed Mind
804032,547709,2024-10-05 13:53:47,nan
804033,530257,2023-11-09 01:35:35,WRONG ITEM
804034,518124,2022-05-29 09:27:05,nan
804035,502360,2024-10-04 08:56:43,Defective
804036,546474,2022-07-28 23:00:15,defective
804037,501070,2023-06-25 12:26:55,Wrong Item
804038,542244,2023-12-09 12:49:24,Wrong Item
804039,506272,2024-07-18 07:14:09,WRONG ITEM
804040,515788,2023-03-01 06:53:05,WRONG ITEM
804041,538987,2024-04-13 19:27:26,Changed Mind
804042,516432,2024-02-22 17:54:23,WRONG ITEM
804043,512992,2024-04-12 22:33:31,Wrong Item
804044,508442,2023-09-05 09:36:08,Changed Mind
804045,518176,2024-10-08 22:27:01,Changed Mind
804046,522975,2023-10-21 08:39:08,defective
804047,536484,2023-06-03 11:02:23,Changed Mind
804048,502615,2023-01-06 18:40:10,Defective
804049,524055,2024-11-28 08:20:45,nan
804050,504696,2023-01-03 01:17:23,Wrong Item
804051,525905,2024-11-05 20:25:04,defective
804052,510716,2022-02-11 10:34:01,WRONG ITEM
804053,511666,2024-01-21 19:03:25,WRONG ITEM
804054,528260,2022-02-22 05:45:53,defective
804055,547895,2022-07-16 13:40:02,Defective
804056,505876,2023-01-25 14:03:50,nan
804057,541021,2024-10-01 17:44:43,Defective
804058,500695,2022-06-23 15:24:28,nan
804059,504403,2022-12-26 09:43:54,WRONG ITEM
804060,517704,2024-05-29 03:18:47,Defective
804061,530785,2024-04-17 05:07:39,Changed Mind
804062,539845,2024-07-21 03:16:02,defective
804063,537514,2024-07-03 13:54:06,Wrong Item
804064,545999,2022-09-27 03:26:02,Changed Mind
804065,521661,2024-01-20 03:18:08,defective
804066,525111,2023-11-29 23:40:34,nan
804067,508975,2024-03-26 01:01:46,nan
804068,502495,2022-09-26 00:07:59,nan
804069,506449,2024-12-15 17:47:50,Changed Mind
804070,542822,2023-05-27 03:53:58,defective
804071,518430,2022-12-06 18:57:50,nan
804072,500447,2022-06-02 14:23:14,WRONG ITEM
804073,529666,2023-04-18 04:31:06,defective
804074,529540,2023-02-05 12:44:42,Defective
804075,509648,2024-04-28 07:29:39,defective
804076,541406,2024-10-24 03:35:32,Defective
804077,530898,2023-01-23 19:26:19,defective
804078,545854,2024-04-14 17:17:19,Defective
804079,518394,2022-08-09 06:35:51,nan
804080,519408,2023-01-15 16:48:25,nan
804081,541552,2023-02-19 01:33:30,WRONG ITEM
804082,542986,2022-08-24 22:40:59,Changed Mind
804083,547094,2024-07-04 18:23:23,WRONG ITEM
804084,505213,2024-10-10 22:25:26,WRONG ITEM
804085,527114,2024-05-25 04:36:22,Changed Mind
804086,502802,2024-04-17 21:12:16,nan
804087,548202,2022-09-17 20:50:55,defective
804088,536789,2023-05-12 19:28:58,Defective
804089,504671,2022-12-16 13:58:02,WRONG ITEM
804090,522916,2022-09-07 22:18:03,nan
804091,508157,2022-01-02 02:13:39,WRONG ITEM
804092,519273,2022-09-16 14:08:12,Changed Mind
804093,513066,2023-10-30 05:09:25,defective
804094,505342,2022-08-30 00:00:45,WRONG ITEM
804095,532036,2023-09-17 13:03:17,Defective
804096,543999,2022-02-15 14:26:33,Wrong Item
804097,503573,2024-01-26 15:38:14,WRONG ITEM
804098,514963,2022-12-19 12:48:26,WRONG ITEM
804099,506634,2022-01-07 12:54:36,Defective
804100,506490,2023-02-12 16:03:27,Changed Mind
804101,512355,2024-09-16 06:23:09,Wrong Item
804102,507285,2022-12-05 23:51:36,defective
804103,500434,2023-09-16 09:00:31,Changed Mind
804104,513369,2024-11-10 02:35:28,WRONG ITEM
804105,540829,2022-04-09 10:31:22,Defective
804106,539370,2022-10-08 01:38:46,WRONG ITEM
804107,530691,2022-02-19 19:46:48,defective
804108,539243,2023-11-19 01:44:07,WRONG ITEM
804109,539008,2022-11-08 22:44:20,Wrong Item
804110,543302,2022-08-01 06:52:27,nan
804111,535914,2024-03-21 12:34:38,Defective
804112,536928,2022-12-03 22:54:55,Wrong Item
804113,528024,2024-02-08 19:39:04,Defective
804114,528993,2024-05-07 10:12:44,Wrong Item
804115,542653,2024-01-10 20:15:38,Changed Mind
804116,531541,2022-06-26 13:12:51,Defective
804117,504805,2024-07-24 20:25:28,Defective
804118,503542,2022-07-26 01:01:44,nan
804119,540252,2024-09-27 05:33:55,WRONG ITEM
804120,542643,2024-04-03 19:49:33,WRONG ITEM
804121,533308,2023-08-01 05:48:15,Changed Mind
804122,501224,2023-07-23 02:15:58,nan
804123,506641,2022-04-26 06:33:40,Defective
804124,532215,2022-04-12 08:16:38,nan
804125,511143,2023-12-17 07:52:04,Wrong Item
804126,506694,2023-03-21 11:59:50,WRONG ITEM
804127,523285,2022-05-23 19:25:54,nan
804128,533762,2023-12-21 10:32:00,WRONG ITEM
804129,526589,2024-07-07 08:11:59,nan
804130,525148,2023-05-26 02:45:51,Changed Mind
804131,531796,2024-12-14 06:59:29,defective
804132,528478,2022-10-25 01:14:22,Changed Mind
804133,505435,2022-01-06 19:51:48,Wrong Item
804134,549017,2023-06-16 06:58:56,Defective
804135,528712,2023-12-13 19:37:29,Wrong Item
804136,520076,2022-03-12 15:35:03,Changed Mind
804137,543494,2024-10-13 23:14:18,Wrong Item
804138,517385,2022-12-01 21:52:16,WRONG ITEM
804139,504222,2023-02-02 13:17:48,WRONG ITEM
804140,549328,2024-08-17 08:38:15,Changed Mind
804141,524160,2023-08-11 20:18:36,Changed Mind
804142,533963,2024-11-17 19:57:47,Defective
804143,508727,2022-12-29 14:05:49,defective
804144,541131,2024-06-22 14:29:16,WRONG ITEM
804145,514099,2022-11-15 12:11:17,WRONG ITEM
804146,543599,2024-12-30 21:35:45,defective
804147,545958,2022-04-09 08:45:56,defective
804148,536699,2023-12-25 14:09:44,WRONG ITEM
804149,504566,2022-02-17 14:23:21,Changed Mind
804150,518946,2022-05-06 12:28:15,defective
804151,516135,2023-05-08 12:37:36,defective
804152,534437,2024-06-26 20:27:14,Changed Mind
804153,529320,2024-08-04 20:18:33,WRONG ITEM
804154,545624,2024-09-11 01:36:40,Defective
804155,514841,2022-01-12 21:54:42,Defective
804156,508889,2024-11-05 13:50:31,Defective
804157,527416,2022-04-15 23:08:22,nan
804158,503665,2022-08-12 08:20:32,defective
804159,522658,2023-05-07 05:04:51,nan
804160,519390,2023-03-24 17:58:55,WRONG ITEM
804161,542267,2023-08-14 10:41:28,Defective
804162,516026,2024-02-19 08:51:18,defective
804163,514960,2023-09-01 21:59:21,Defective
804164,506739,2022-03-12 22:40:40,defective
804165,545508,2023-08-29 02:41:19,Wrong Item
804166,507966,2022-12-12 19:06:26,Changed Mind
804167,527987,2022-06-01 07:05:58,WRONG ITEM
804168,526403,2022-02-20 04:11:13,Wrong Item
804169,526664,2022-08-02 06:14:51,nan
804170,542713,2024-10-14 07:08:28,Wrong Item
804171,545424,2024-07-02 15:10:33,defective
804172,506694,2024-04-30 08:38:17,nan
804173,503815,2023-11-06 01:09:57,WRONG ITEM
804174,521282,2023-02-19 16:03:26,WRONG ITEM
804175,505485,2024-04-05 05:02:36,Wrong Item
804176,514535,2023-10-29 21:04:56,WRONG ITEM
804177,504989,2023-12-09 11:13:05,WRONG ITEM
804178,523483,2022-09-06 23:58:57,Changed Mind
804179,527794,2024-05-23 20:00:00,WRONG ITEM
804180,547266,2022-06-08 16:31:33,Defective
804181,533710,2024-07-21 06:02:10,Defective
804182,525319,2023-04-29 04:31:18,Defective
804183,547481,2023-08-01 16:19:26,Changed Mind
804184,518157,2023-07-16 21:08:48,WRONG ITEM
804185,501871,2024-04-03 08:36:46,WRONG ITEM
804186,523360,2023-04-17 15:59:18,defective
804187,529904,2023-11-10 20:17:11,defective
804188,504161,2024-05-10 19:00:27,defective
804189,506282,2023-04-24 02:09:14,Wrong Item
804190,531535,2024-09-24 12:27:59,nan
804191,506862,2023-12-18 02:52:24,Wrong Item
804192,532079,2024-07-28 00:53:25,nan
804193,502474,2024-12-23 22:26:19,Changed Mind
804194,509957,2022-04-15 15:18:24,WRONG ITEM
804195,514343,2022-11-25 22:35:03,Wrong Item
804196,512127,2023-09-07 01:18:01,Changed Mind
804197,516839,2023-01-08 01:43:42,Changed Mind
804198,516978,2023-07-01 16:35:39,Changed Mind
804199,507417,2022-04-07 22:10:22,WRONG ITEM
804200,515483,2022-10-31 06:26:01,Changed Mind
804201,514797,2022-06-30 07:06:35,defective
804202,507885,2024-10-11 14:26:50,nan
804203,548672,2023-08-17 17:36:24,Wrong Item
804204,538178,2022-09-16 16:55:37,defective
804205,520058,2023-11-18 17:24:31,Defective
804206,540926,2023-06-17 15:25:09,nan
804207,545818,2023-12-31 18:57:36,Defective
804208,519827,2023-07-17 02:24:59,nan
804209,514870,2024-07-24 03:06:02,WRONG ITEM
804210,514835,2024-12-16 09:07:41,Defective
804211,545527,2024-11-17 15:49:09,nan
804212,507982,2022-07-29 14:05:20,nan
804213,500369,2023-11-05 15:45:58,Defective
804214,543261,2023-09-17 05:19:51,nan
804215,511677,2024-09-04 09:29:21,Changed Mind
804216,524489,2023-07-21 06:04:57,Changed Mind
804217,531846,2024-09-02 00:49:49,Defective
804218,504842,2024-04-19 12:36:46,Wrong Item
804219,539351,2024-09-24 06:46:55,Changed Mind
804220,545633,2023-03-04 00:58:15,WRONG ITEM
804221,512854,2024-04-29 12:27:42,Wrong Item
804222,548296,2023-10-08 20:13:25,nan
804223,508098,2022-10-01 00:39:22,Wrong Item
804224,545203,2024-08-03 20:18:12,WRONG ITEM
804225,508916,2023-05-09 23:55:19,Changed Mind
804226,528183,2022-10-26 14:10:06,Changed Mind
804227,507540,2022-01-11 12:40:42,nan
804228,511154,2024-08-26 15:21:33,WRONG ITEM
804229,534217,2022-12-29 14:38:05,Wrong Item
804230,539715,2024-01-14 05:24:28,Defective
804231,545353,2022-08-17 23:24:21,Wrong Item
804232,535529,2022-09-24 08:57:04,Wrong Item
804233,536615,2024-05-14 05:08:42,Changed Mind
804234,517744,2024-01-18 02:29:00,WRONG ITEM
804235,500746,2023-07-02 22:24:28,nan
804236,515129,2024-09-16 03:25:55,WRONG ITEM
804237,522799,2024-02-10 23:01:42,Changed Mind
804238,520933,2022-06-08 11:21:34,Changed Mind
804239,508792,2022-08-14 01:42:41,WRONG ITEM
804240,526049,2023-10-24 10:37:52,Wrong Item
804241,540453,2024-12-08 22:53:06,WRONG ITEM
804242,527358,2022-12-28 11:59:40,Wrong Item
804243,522237,2022-06-02 12:05:47,Defective
804244,510913,2024-09-16 03:23:52,nan
804245,547274,2023-02-07 00:59:35,Changed Mind
804246,543005,2022-03-26 20:39:49,WRONG ITEM
804247,531424,2024-06-10 11:57:10,nan
804248,525489,2022-09-30 21:16:40,Changed Mind
804249,528520,2023-06-18 13:24:43,nan
804250,511144,2023-10-10 11:10:14,defective
804251,508209,2024-09-25 11:12:20,nan
804252,545328,2022-07-08 05:37:43,Defective
804253,511661,2022-08-19 20:58:49,nan
804254,546039,2024-09-26 03:45:47,nan
804255,520760,2023-08-15 07:28:53,Defective
804256,529358,2024-12-03 08:30:24,Defective
804257,522889,2023-11-11 00:08:37,WRONG ITEM
804258,516720,2022-11-08 11:29:44,Wrong Item
804259,535501,2023-12-18 07:18:55,Wrong Item
804260,546605,2022-07-06 14:26:25,WRONG ITEM
804261,543383,2024-12-27 22:31:53,Wrong Item
804262,548919,2023-02-23 07:51:05,defective
804263,506058,2022-07-15 22:15:25,Defective
804264,547703,2024-11-11 05:25:52,WRONG ITEM
804265,527559,2023-05-08 13:20:44,Defective
804266,514322,2022-04-01 18:16:41,Changed Mind
804267,532138,2022-03-31 10:54:29,defective
804268,525218,2023-10-14 02:58:30,nan
804269,535563,2024-04-16 10:15:06,WRONG ITEM
804270,533309,2023-06-23 05:09:41,Changed Mind
804271,503797,2024-08-07 02:43:27,WRONG ITEM
804272,508781,2024-11-03 16:27:02,defective
804273,504768,2022-10-03 01:56:32,Wrong Item
804274,536713,2023-10-17 17:42:01,Changed Mind
804275,512217,2024-04-28 06:39:10,nan
804276,531069,2023-11-20 15:16:37,defective
804277,546043,2023-03-05 08:36:04,nan
804278,533780,2022-01-10 16:47:42,defective
804279,505337,2022-05-22 21:52:44,WRONG ITEM
804280,548352,2024-11-12 15:05:16,Defective
804281,549818,2023-10-09 06:10:05,WRONG ITEM
804282,500502,2024-01-31 20:37:17,WRONG ITEM
804283,548600,2024-12-18 03:05:06,Defective
804284,531691,2023-11-10 05:50:31,nan
804285,532953,2023-01-30 06:26:27,WRONG ITEM
804286,507433,2023-02-04 12:16:24,Changed Mind
804287,533179,2024-01-31 03:36:56,defective
804288,508742,2023-09-02 00:49:24,nan
804289,535369,2023-09-24 10:17:42,Defective
804290,500868,2022-05-06 14:12:03,Wrong Item
804291,549513,2022-02-08 00:37:36,nan
804292,519158,2024-04-23 10:23:01,nan
804293,533599,2022-05-14 15:51:02,Defective
804294,509784,2022-10-27 01:29:06,nan
804295,517055,2022-08-19 14:47:03,Defective
804296,520802,2024-05-16 21:23:26,Defective
804297,520909,2023-09-18 18:30:26,Wrong Item
804298,523696,2024-06-24 23:44:55,defective
804299,521823,2023-09-30 12:14:03,Changed Mind
804300,534548,2022-01-08 16:23:24,Defective
804301,542638,2023-08-28 01:24:50,defective
804302,512121,2023-01-22 06:48:39,Wrong Item
804303,522821,2022-09-05 02:49:15,WRONG ITEM
804304,508859,2022-09-02 17:58:36,Changed Mind
804305,510268,2022-10-22 16:25:55,WRONG ITEM
804306,501715,2022-03-18 13:21:16,defective
804307,523752,2022-05-15 22:45:14,Changed Mind
804308,532557,2023-07-05 00:10:41,Changed Mind
804309,544485,2023-05-29 19:34:40,nan
804310,509399,2022-09-22 07:08:42,Defective
804311,522675,2023-07-17 08:04:11,defective
804312,537995,2022-07-22 12:07:44,Wrong Item
804313,517518,2023-09-30 15:29:29,nan
804314,541426,2023-05-16 04:47:42,Wrong Item
804315,501389,2024-12-13 17:06:44,Defective
804316,528641,2023-07-29 10:00:55,WRONG ITEM
804317,534187,2023-02-16 17:32:14,Wrong Item
804318,503001,2022-12-11 05:12:33,Changed Mind
804319,523054,2023-11-21 12:59:37,nan
804320,509249,2024-04-19 19:35:31,Changed Mind
804321,543318,2023-03-30 21:27:26,Changed Mind
804322,545294,2022-12-21 08:30:35,Changed Mind
804323,519455,2022-05-11 11:11:36,Changed Mind
804324,503831,2022-05-31 06:48:24,Wrong Item
804325,503249,2024-02-23 06:56:56,nan
804326,524886,2024-04-05 10:04:12,defective
804327,520809,2022-05-07 06:22:01,Wrong Item
804328,502033,2024-08-03 03:16:09,WRONG ITEM
804329,512925,2022-09-18 13:36:08,nan
804330,521396,2022-05-06 18:56:06,Changed Mind
804331,504763,2022-06-13 07:34:36,WRONG ITEM
804332,507514,2024-06-05 06:31:02,Wrong Item
804333,501728,2022-06-29 05:59:54,Wrong Item
804334,519664,2024-09-24 06:41:09,nan
804335,517957,2024-06-05 14:14:35,defective
804336,508791,2024-11-19 19:59:38,nan
804337,546051,2024-02-13 12:37:11,Changed Mind
804338,539387,2022-04-13 10:57:05,nan
804339,536354,2022-11-23 07:10:11,Changed Mind
804340,540087,2022-06-09 16:20:43,Changed Mind
804341,508682,2024-02-21 06:04:06,Defective
804342,538650,2022-03-09 15:17:23,Changed Mind
804343,504293,2022-05-29 23:04:25,WRONG ITEM
804344,523706,2022-12-14 23:16:01,WRONG ITEM
804345,524972,2022-09-27 19:25:01,Wrong Item
804346,517261,2022-06-23 13:59:18,Defective
804347,512734,2023-01-23 20:30:46,Wrong Item
804348,509585,2023-07-19 05:23:29,nan
804349,501408,2023-10-17 16:02:43,nan
804350,507858,2024-09-21 18:04:41,defective
804351,531156,2022-07-26 04:11:13,Defective
804352,534360,2023-09-26 22:22:33,Defective
804353,532960,2023-02-23 11:30:38,Wrong Item
804354,514901,2022-01-07 08:46:45,Changed Mind
804355,534384,2024-09-14 05:58:32,defective
804356,508961,2022-03-24 09:03:27,Wrong Item
804357,522616,2022-11-28 14:24:29,WRONG ITEM
804358,505860,2023-01-30 13:44:42,WRONG ITEM
804359,518228,2024-10-22 13:42:41,WRONG ITEM
804360,528941,2023-05-30 07:01:57,Wrong Item
804361,529085,2024-04-29 02:23:42,Wrong Item
804362,516637,2022-02-08 20:37:22,nan
804363,531606,2023-04-07 23:56:03,Wrong Item
804364,523700,2022-05-09 07:29:19,Changed Mind
804365,526303,2022-07-21 16:00:40,Defective
804366,521176,2022-05-02 11:12:14,Changed Mind
804367,545479,2022-09-04 18:14:12,WRONG ITEM
804368,518743,2022-05-19 03:39:38,nan
804369,526110,2024-04-14 02:24:17,Wrong Item
804370,514274,2023-04-10 12:32:47,defective
804371,525287,2022-04-05 13:34:25,Defective
804372,530758,2022-12-07 14:09:19,Wrong Item
804373,515663,2023-02-06 10:44:55,Changed Mind
804374,505993,2024-02-26 19:38:06,Wrong Item
804375,506849,2022-12-02 07:52:26,defective
804376,518876,2022-04-06 08:30:14,nan
804377,529521,2024-11-16 15:00:53,Defective
804378,517496,2024-10-18 04:41:55,defective
804379,531707,2023-06-22 04:15:53,defective
804380,547234,2022-12-05 21:19:35,Defective
804381,524985,2022-11-20 22:57:58,Changed Mind
804382,517970,2024-11-04 08:29:35,WRONG ITEM
804383,500142,2023-02-04 23:47:44,Wrong Item
804384,543346,2024-09-21 14:41:01,Defective
804385,519348,2023-06-23 08:22:43,defective
804386,520785,2023-04-04 15:12:20,nan
804387,525015,2023-02-08 00:18:11,nan
804388,519312,2022-09-28 09:10:18,defective
804389,517971,2022-02-08 16:28:39,defective
804390,503559,2024-09-22 06:48:19,Wrong Item
804391,501455,2024-04-15 09:23:18,WRONG ITEM
804392,546994,2022-12-04 16:22:44,nan
804393,531678,2023-01-15 12:02:53,defective
804394,503401,2024-09-09 03:22:56,defective
804395,528202,2022-01-20 18:26:41,Changed Mind
804396,509323,2024-11-28 00:53:56,defective
804397,516250,2023-02-18 05:26:45,WRONG ITEM
804398,543545,2023-05-02 09:46:00,nan
804399,521982,2024-07-20 20:39:48,nan
804400,539029,2023-06-20 06:40:58,nan
804401,514507,2024-07-05 07:52:45,defective
804402,506476,2023-12-23 15:31:39,WRONG ITEM
804403,502016,2024-05-10 07:55:06,Wrong Item
804404,536031,2022-06-25 15:26:18,defective
804405,506037,2024-07-01 20:40:13,Wrong Item
804406,511975,2024-02-11 21:12:01,defective
804407,500327,2022-08-03 07:08:20,defective
804408,520634,2024-06-23 14:37:35,Changed Mind
804409,515587,2024-11-25 20:21:13,Wrong Item
804410,520795,2024-05-13 03:21:15,Changed Mind
804411,529600,2024-05-12 00:03:45,Wrong Item
804412,526161,2022-10-13 23:01:38,Changed Mind
804413,513316,2022-01-07 18:56:16,nan
804414,527368,2023-10-03 00:52:01,WRONG ITEM
804415,506757,2022-03-17 13:43:41,Changed Mind
804416,505010,2024-11-17 01:23:59,nan
804417,508627,2022-01-04 01:22:32,Changed Mind
804418,533652,2024-03-24 13:02:43,Wrong Item
804419,541616,2022-03-25 15:03:55,Defective
804420,516850,2024-07-05 19:02:46,Defective
804421,543842,2024-01-02 18:29:56,Changed Mind
804422,526315,2023-10-14 10:38:12,defective
804423,514108,2023-09-04 09:56:36,defective
804424,532040,2023-12-12 00:20:58,Defective
804425,535393,2023-04-24 02:19:53,defective
804426,500419,2022-04-20 01:09:47,Defective
804427,524088,2023-07-04 06:19:33,Wrong Item
804428,547299,2022-02-22 12:47:24,WRONG ITEM
804429,509255,2024-02-23 18:15:58,Changed Mind
804430,512872,2023-04-27 23:37:32,Defective
804431,534507,2022-03-07 07:47:27,WRONG ITEM
804432,546334,2023-06-04 05:01:12,defective
804433,524211,2024-09-22 01:07:11,nan
804434,518786,2024-04-19 07:35:15,Changed Mind
804435,547352,2024-10-08 08:01:58,Changed Mind
804436,524592,2022-08-27 01:13:09,nan
804437,531007,2024-12-04 02:28:35,defective
804438,507540,2022-08-05 08:00:32,defective
804439,524713,2022-01-01 14:57:30,Defective
804440,541330,2023-02-05 10:29:25,Changed Mind
804441,505090,2024-04-25 02:39:39,nan
804442,519593,2022-10-01 00:54:47,nan
804443,518979,2023-09-11 10:42:10,Defective
804444,519128,2023-03-28 10:19:26,WRONG ITEM
804445,514108,2024-10-04 20:41:37,Wrong Item
804446,515913,2023-08-19 09:51:31,nan
804447,533766,2024-06-29 14:12:51,WRONG ITEM
804448,508604,2024-05-22 19:47:40,Changed Mind
804449,538971,2024-11-15 03:24:37,Changed Mind
804450,509941,2023-02-03 08:14:24,defective
804451,532533,2024-11-12 17:00:47,defective
804452,544472,2024-09-18 12:37:53,nan
804453,520312,2022-06-16 03:05:37,Defective
804454,506241,2023-11-15 19:16:59,defective
804455,525969,2023-02-17 17:30:23,Wrong Item
804456,539161,2024-12-20 01:33:10,nan
804457,537089,2022-06-19 20:27:02,Defective
804458,509315,2022-03-26 13:38:02,WRONG ITEM
804459,529869,2022-07-11 17:20:54,defective
804460,515800,2024-04-22 00:59:27,Wrong Item
804461,544714,2023-02-03 18:32:32,defective
804462,549348,2022-10-12 15:26:40,defective
804463,526059,2024-01-04 09:16:45,defective
804464,542739,2022-11-20 14:39:12,Changed Mind
804465,519495,2023-02-11 13:39:38,Defective
804466,528798,2024-04-27 04:46:58,nan
804467,534154,2024-11-01 04:24:03,Defective
804468,519623,2024-02-09 07:14:56,defective
804469,506938,2022-08-03 11:36:06,Changed Mind
804470,506356,2022-12-20 04:05:49,nan
804471,532612,2022-06-18 03:47:12,defective
804472,531630,2024-08-13 20:59:45,WRONG ITEM
804473,517664,2024-06-25 03:51:58,WRONG ITEM
804474,528168,2024-01-17 20:10:12,defective
804475,532614,2023-07-05 05:12:33,Changed Mind
804476,500587,2023-01-09 11:04:20,defective
804477,546522,2023-08-29 09:56:32,Defective
804478,508795,2022-05-24 23:00:11,Defective
804479,531647,2022-05-13 06:59:37,WRONG ITEM
804480,518986,2024-02-26 04:30:39,defective
804481,514074,2023-03-03 16:54:01,Wrong Item
804482,539538,2024-05-12 01:55:59,Defective
804483,526550,2022-04-27 16:55:45,Defective
804484,523445,2023-04-12 19:39:33,nan
804485,535127,2022-04-29 16:00:34,Wrong Item
804486,509314,2024-02-02 07:01:06,WRONG ITEM
804487,517965,2022-12-26 13:59:07,Changed Mind
804488,514747,2022-01-10 11:19:48,Changed Mind
804489,530887,2022-05-05 17:10:23,nan
804490,500097,2022-07-31 01:31:38,Changed Mind
804491,548217,2023-04-22 16:56:31,defective
804492,518482,2023-04-19 19:50:59,nan
804493,546941,2022-01-21 02:29:52,nan
804494,534752,2023-03-15 08:05:49,WRONG ITEM
804495,537493,2022-10-08 11:15:05,nan
804496,506737,2023-07-10 15:59:29,WRONG ITEM
804497,545695,2023-01-25 01:27:02,Wrong Item
804498,540078,2022-03-01 06:37:37,Defective
804499,530533,2023-02-18 21:19:55,defective
804500,506865,2022-04-08 12:43:09,Changed Mind
804501,518744,2024-07-09 19:40:35,defective
804502,500171,2023-03-18 19:02:15,WRONG ITEM
804503,506741,2023-02-07 18:43:53,nan
804504,506106,2023-09-15 07:06:07,Defective
804505,523296,2023-03-19 13:14:30,nan
804506,521239,2023-12-14 05:51:12,Wrong Item
804507,511317,2023-04-02 07:44:38,Changed Mind
804508,507551,2024-08-19 21:30:57,nan
804509,540942,2023-04-18 13:32:56,Wrong Item
804510,502457,2024-04-03 05:01:50,WRONG ITEM
804511,520097,2022-11-10 06:55:40,WRONG ITEM
804512,508851,2022-11-13 09:08:52,Defective
804513,536861,2022-05-15 18:42:35,WRONG ITEM
804514,510593,2024-12-12 01:26:43,Wrong Item
804515,500466,2022-08-23 09:52:57,defective
804516,524564,2024-05-12 22:31:09,defective
804517,531278,2024-06-04 06:37:08,WRONG ITEM
804518,547685,2024-03-27 19:53:15,Changed Mind
804519,504025,2022-07-22 08:14:34,Defective
804520,542123,2024-01-07 07:41:29,Wrong Item
804521,539309,2022-06-14 02:19:26,defective
804522,532825,2022-03-21 22:46:53,WRONG ITEM
804523,538771,2024-10-08 06:18:31,defective
804524,518997,2022-12-12 13:29:19,WRONG ITEM
804525,516524,2024-09-21 22:19:31,Defective
804526,526090,2022-03-01 04:50:08,Changed Mind
804527,536589,2022-11-26 02:55:19,WRONG ITEM
804528,549361,2024-03-14 00:19:12,nan
804529,524394,2023-08-27 05:38:24,defective
804530,535424,2023-08-05 18:52:46,WRONG ITEM
804531,516732,2024-03-15 06:32:49,WRONG ITEM
804532,546475,2023-04-09 04:59:41,Defective
804533,546843,2022-02-01 03:05:56,Defective
804534,536645,2023-06-10 18:57:12,defective
804535,536405,2022-11-06 08:17:43,Changed Mind
804536,509547,2024-03-11 02:30:31,Defective
804537,548708,2024-04-13 12:25:31,defective
804538,538554,2023-12-22 13:42:41,defective
804539,504721,2024-03-14 12:23:40,Wrong Item
804540,544200,2023-02-05 13:44:42,Defective
804541,518010,2023-01-13 13:11:29,WRONG ITEM
804542,502746,2022-01-04 03:22:57,Wrong Item
804543,518559,2024-11-01 18:39:14,Defective
804544,543962,2024-07-06 20:36:10,nan
804545,502888,2024-03-23 17:57:22,nan
804546,529660,2022-02-20 13:42:51,nan
804547,542277,2022-08-29 21:35:53,WRONG ITEM
804548,524717,2022-02-14 04:22:48,nan
804549,513550,2022-06-17 04:55:50,Defective
804550,531472,2022-06-03 13:59:41,Changed Mind
804551,540549,2022-12-16 04:18:36,defective
804552,526750,2023-12-08 15:30:57,Changed Mind
804553,506492,2022-09-14 06:25:57,Wrong Item
804554,541854,2023-04-04 06:54:01,Changed Mind
804555,535571,2023-04-28 01:26:31,Changed Mind
804556,533781,2022-06-25 21:36:50,Wrong Item
804557,538095,2023-04-03 12:09:17,defective
804558,534591,2022-02-20 11:26:53,nan
804559,523135,2024-06-07 15:30:40,Defective
804560,518088,2024-05-12 07:39:44,WRONG ITEM
804561,536345,2023-07-30 22:21:12,nan
804562,526651,2023-09-07 23:52:04,WRONG ITEM
804563,504917,2024-06-07 17:12:21,Wrong Item
804564,535545,2022-04-23 14:08:31,defective
804565,505246,2022-03-30 16:27:58,defective
804566,541070,2024-06-17 13:13:46,Wrong Item
804567,517850,2024-11-07 00:40:54,WRONG ITEM
804568,509397,2022-04-25 22:21:36,Wrong Item
804569,507779,2022-06-27 16:36:32,Changed Mind
804570,531478,2022-07-14 10:03:28,Changed Mind
804571,536923,2024-05-08 04:13:56,Changed Mind
804572,530004,2023-07-28 13:59:19,WRONG ITEM
804573,509807,2024-07-26 12:40:07,defective
804574,502387,2023-03-17 15:07:03,WRONG ITEM
804575,507781,2022-04-08 15:15:58,defective
804576,502350,2024-03-18 19:15:34,Changed Mind
804577,519022,2022-08-11 05:44:44,Defective
804578,508296,2023-07-11 18:13:02,WRONG ITEM
804579,510613,2024-09-11 20:10:27,Defective
804580,533389,2023-03-06 06:26:10,defective
804581,543733,2024-05-28 20:16:47,defective
804582,527035,2024-09-27 19:48:26,Defective
804583,536946,2023-09-15 11:20:29,Defective
804584,525610,2023-12-01 22:17:56,Wrong Item
804585,518297,2022-12-12 16:15:37,Defective
804586,531769,2023-03-18 06:02:27,WRONG ITEM
804587,530059,2023-07-24 08:32:00,nan
804588,502281,2023-07-16 20:01:20,Defective
804589,544499,2022-12-22 13:51:11,Wrong Item
804590,513013,2023-04-13 08:02:24,defective
804591,541184,2024-06-12 05:50:48,Wrong Item
804592,533155,2023-10-05 16:38:54,defective
804593,531560,2022-02-03 19:05:11,Changed Mind
804594,545858,2024-04-02 19:19:56,Defective
804595,503901,2023-07-20 12:42:30,WRONG ITEM
804596,500109,2024-09-30 16:07:08,WRONG ITEM
804597,524093,2023-12-03 21:15:39,WRONG ITEM
804598,539382,2023-05-31 22:40:27,nan
804599,500212,2022-06-11 08:24:22,defective
804600,530821,2024-04-16 01:50:48,defective
804601,535213,2023-10-01 14:51:41,Changed Mind
804602,543858,2023-01-10 08:09:48,WRONG ITEM
804603,534239,2024-12-13 12:51:09,nan
804604,503645,2024-08-03 17:06:28,Changed Mind
804605,544175,2023-09-01 16:03:17,Wrong Item
804606,535279,2022-03-22 03:47:33,Wrong Item
804607,503267,2022-10-13 17:35:03,nan
804608,525937,2022-06-24 01:17:07,Defective
804609,546807,2024-10-28 02:05:18,WRONG ITEM
804610,545123,2023-09-19 14:02:41,Changed Mind
804611,526852,2024-05-26 00:29:26,Changed Mind
804612,508469,2022-07-19 10:03:27,nan
804613,536376,2023-11-10 10:01:56,Defective
804614,540529,2022-05-26 10:01:56,Defective
804615,527449,2023-07-29 21:31:28,defective
804616,525998,2023-06-30 11:35:18,nan
804617,525928,2022-02-22 14:50:14,Defective
804618,520499,2023-06-28 07:00:52,defective
804619,546640,2024-12-13 20:25:27,Defective
804620,506027,2022-04-22 00:36:19,WRONG ITEM
804621,508065,2023-09-10 06:19:49,Defective
804622,547974,2024-06-24 03:09:03,nan
804623,509715,2023-09-12 03:28:26,defective
804624,503416,2024-04-01 21:10:26,Defective
804625,511741,2024-07-08 00:58:30,defective
804626,505509,2024-04-09 02:28:21,Wrong Item
804627,547087,2022-04-23 20:07:54,nan
804628,516679,2023-09-08 01:46:00,Changed Mind
804629,515730,2024-03-11 00:01:32,WRONG ITEM
804630,502952,2022-12-15 23:44:39,Defective
804631,541502,2024-07-18 03:16:10,Defective
804632,512860,2023-06-26 10:50:07,Wrong Item
804633,524744,2023-09-07 20:58:09,defective
804634,537917,2022-04-26 11:34:40,Defective
804635,540019,2022-11-04 12:14:52,Wrong Item
804636,532794,2022-04-25 01:41:04,defective
804637,536818,2024-12-19 09:52:22,defective
804638,502949,2022-12-09 14:46:34,Defective
804639,530312,2023-09-22 04:09:49,WRONG ITEM
804640,531641,2024-12-24 12:59:44,nan
804641,549840,2024-07-27 23:02:06,defective
804642,518767,2023-04-04 12:33:14,Changed Mind
804643,540510,2022-08-29 10:36:38,WRONG ITEM
804644,529611,2022-06-15 12:59:16,defective
804645,500022,2024-01-07 02:34:40,WRONG ITEM
804646,516146,2023-10-10 23:10:52,nan
804647,506514,2022-06-13 02:34:01,Changed Mind
804648,542952,2024-03-17 09:41:59,Defective
804649,516299,2024-04-27 06:29:43,Wrong Item
804650,513727,2022-11-02 23:39:05,Changed Mind
804651,506617,2024-06-23 03:59:09,Defective
804652,504549,2024-09-08 17:54:39,Defective
804653,536120,2023-11-26 20:36:46,Wrong Item
804654,526267,2023-12-01 02:00:30,defective
804655,513157,2024-10-29 11:30:54,Wrong Item
804656,508586,2022-09-15 23:20:28,nan
804657,509775,2024-06-30 20:40:06,Changed Mind
804658,520615,2023-10-27 09:09:18,WRONG ITEM
804659,549392,2023-02-22 17:05:01,Defective
804660,541286,2023-08-07 14:29:22,Changed Mind
804661,524884,2023-01-17 01:57:46,WRONG ITEM
804662,542234,2023-09-21 20:37:42,defective
804663,539945,2022-04-07 21:34:47,WRONG ITEM
804664,511717,2023-12-20 13:03:59,Defective
804665,516281,2024-04-26 13:24:06,Changed Mind
804666,546789,2023-09-01 01:49:01,Changed Mind
804667,506758,2023-05-30 05:13:13,WRONG ITEM
804668,544147,2022-10-04 16:31:56,Wrong Item
804669,514088,2024-08-18 01:24:42,Wrong Item
804670,549078,2023-01-17 03:33:05,Defective
804671,529011,2023-07-26 16:32:32,WRONG ITEM
804672,514934,2023-09-23 09:50:42,Changed Mind
804673,538181,2024-04-28 05:59:38,WRONG ITEM
804674,505783,2023-11-10 19:07:35,Defective
804675,520310,2024-03-10 00:37:49,nan
804676,534313,2024-03-27 22:40:19,Wrong Item
804677,515776,2023-08-12 20:08:48,defective
804678,501853,2024-10-23 19:32:33,Defective
804679,502650,2023-04-04 19:07:59,Defective
804680,501090,2023-10-12 07:58:37,nan
804681,539149,2022-09-19 04:23:27,Changed Mind
804682,534666,2023-01-31 06:06:01,WRONG ITEM
804683,509496,2023-12-11 13:38:52,WRONG ITEM
804684,527640,2022-04-16 19:06:38,Wrong Item
804685,536335,2024-05-30 03:00:38,Changed Mind
804686,535928,2023-06-07 03:21:25,WRONG ITEM
804687,535417,2024-04-18 09:45:58,Defective
804688,510229,2024-02-18 14:57:49,Defective
804689,530510,2022-09-12 14:57:01,Wrong Item
804690,547097,2022-09-29 23:01:48,nan
804691,521977,2023-02-23 06:51:44,Wrong Item
804692,531104,2024-07-05 02:36:40,Wrong Item
804693,504323,2023-06-12 05:11:06,Defective
804694,520795,2023-11-20 10:14:49,Wrong Item
804695,534091,2023-04-23 10:28:09,nan
804696,512684,2022-05-27 14:39:12,Wrong Item
804697,528645,2023-12-04 23:44:41,Changed Mind
804698,539900,2024-10-19 10:11:06,defective
804699,545513,2022-10-21 14:37:20,Changed Mind
804700,534488,2022-08-05 06:01:45,Defective
804701,510533,2024-07-29 20:20:13,Changed Mind
804702,546520,2023-09-29 07:47:48,Wrong Item
804703,533634,2022-02-05 05:17:19,Changed Mind
804704,528110,2023-04-02 04:10:11,nan
804705,519864,2022-02-23 07:37:03,Defective
804706,549006,2024-06-27 15:34:48,WRONG ITEM
804707,518330,2023-12-23 23:46:57,Wrong Item
804708,528453,2023-10-17 23:24:09,WRONG ITEM
804709,526055,2023-04-25 03:14:36,WRONG ITEM
804710,534710,2023-05-11 01:03:05,Wrong Item
804711,511763,2024-06-03 16:30:42,Wrong Item
804712,533406,2023-01-13 05:54:02,WRONG ITEM
804713,505470,2024-10-25 17:02:21,Changed Mind
804714,538369,2022-09-17 09:49:08,defective
804715,549827,2022-02-16 11:04:22,Defective
804716,517439,2023-03-26 15:59:07,nan
804717,530606,2023-07-20 14:35:49,WRONG ITEM
804718,509328,2022-12-16 16:26:41,nan
804719,508972,2023-04-10 05:50:57,Changed Mind
804720,520082,2023-11-06 08:22:51,WRONG ITEM
804721,529341,2023-09-16 21:55:59,WRONG ITEM
804722,535246,2022-10-03 07:17:59,Wrong Item
804723,533825,2023-10-28 19:51:14,defective
804724,502513,2023-08-05 19:42:50,nan
804725,549561,2022-02-07 18:34:31,Wrong Item
804726,512792,2023-07-01 06:15:59,nan
804727,503162,2024-10-21 03:34:49,WRONG ITEM
804728,548305,2024-08-09 15:54:51,Wrong Item
804729,544363,2023-09-21 13:03:08,Defective
804730,539331,2024-04-07 17:31:50,WRONG ITEM
804731,520849,2024-08-12 18:48:37,Defective
804732,530502,2022-03-19 07:07:42,Changed Mind
804733,506152,2024-09-16 06:12:37,Changed Mind
804734,525946,2022-09-29 21:15:26,Changed Mind
804735,525167,2022-07-25 13:24:19,nan
804736,544089,2024-02-23 23:55:45,Wrong Item
804737,540715,2023-08-19 09:02:12,Wrong Item
804738,524999,2024-09-14 12:46:22,WRONG ITEM
804739,540583,2022-05-16 02:16:22,nan
804740,501126,2024-03-05 04:01:03,nan
804741,528081,2023-11-03 19:38:16,Changed Mind
804742,519149,2022-03-30 23:45:46,WRONG ITEM
804743,537589,2024-09-02 22:55:06,WRONG ITEM
804744,530728,2024-06-09 02:39:14,Wrong Item
804745,513776,2023-10-31 23:25:57,nan
804746,526140,2024-01-21 06:38:57,Defective
804747,510846,2024-03-04 06:27:42,defective
804748,548815,2022-12-23 07:28:26,nan
804749,528180,2024-01-26 08:28:30,Defective
804750,517333,2024-06-16 22:36:36,WRONG ITEM
804751,531011,2022-04-15 10:05:23,Changed Mind
804752,536624,2022-11-28 11:17:43,WRONG ITEM
804753,510921,2023-12-26 18:26:48,defective
804754,531656,2022-07-06 13:51:00,Changed Mind
804755,517264,2023-12-17 18:56:30,nan
804756,509138,2024-11-28 03:26:50,WRONG ITEM
804757,507542,2024-11-27 18:29:10,Wrong Item
804758,514055,2024-04-07 08:29:00,Wrong Item
804759,511359,2022-07-03 07:33:13,Changed Mind
804760,544162,2023-08-09 17:34:15,Defective
804761,508170,2023-05-17 17:51:39,nan
804762,519487,2022-09-24 20:55:47,defective
804763,534303,2023-10-20 08:13:24,Wrong Item
804764,539305,2024-10-12 19:14:32,nan
804765,523431,2024-02-25 19:45:11,defective
804766,534616,2024-11-20 13:02:30,Defective
804767,524413,2023-08-28 23:50:41,Changed Mind
804768,528520,2023-09-03 18:17:52,WRONG ITEM
804769,527038,2024-07-22 00:02:28,WRONG ITEM
804770,544365,2023-11-23 07:36:41,defective
804771,520776,2023-10-02 06:09:29,WRONG ITEM
804772,523408,2022-03-01 11:47:14,defective
804773,523411,2023-09-22 20:35:43,nan
804774,530968,2023-09-03 18:56:44,nan
804775,530214,2022-02-20 20:25:34,Defective
804776,503373,2022-02-18 13:39:13,Wrong Item
804777,513903,2024-09-28 14:42:50,WRONG ITEM
804778,513659,2023-07-16 00:47:11,Defective
804779,538305,2023-05-06 22:13:08,Defective
804780,549795,2024-09-25 05:59:40,WRONG ITEM
804781,545381,2024-10-09 00:12:33,Wrong Item
804782,534875,2022-02-13 12:00:10,Wrong Item
804783,506087,2024-07-03 06:17:55,nan
804784,531970,2022-04-07 11:16:34,Wrong Item
804785,508855,2022-07-12 17:27:18,nan
804786,509637,2022-08-03 14:28:23,defective
804787,517659,2022-07-09 00:34:17,WRONG ITEM
804788,522758,2023-04-14 14:38:43,WRONG ITEM
804789,526702,2022-06-06 08:09:43,WRONG ITEM
804790,520263,2024-06-28 06:21:20,WRONG ITEM
804791,530176,2024-08-08 21:57:06,WRONG ITEM
804792,535580,2024-05-26 18:36:09,Wrong Item
804793,539292,2023-01-18 07:00:04,WRONG ITEM
804794,506391,2022-10-07 01:21:22,Defective
804795,511011,2022-08-11 17:59:15,nan
804796,500631,2022-06-09 02:28:30,Changed Mind
804797,531468,2024-05-08 11:50:12,WRONG ITEM
804798,517270,2022-09-25 01:47:42,Wrong Item
804799,525241,2023-01-13 20:41:22,Wrong Item
804800,512264,2024-03-08 05:10:00,defective
804801,537527,2024-11-09 19:01:58,defective
804802,543294,2023-04-02 06:24:26,Wrong Item
804803,510264,2023-05-05 10:15:41,nan
804804,526152,2024-02-13 22:38:14,Changed Mind
804805,544300,2024-06-21 05:49:33,nan
804806,521279,2024-08-14 14:56:24,Changed Mind
804807,527922,2024-02-24 07:08:43,WRONG ITEM
804808,541769,2023-03-22 03:26:47,defective
804809,530324,2023-02-11 05:22:28,Changed Mind
804810,503121,2022-10-26 00:41:32,defective
804811,549573,2022-11-08 15:12:02,nan
804812,505068,2022-08-21 23:08:22,nan
804813,538731,2024-09-19 17:03:00,Wrong Item
804814,536738,2023-06-02 13:39:47,defective
804815,500012,2023-12-09 18:07:55,Wrong Item
804816,501314,2024-12-20 07:12:08,defective
804817,523858,2022-01-02 12:51:00,Defective
804818,531601,2022-09-08 04:16:46,WRONG ITEM
804819,530865,2024-06-27 09:21:31,Wrong Item
804820,549711,2022-09-07 10:32:08,WRONG ITEM
804821,542260,2022-11-08 21:50:38,WRONG ITEM
804822,511546,2022-11-09 17:38:37,WRONG ITEM
804823,512960,2023-06-12 20:08:52,Wrong Item
804824,544033,2022-11-14 07:36:39,Defective
804825,545094,2024-09-15 13:17:46,nan
804826,544890,2023-09-01 05:44:43,WRONG ITEM
804827,522849,2024-04-14 05:08:49,nan
804828,507440,2022-05-16 03:28:11,Defective
804829,524065,2023-09-12 09:15:12,Changed Mind
804830,523262,2022-01-17 14:24:42,WRONG ITEM
804831,529265,2024-08-22 02:14:21,nan
804832,504525,2024-12-23 16:16:15,Wrong Item
804833,523215,2023-04-17 17:44:37,Changed Mind
804834,505285,2022-11-06 14:11:32,Wrong Item
804835,515527,2023-05-27 05:01:54,defective
804836,545682,2023-10-05 18:22:03,nan
804837,529248,2022-03-23 23:36:02,WRONG ITEM
804838,527486,2024-07-24 06:14:39,defective
804839,512852,2022-10-04 06:25:44,defective
804840,547123,2023-06-03 00:02:26,Defective
804841,540731,2023-07-06 15:44:34,Wrong Item
804842,506883,2023-08-01 12:53:07,Defective
804843,549028,2024-05-08 16:54:25,Changed Mind
804844,510380,2024-09-09 13:23:15,nan
804845,530405,2022-04-03 01:20:16,WRONG ITEM
804846,525097,2024-12-18 01:41:51,defective
804847,543855,2023-09-07 22:28:39,defective
804848,511749,2024-03-19 02:35:13,defective
804849,508308,2023-04-12 02:19:34,WRONG ITEM
804850,519798,2022-07-27 08:42:24,Changed Mind
804851,531870,2022-04-27 06:08:13,Wrong Item
804852,503829,2024-10-11 14:23:36,defective
804853,515445,2023-06-15 09:41:16,defective
804854,546657,2023-12-14 02:03:39,defective
804855,531305,2024-03-10 13:04:13,WRONG ITEM
804856,537268,2022-01-07 17:02:28,Changed Mind
804857,501742,2024-08-10 02:52:59,Changed Mind
804858,526584,2024-09-22 20:32:15,WRONG ITEM
804859,533645,2022-10-22 11:08:12,Changed Mind
804860,508901,2024-07-12 08:47:58,nan
804861,548345,2023-10-14 17:29:56,Wrong Item
804862,519463,2024-08-30 11:21:49,nan
804863,504932,2024-09-11 23:04:36,WRONG ITEM
804864,501391,2024-05-14 23:39:21,nan
804865,502362,2023-09-24 11:47:15,defective
804866,504169,2023-10-08 17:13:22,Wrong Item
804867,517048,2023-05-03 20:01:04,defective
804868,543077,2024-09-03 03:08:39,defective
804869,533256,2024-12-22 15:30:57,nan
804870,539421,2024-04-27 04:48:46,Defective
804871,509176,2024-07-16 16:05:08,Wrong Item
804872,543718,2022-04-28 00:30:20,defective
804873,516755,2023-08-21 09:57:13,Wrong Item
804874,539218,2024-12-02 03:05:05,Defective
804875,508225,2022-02-28 12:31:36,Changed Mind
804876,522928,2024-01-10 03:50:20,nan
804877,505568,2023-04-07 15:11:43,Changed Mind
804878,516920,2023-09-16 09:15:30,defective
804879,502482,2024-03-05 20:54:24,Defective
804880,524412,2024-06-27 12:44:39,WRONG ITEM
804881,541897,2023-12-17 18:45:36,Changed Mind
804882,501719,2023-08-15 16:30:59,nan
804883,510448,2024-09-12 11:51:28,Defective
804884,538997,2023-05-26 00:15:21,Defective
804885,534723,2024-09-09 12:43:46,defective
804886,549394,2022-04-03 03:46:15,Defective
804887,523637,2024-09-07 09:25:37,Wrong Item
804888,517736,2023-11-20 13:11:11,defective
804889,524375,2023-09-21 03:17:53,Wrong Item
804890,536963,2024-06-22 19:48:36,defective
804891,523647,2023-02-10 19:35:56,Changed Mind
804892,508376,2024-02-14 01:44:44,Defective
804893,511785,2022-12-02 03:25:31,WRONG ITEM
804894,538202,2023-06-13 04:59:00,defective
804895,538359,2023-04-06 13:57:12,nan
804896,510769,2023-08-17 15:25:32,Changed Mind
804897,500366,2023-04-06 00:52:30,defective
804898,500386,2022-12-26 01:53:18,Changed Mind
804899,524230,2022-04-03 09:56:53,Defective
804900,548917,2023-05-28 06:17:22,defective
804901,501424,2024-02-17 08:39:23,Changed Mind
804902,536938,2023-06-04 14:01:51,WRONG ITEM
804903,535852,2023-03-26 01:48:19,Defective
804904,522105,2022-08-14 23:49:24,Wrong Item
804905,507228,2022-10-01 22:58:09,nan
804906,525779,2024-11-13 13:41:48,WRONG ITEM
804907,526181,2022-03-29 12:21:36,Changed Mind
804908,525790,2024-11-20 15:24:09,Wrong Item
804909,537648,2022-12-17 11:05:17,Wrong Item
804910,508368,2024-01-24 19:20:14,Wrong Item
804911,548891,2022-08-04 17:19:24,Defective
804912,505074,2022-09-04 18:07:50,Wrong Item
804913,512344,2023-03-22 15:03:06,Changed Mind
804914,513780,2022-01-23 07:43:13,Wrong Item
804915,512945,2024-08-27 10:54:55,WRONG ITEM
804916,547503,2022-06-28 02:34:35,nan
804917,534211,2022-12-07 14:50:50,Changed Mind
804918,529987,2023-10-20 21:29:05,Wrong Item
804919,549877,2022-09-26 07:42:22,Wrong Item
804920,503805,2023-09-26 09:06:05,Changed Mind
804921,547873,2023-07-06 23:32:38,Wrong Item
804922,531023,2022-07-18 04:24:26,defective
804923,540952,2024-08-25 18:13:52,defective
804924,506091,2022-05-17 17:58:11,WRONG ITEM
804925,521863,2023-10-24 04:53:56,WRONG ITEM
804926,533883,2022-10-01 04:18:00,defective
804927,549537,2022-05-28 17:19:35,defective
804928,518454,2022-05-21 04:21:39,Changed Mind
804929,538225,2023-11-20 07:41:53,Wrong Item
804930,532804,2024-04-05 17:07:34,defective
804931,528445,2022-03-26 13:58:01,WRONG ITEM
804932,535350,2022-09-30 06:02:47,Wrong Item
804933,500105,2023-01-27 09:23:02,nan
804934,508360,2023-07-04 04:19:08,defective
804935,526124,2022-07-19 02:15:54,Wrong Item
804936,503210,2022-01-17 11:12:05,Changed Mind
804937,500439,2023-08-10 18:04:55,defective
804938,547193,2024-06-18 06:19:29,Changed Mind
804939,532921,2023-06-09 02:34:34,nan
804940,504472,2022-12-23 07:08:22,Defective
804941,519021,2023-09-05 10:28:03,Wrong Item
804942,522334,2022-06-02 14:56:35,Defective
804943,522528,2022-05-30 12:06:59,defective
804944,514126,2022-02-10 08:06:01,Changed Mind
804945,544799,2023-07-12 03:46:33,WRONG ITEM
804946,527435,2024-10-16 22:28:35,Changed Mind
804947,505376,2024-03-18 02:51:12,defective
804948,528026,2023-10-21 20:51:12,defective
804949,528917,2022-11-07 17:11:19,defective
804950,533963,2022-01-06 00:22:23,defective
804951,542320,2023-04-20 14:47:14,nan
804952,512119,2022-02-12 18:30:10,nan
804953,503124,2023-05-22 11:31:33,Changed Mind
804954,548834,2024-06-09 07:04:51,WRONG ITEM
804955,514986,2024-06-23 13:50:59,Defective
804956,524545,2023-04-06 03:52:08,Wrong Item
804957,536299,2023-11-08 06:30:38,Defective
804958,530895,2024-05-20 18:25:58,defective
804959,545280,2024-04-11 20:07:23,Changed Mind
804960,524692,2024-01-22 11:08:43,defective
804961,508184,2024-07-13 20:31:23,Wrong Item
804962,532691,2023-05-18 14:29:09,Changed Mind
804963,520447,2024-04-12 15:02:49,Defective
804964,538346,2022-08-06 08:26:06,Changed Mind
804965,500641,2024-10-17 18:26:25,Wrong Item
804966,531886,2024-12-08 05:27:45,Wrong Item
804967,520151,2024-12-19 01:03:38,WRONG ITEM
804968,528366,2023-10-19 06:33:56,defective
804969,542898,2024-03-23 05:39:32,WRONG ITEM
804970,526726,2023-02-09 18:51:21,Defective
804971,526483,2022-11-15 08:18:24,Changed Mind
804972,506503,2022-02-09 23:50:21,Defective
804973,532076,2024-10-18 17:59:46,Wrong Item
804974,533783,2024-04-05 08:49:56,Wrong Item
804975,515683,2022-03-21 00:45:19,defective
804976,546860,2023-06-18 11:50:07,Changed Mind
804977,508793,2022-09-07 11:35:57,WRONG ITEM
804978,540418,2023-07-14 13:00:14,WRONG ITEM
804979,507875,2022-12-17 02:08:32,WRONG ITEM
804980,512336,2023-12-19 13:29:10,Defective
804981,549442,2022-11-24 21:10:40,defective
804982,533251,2024-10-21 15:48:01,nan
804983,545103,2024-10-20 00:52:13,nan
804984,508179,2022-09-27 21:45:14,defective
804985,538225,2024-04-02 12:19:08,Changed Mind
804986,515825,2023-10-23 08:38:06,Changed Mind
804987,528463,2023-10-19 02:12:22,Changed Mind
804988,503568,2023-01-25 03:38:53,defective
804989,518958,2022-01-25 10:04:27,WRONG ITEM
804990,501591,2023-11-29 15:22:18,Defective
804991,539803,2024-02-13 06:11:37,defective
804992,510296,2023-02-14 00:15:06,defective
804993,531403,2023-06-09 08:27:30,Changed Mind
804994,509023,2024-11-07 08:06:26,Wrong Item
804995,508077,2022-02-16 22:55:15,WRONG ITEM
804996,507099,2023-11-05 23:09:53,defective
804997,538066,2024-06-14 23:06:58,nan
804998,533358,2022-04-26 18:54:16,nan
804999,504396,2023-01-15 21:07:06,WRONG ITEM
805000,539558,2023-09-23 12:11:15,WRONG ITEM
